split_mode,split,sample_id,group_id,ar,harp_id,partition,prediction_start,duration_hours,event
official,train,1__event_anchor_000,1,ar1,1,1,2010-05-01 03:48:00,252.4,0
official,train,10__event_anchor_000,10,ar10,10,1,2010-05-03 03:00:00,114.6,0
official,train,100__event_anchor_000,100,ar100,100,1,2010-07-24 04:24:00,40.8,0
official,train,1001__event_anchor_000,1001,ar1001,1001,1,2011-10-22 21:48:00,80.8,0
official,train,1005__event_anchor_000,1005,ar1005,1005,1,2011-10-24 03:24:00,279.0,0
official,train,1006__event_anchor_000,1006,ar1006,1006,1,2011-10-24 16:48:00,150.6,0
official,train,1007__event_anchor_000,1007,ar1007,1007,1,2011-10-24 19:00:00,17.4,0
official,train,1008__event_anchor_000,1008,ar1008,1008,1,2011-10-26 06:48:00,8.4,0
official,train,1009__event_anchor_000,1009,ar1009,1009,1,2011-10-26 07:36:00,5.8,0
official,train,101__event_anchor_000,101,ar101,101,1,2010-07-24 16:24:00,48.4,0
official,train,1010__event_anchor_000,1010,ar1010,1010,1,2011-10-26 11:48:00,82.2,0
official,train,1012__event_anchor_000,1012,ar1012,1012,1,2011-10-27 04:24:00,161.0,0
official,train,1015__event_anchor_000,1015,ar1015,1015,1,2011-10-27 11:48:00,202.4,0
official,train,1016__event_anchor_000,1016,ar1016,1016,1,2011-10-28 09:36:00,216.4,0
official,train,1018__event_anchor_000,1018,ar1018,1018,1,2011-10-29 10:24:00,20.8,0
official,train,1019__event_anchor_000,1019,ar1019,1019,1,2011-10-29 16:12:00,46.71666666666667,1
official,train,1019__event_anchor_001,1019,ar1019,1019,1,2011-10-31 18:48:00,241.4,0
official,train,1021__event_anchor_000,1021,ar1021,1021,1,2011-10-30 03:00:00,213.4,0
official,train,1023__event_anchor_000,1023,ar1023,1023,1,2011-10-30 20:12:00,12.0,0
official,train,1024__event_anchor_000,1024,ar1024,1024,1,2011-10-31 09:36:00,125.0,0
official,train,1026__event_anchor_000,1026,ar1026,1026,1,2011-10-31 20:00:00,361.6,0
official,train,1027__event_anchor_000,1027,ar1027,1027,1,2011-11-01 05:12:00,152.4,0
official,train,1028__event_anchor_000,1028,ar1028,1028,1,2011-11-01 06:36:00,39.266666666666666,1
official,train,1028__event_anchor_001,1028,ar1028,1028,1,2011-11-03 01:48:00,9.166666666666666,1
official,train,1028__event_anchor_002,1028,ar1028,1028,1,2011-11-03 14:48:00,5.466666666666667,1
official,train,1028__event_anchor_003,1028,ar1028,1028,1,2011-11-04 00:12:00,20.316666666666666,1
official,train,1028__event_anchor_004,1028,ar1028,1028,1,2011-11-05 00:24:00,2.7333333333333334,1
official,train,1028__event_anchor_005,1028,ar1028,1028,1,2011-11-05 07:00:00,4.166666666666667,1
official,train,1028__event_anchor_006,1028,ar1028,1028,1,2011-11-05 15:00:00,5.516666666666667,1
official,train,1028__event_anchor_007,1028,ar1028,1028,1,2011-11-06 00:24:00,0.36666666666666664,1
official,train,1028__event_anchor_008,1028,ar1028,1028,1,2011-11-06 04:36:00,1.6333333333333333,1
official,train,1028__event_anchor_009,1028,ar1028,1028,1,2011-11-06 10:12:00,214.85,1
official,train,1028__event_anchor_010,1028,ar1028,1028,1,2011-11-15 13:00:00,9.45,1
official,train,1028__event_anchor_011,1028,ar1028,1028,1,2011-11-16 02:24:00,14.6,0
official,train,1029__event_anchor_000,1029,ar1029,1029,1,2011-11-01 07:00:00,63.8,0
official,train,1030__event_anchor_000,1030,ar1030,1030,1,2011-11-01 11:12:00,28.2,0
official,train,1035__event_anchor_000,1035,ar1035,1035,1,2011-11-02 21:12:00,78.4,0
official,train,1036__event_anchor_000,1036,ar1036,1036,1,2011-11-03 00:12:00,68.8,0
official,train,1038__event_anchor_000,1038,ar1038,1038,1,2011-11-04 09:00:00,310.0,0
official,train,1039__event_anchor_000,1039,ar1039,1039,1,2011-11-04 11:00:00,8.2,0
official,train,104__event_anchor_000,104,ar104,104,1,2010-07-27 23:24:00,317.0,0
official,train,1041__event_anchor_000,1041,ar1041,1041,1,2011-11-05 04:00:00,105.06666666666666,1
official,train,1041__event_anchor_001,1041,ar1041,1041,1,2011-11-09 17:00:00,218.4,0
official,train,1043__event_anchor_000,1043,ar1043,1043,1,2011-11-05 09:12:00,52.4,0
official,train,1045__event_anchor_000,1045,ar1045,1045,1,2011-11-05 20:24:00,12.8,0
official,train,1046__event_anchor_000,1046,ar1046,1046,1,2011-11-06 03:00:00,329.6,0
official,train,1048__event_anchor_000,1048,ar1048,1048,1,2011-11-07 01:48:00,212.8,0
official,train,105__event_anchor_000,105,ar105,105,1,2010-07-28 02:00:00,157.6,0
official,train,1052__event_anchor_000,1052,ar1052,1052,1,2011-11-08 05:12:00,45.2,0
official,train,1055__event_anchor_000,1055,ar1055,1055,1,2011-11-09 01:00:00,22.2,0
official,train,1060__event_anchor_000,1060,ar1060,1060,1,2011-11-10 01:48:00,13.0,0
official,train,1062__event_anchor_000,1062,ar1062,1062,1,2011-11-10 09:12:00,209.4,0
official,train,1063__event_anchor_000,1063,ar1063,1063,1,2011-11-10 13:00:00,173.4,0
official,train,1064__event_anchor_000,1064,ar1064,1064,1,2011-11-11 12:36:00,207.6,0
official,train,1066__event_anchor_000,1066,ar1066,1066,1,2011-11-11 17:00:00,91.5,1
official,train,1066__event_anchor_001,1066,ar1066,1066,1,2011-11-15 16:24:00,202.6,0
official,train,1069__event_anchor_000,1069,ar1069,1069,1,2011-11-12 02:12:00,40.2,0
official,train,107__event_anchor_000,107,ar107,107,1,2010-07-28 16:24:00,243.6,0
official,train,1071__event_anchor_000,1071,ar1071,1071,1,2011-11-12 11:00:00,68.6,0
official,train,1072__event_anchor_000,1072,ar1072,1072,1,2011-11-12 11:24:00,193.4,0
official,train,1075__event_anchor_000,1075,ar1075,1075,1,2011-11-12 20:36:00,189.6,0
official,train,1076__event_anchor_000,1076,ar1076,1076,1,2011-11-13 02:00:00,44.6,0
official,train,1078__event_anchor_000,1078,ar1078,1078,1,2011-11-13 14:36:00,162.0,0
official,train,1079__event_anchor_000,1079,ar1079,1079,1,2011-11-13 17:24:00,275.4,0
official,train,1080__event_anchor_000,1080,ar1080,1080,1,2011-11-14 08:00:00,288.6,0
official,train,1082__event_anchor_000,1082,ar1082,1082,1,2011-11-14 16:00:00,209.4,0
official,train,1085__event_anchor_000,1085,ar1085,1085,1,2011-11-15 10:48:00,74.4,0
official,train,1088__event_anchor_000,1088,ar1088,1088,1,2011-11-15 15:00:00,126.8,0
official,train,1089__event_anchor_000,1089,ar1089,1089,1,2011-11-15 15:48:00,310.2,0
official,train,1090__event_anchor_000,1090,ar1090,1090,1,2011-11-16 08:00:00,275.0,0
official,train,1092__event_anchor_000,1092,ar1092,1092,1,2011-11-17 01:12:00,288.6,0
official,train,1093__event_anchor_000,1093,ar1093,1093,1,2011-11-17 02:36:00,369.2,0
official,train,1094__event_anchor_000,1094,ar1094,1094,1,2011-11-17 05:36:00,1.4,0
official,train,11__event_anchor_000,11,ar11,11,1,2010-05-03 08:24:00,74.2,0
official,train,1101__event_anchor_000,1101,ar1101,1101,1,2011-11-18 14:48:00,42.2,0
official,train,1108__event_anchor_000,1108,ar1108,1108,1,2011-11-20 01:48:00,23.6,0
official,train,1109__event_anchor_000,1109,ar1109,1109,1,2011-11-20 10:24:00,44.4,0
official,train,1113__event_anchor_000,1113,ar1113,1113,1,2011-11-22 14:12:00,307.4,0
official,train,1115__event_anchor_000,1115,ar1115,1115,1,2011-11-23 02:12:00,12.4,0
official,train,1118__event_anchor_000,1118,ar1118,1118,1,2011-11-25 14:24:00,39.4,0
official,train,1119__event_anchor_000,1119,ar1119,1119,1,2011-11-26 09:12:00,258.2,0
official,train,1120__event_anchor_000,1120,ar1120,1120,1,2011-11-27 09:48:00,294.0,0
official,train,1122__event_anchor_000,1122,ar1122,1122,1,2011-11-28 16:24:00,255.8,0
official,train,1124__event_anchor_000,1124,ar1124,1124,1,2011-11-28 20:12:00,322.8,0
official,train,1126__event_anchor_000,1126,ar1126,1126,1,2011-11-29 03:36:00,392.2,0
official,train,113__event_anchor_000,113,ar113,113,1,2010-08-02 12:24:00,43.6,0
official,train,1133__event_anchor_000,1133,ar1133,1133,1,2011-12-01 08:00:00,201.6,0
official,train,1136__event_anchor_000,1136,ar1136,1136,1,2011-12-01 16:36:00,17.4,0
official,train,114__event_anchor_000,114,ar114,114,1,2010-08-03 09:36:00,246.2,0
official,train,1144__event_anchor_000,1144,ar1144,1144,1,2011-12-03 01:12:00,0.4,0
official,train,1148__event_anchor_000,1148,ar1148,1148,1,2011-12-03 14:12:00,146.4,0
official,train,1149__event_anchor_000,1149,ar1149,1149,1,2011-12-03 17:48:00,252.0,0
official,train,115__event_anchor_000,115,ar115,115,1,2010-08-03 14:24:00,99.51666666666667,1
official,train,115__event_anchor_001,115,ar115,115,1,2010-08-07 21:48:00,223.8,0
official,train,1152__event_anchor_000,1152,ar1152,1152,1,2011-12-04 02:00:00,29.8,0
official,train,116__event_anchor_000,116,ar116,116,1,2010-08-03 16:36:00,249.6,0
official,train,1164__event_anchor_000,1164,ar1164,1164,1,2011-12-05 06:24:00,167.0,0
official,train,1165__event_anchor_000,1165,ar1165,1165,1,2011-12-05 21:24:00,156.2,0
official,train,1168__event_anchor_000,1168,ar1168,1168,1,2011-12-07 14:36:00,318.0,0
official,train,1169__event_anchor_000,1169,ar1169,1169,1,2011-12-07 16:36:00,197.0,0
official,train,1170__event_anchor_000,1170,ar1170,1170,1,2011-12-07 20:00:00,60.4,0
official,train,1171__event_anchor_000,1171,ar1171,1171,1,2011-12-07 20:36:00,282.8,0
official,train,1175__event_anchor_000,1175,ar1175,1175,1,2011-12-08 15:48:00,91.2,0
official,train,1176__event_anchor_000,1176,ar1176,1176,1,2011-12-09 08:36:00,160.6,0
official,train,1177__event_anchor_000,1177,ar1177,1177,1,2011-12-09 14:48:00,92.6,0
official,train,1178__event_anchor_000,1178,ar1178,1178,1,2011-12-09 15:36:00,95.8,0
official,train,1179__event_anchor_000,1179,ar1179,1179,1,2011-12-09 16:48:00,79.0,0
official,train,1180__event_anchor_000,1180,ar1180,1180,1,2011-12-09 22:48:00,101.4,0
official,train,1181__event_anchor_000,1181,ar1181,1181,1,2011-12-11 05:48:00,27.0,0
official,train,1183__event_anchor_000,1183,ar1183,1183,1,2011-12-11 12:12:00,311.6,0
official,train,1184__event_anchor_000,1184,ar1184,1184,1,2011-12-11 15:12:00,216.6,0
official,train,1186__event_anchor_000,1186,ar1186,1186,1,2011-12-12 08:48:00,219.2,0
official,train,1187__event_anchor_000,1187,ar1187,1187,1,2011-12-12 16:48:00,30.6,0
official,train,1188__event_anchor_000,1188,ar1188,1188,1,2011-12-12 17:00:00,52.6,0
official,train,1197__event_anchor_000,1197,ar1197,1197,1,2011-12-14 15:48:00,57.8,0
official,train,1199__event_anchor_000,1199,ar1199,1199,1,2011-12-14 20:48:00,102.2,0
official,train,12__event_anchor_000,12,ar12,12,1,2010-05-03 09:00:00,243.0,0
official,train,1201__event_anchor_000,1201,ar1201,1201,1,2011-12-15 17:24:00,211.6,0
official,train,1204__event_anchor_000,1204,ar1204,1204,1,2011-12-15 21:36:00,186.2,0
official,train,1205__event_anchor_000,1205,ar1205,1205,1,2011-12-15 22:24:00,69.6,0
official,train,1206__event_anchor_000,1206,ar1206,1206,1,2011-12-16 10:48:00,224.8,0
official,train,1209__event_anchor_000,1209,ar1209,1209,1,2011-12-17 00:12:00,209.98333333333332,1
official,train,1209__event_anchor_001,1209,ar1209,1209,1,2011-12-25 22:00:00,4.216666666666667,1
official,train,1209__event_anchor_002,1209,ar1209,1209,1,2011-12-26 06:12:00,14.0,1
official,train,1209__event_anchor_003,1209,ar1209,1209,1,2011-12-27 00:00:00,85.8,0
official,train,1210__event_anchor_000,1210,ar1210,1210,1,2011-12-17 04:12:00,276.2,0
official,train,1214__event_anchor_000,1214,ar1214,1214,1,2011-12-17 15:36:00,109.0,0
official,train,1215__event_anchor_000,1215,ar1215,1215,1,2011-12-18 00:36:00,191.4,0
official,train,1218__event_anchor_000,1218,ar1218,1218,1,2011-12-18 10:00:00,77.2,0
official,train,1220__event_anchor_000,1220,ar1220,1220,1,2011-12-18 19:24:00,202.6,0
official,train,1221__event_anchor_000,1221,ar1221,1221,1,2011-12-18 20:12:00,325.4,0
official,train,1222__event_anchor_000,1222,ar1222,1222,1,2011-12-19 02:00:00,139.2,0
official,train,1224__event_anchor_000,1224,ar1224,1224,1,2011-12-19 07:00:00,132.2,0
official,train,1226__event_anchor_000,1226,ar1226,1226,1,2011-12-19 20:24:00,7.6,0
official,train,1232__event_anchor_000,1232,ar1232,1232,1,2011-12-22 06:48:00,159.6,0
official,train,1233__event_anchor_000,1233,ar1233,1233,1,2011-12-22 13:00:00,85.4,0
official,train,1235__event_anchor_000,1235,ar1235,1235,1,2011-12-22 14:36:00,2.6,0
official,train,1237__event_anchor_000,1237,ar1237,1237,1,2011-12-22 22:24:00,321.8,0
official,train,1238__event_anchor_000,1238,ar1238,1238,1,2011-12-22 23:00:00,110.6,0
official,train,124__event_anchor_000,124,ar124,124,1,2010-08-07 14:24:00,218.4,0
official,train,1241__event_anchor_000,1241,ar1241,1241,1,2011-12-23 18:12:00,181.6,0
official,train,1242__event_anchor_000,1242,ar1242,1242,1,2011-12-24 06:36:00,19.6,0
official,train,1245__event_anchor_000,1245,ar1245,1245,1,2011-12-25 08:48:00,96.2,0
official,train,1246__event_anchor_000,1246,ar1246,1246,1,2011-12-25 10:48:00,145.8,0
official,train,1248__event_anchor_000,1248,ar1248,1248,1,2011-12-25 19:12:00,171.0,0
official,train,1249__event_anchor_000,1249,ar1249,1249,1,2011-12-26 00:48:00,293.2,0
official,train,1252__event_anchor_000,1252,ar1252,1252,1,2011-12-26 10:12:00,205.4,0
official,train,1253__event_anchor_000,1253,ar1253,1253,1,2011-12-26 10:24:00,36.4,0
official,train,1256__event_anchor_000,1256,ar1256,1256,1,2011-12-26 15:12:00,70.46666666666667,1
official,train,1256__event_anchor_001,1256,ar1256,1256,1,2011-12-29 17:36:00,4.116666666666666,1
official,train,1256__event_anchor_002,1256,ar1256,1256,1,2011-12-30 01:36:00,1.45,1
official,train,1256__event_anchor_003,1256,ar1256,1256,1,2011-12-30 07:00:00,30.15,1
official,train,1256__event_anchor_004,1256,ar1256,1256,1,2011-12-31 17:00:00,226.0,0
official,train,1258__event_anchor_000,1258,ar1258,1258,1,2011-12-27 13:24:00,140.2,0
official,train,126__event_anchor_000,126,ar126,126,1,2010-08-08 18:24:00,3.2,0
official,train,1269__event_anchor_000,1269,ar1269,1269,1,2011-12-29 04:36:00,51.2,0
official,train,1270__event_anchor_000,1270,ar1270,1270,1,2011-12-30 01:12:00,184.4,0
official,train,1271__event_anchor_000,1271,ar1271,1271,1,2011-12-30 17:12:00,276.6,0
official,train,1272__event_anchor_000,1272,ar1272,1272,1,2011-12-31 10:36:00,85.8,0
official,train,1273__event_anchor_000,1273,ar1273,1273,1,2012-01-01 09:36:00,92.2,0
official,train,1274__event_anchor_000,1274,ar1274,1274,1,2012-01-01 12:12:00,152.8,0
official,train,1275__event_anchor_000,1275,ar1275,1275,1,2012-01-01 23:12:00,257.2,0
official,train,1278__event_anchor_000,1278,ar1278,1278,1,2012-01-02 08:36:00,314.8,0
official,train,1279__event_anchor_000,1279,ar1279,1279,1,2012-01-02 16:12:00,151.6,0
official,train,128__event_anchor_000,128,ar128,128,1,2010-08-09 21:00:00,281.4,0
official,train,1282__event_anchor_000,1282,ar1282,1282,1,2012-01-03 05:12:00,57.4,0
official,train,1284__event_anchor_000,1284,ar1284,1284,1,2012-01-03 17:24:00,69.0,0
official,train,1287__event_anchor_000,1287,ar1287,1287,1,2012-01-05 05:36:00,25.0,0
official,train,129__event_anchor_000,129,ar129,129,1,2010-08-10 02:48:00,100.4,0
official,train,1291__event_anchor_000,1291,ar1291,1291,1,2012-01-05 16:48:00,58.8,0
official,train,1292__event_anchor_000,1292,ar1292,1292,1,2012-01-05 18:24:00,26.0,0
official,train,1293__event_anchor_000,1293,ar1293,1293,1,2012-01-06 02:12:00,212.0,0
official,train,1294__event_anchor_000,1294,ar1294,1294,1,2012-01-06 02:24:00,7.4,0
official,train,1295__event_anchor_000,1295,ar1295,1295,1,2012-01-06 06:00:00,146.4,0
official,train,1298__event_anchor_000,1298,ar1298,1298,1,2012-01-06 18:12:00,11.4,0
official,train,1299__event_anchor_000,1299,ar1299,1299,1,2012-01-07 04:48:00,55.8,0
official,train,130__event_anchor_000,130,ar130,130,1,2010-08-10 03:12:00,257.6,0
official,train,1300__event_anchor_000,1300,ar1300,1300,1,2012-01-07 05:36:00,272.4,0
official,train,1302__event_anchor_000,1302,ar1302,1302,1,2012-01-08 20:48:00,167.4,0
official,train,1303__event_anchor_000,1303,ar1303,1303,1,2012-01-09 11:48:00,214.8,0
official,train,1304__event_anchor_000,1304,ar1304,1304,1,2012-01-10 04:24:00,201.0,0
official,train,1305__event_anchor_000,1305,ar1305,1305,1,2012-01-10 14:00:00,86.0,0
official,train,1307__event_anchor_000,1307,ar1307,1307,1,2012-01-11 07:48:00,136.6,0
official,train,1308__event_anchor_000,1308,ar1308,1308,1,2012-01-11 10:00:00,91.4,0
official,train,1309__event_anchor_000,1309,ar1309,1309,1,2012-01-11 16:36:00,205.4,0
official,train,131__event_anchor_000,131,ar131,131,1,2010-08-11 03:00:00,181.2,0
official,train,1312__event_anchor_000,1312,ar1312,1312,1,2012-01-13 02:00:00,183.8,0
official,train,1313__event_anchor_000,1313,ar1313,1313,1,2012-01-13 10:12:00,232.8,0
official,train,1318__event_anchor_000,1318,ar1318,1318,1,2012-01-13 20:36:00,281.4,0
official,train,1319__event_anchor_000,1319,ar1319,1319,1,2012-01-14 05:48:00,100.0,0
official,train,1320__event_anchor_000,1320,ar1320,1320,1,2012-01-14 08:12:00,57.2,0
official,train,1321__event_anchor_000,1321,ar1321,1321,1,2012-01-14 10:12:00,3.033333333333333,1
official,train,1321__event_anchor_001,1321,ar1321,1321,1,2012-01-14 17:12:00,59.483333333333334,1
official,train,1321__event_anchor_002,1321,ar1321,1321,1,2012-01-17 08:36:00,34.46666666666667,1
official,train,1321__event_anchor_003,1321,ar1321,1321,1,2012-01-18 23:00:00,14.733333333333333,1
official,train,1321__event_anchor_004,1321,ar1321,1321,1,2012-01-19 17:36:00,82.03333333333333,1
official,train,1321__event_anchor_005,1321,ar1321,1321,1,2012-01-23 07:36:00,106.01666666666667,1
official,train,1321__event_anchor_006,1321,ar1321,1321,1,2012-01-27 21:36:00,4.8,0
official,train,1325__event_anchor_000,1325,ar1325,1325,1,2012-01-15 08:12:00,123.6,0
official,train,1326__event_anchor_000,1326,ar1326,1326,1,2012-01-15 10:48:00,145.8,0
official,train,1327__event_anchor_000,1327,ar1327,1327,1,2012-01-15 10:48:00,60.8,0
official,train,1329__event_anchor_000,1329,ar1329,1329,1,2012-01-16 01:48:00,49.6,0
official,train,133__event_anchor_000,133,ar133,133,1,2010-08-13 03:48:00,36.8,0
official,train,1330__event_anchor_000,1330,ar1330,1330,1,2012-01-16 07:24:00,91.6,0
official,train,1331__event_anchor_000,1331,ar1331,1331,1,2012-01-16 11:00:00,128.8,0
official,train,1332__event_anchor_000,1332,ar1332,1332,1,2012-01-16 15:12:00,5.0,0
official,train,1333__event_anchor_000,1333,ar1333,1333,1,2012-01-16 16:12:00,5.6,0
official,train,1335__event_anchor_000,1335,ar1335,1335,1,2012-01-17 19:00:00,8.6,0
official,train,1336__event_anchor_000,1336,ar1336,1336,1,2012-01-18 01:48:00,53.4,0
official,train,1338__event_anchor_000,1338,ar1338,1338,1,2012-01-20 20:12:00,313.8,0
official,train,1339__event_anchor_000,1339,ar1339,1339,1,2012-01-21 01:36:00,241.6,0
official,train,1340__event_anchor_000,1340,ar1340,1340,1,2012-01-21 08:12:00,183.6,0
official,train,1342__event_anchor_000,1342,ar1342,1342,1,2012-01-22 01:48:00,274.8,0
official,train,1343__event_anchor_000,1343,ar1343,1343,1,2012-01-23 03:12:00,16.2,0
official,train,1345__event_anchor_000,1345,ar1345,1345,1,2012-01-24 04:12:00,287.8,0
official,train,1348__event_anchor_000,1348,ar1348,1348,1,2012-01-25 17:12:00,225.4,0
official,train,1349__event_anchor_000,1349,ar1349,1349,1,2012-01-26 01:36:00,150.0,0
official,train,135__event_anchor_000,135,ar135,135,1,2010-08-15 12:00:00,291.8,0
official,train,1350__event_anchor_000,1350,ar1350,1350,1,2012-01-26 06:48:00,276.71666666666664,1
official,train,1350__event_anchor_001,1350,ar1350,1350,1,2012-02-06 23:24:00,39.4,0
official,train,1353__event_anchor_000,1353,ar1353,1353,1,2012-01-26 16:24:00,222.6,0
official,train,1354__event_anchor_000,1354,ar1354,1354,1,2012-01-26 16:48:00,40.0,0
official,train,1355__event_anchor_000,1355,ar1355,1355,1,2012-01-27 00:48:00,70.2,0
official,train,1357__event_anchor_000,1357,ar1357,1357,1,2012-01-27 12:12:00,158.0,0
official,train,1359__event_anchor_000,1359,ar1359,1359,1,2012-01-27 14:36:00,132.6,0
official,train,1365__event_anchor_000,1365,ar1365,1365,1,2012-01-30 00:12:00,141.8,0
official,train,1366__event_anchor_000,1366,ar1366,1366,1,2012-01-30 13:24:00,154.0,0
official,train,1367__event_anchor_000,1367,ar1367,1367,1,2012-01-30 15:48:00,271.8,0
official,train,1368__event_anchor_000,1368,ar1368,1368,1,2012-01-30 16:48:00,63.8,0
official,train,1372__event_anchor_000,1372,ar1372,1372,1,2012-01-31 13:36:00,205.2,0
official,train,1379__event_anchor_000,1379,ar1379,1379,1,2012-02-02 06:36:00,18.2,0
official,train,1380__event_anchor_000,1380,ar1380,1380,1,2012-02-04 09:48:00,9.2,0
official,train,1381__event_anchor_000,1381,ar1381,1381,1,2012-02-04 13:12:00,22.0,0
official,train,1382__event_anchor_000,1382,ar1382,1382,1,2012-02-04 16:12:00,206.0,0
official,train,1384__event_anchor_000,1384,ar1384,1384,1,2012-02-05 14:48:00,4.0,0
official,train,1385__event_anchor_000,1385,ar1385,1385,1,2012-02-07 07:12:00,181.4,0
official,train,1386__event_anchor_000,1386,ar1386,1386,1,2012-02-07 18:00:00,130.6,0
official,train,1387__event_anchor_000,1387,ar1387,1387,1,2012-02-08 09:24:00,55.2,0
official,train,1388__event_anchor_000,1388,ar1388,1388,1,2012-02-08 12:36:00,55.2,0
official,train,1389__event_anchor_000,1389,ar1389,1389,1,2012-02-08 17:48:00,232.6,0
official,train,1390__event_anchor_000,1390,ar1390,1390,1,2012-02-09 05:00:00,268.6,0
official,train,1391__event_anchor_000,1391,ar1391,1391,1,2012-02-09 07:48:00,250.4,0
official,train,1393__event_anchor_000,1393,ar1393,1393,1,2012-02-09 23:24:00,32.4,0
official,train,1394__event_anchor_000,1394,ar1394,1394,1,2012-02-11 05:36:00,71.0,0
official,train,1396__event_anchor_000,1396,ar1396,1396,1,2012-02-12 04:12:00,259.0,0
official,train,1397__event_anchor_000,1397,ar1397,1397,1,2012-02-12 07:24:00,219.2,0
official,train,1398__event_anchor_000,1398,ar1398,1398,1,2012-02-12 09:00:00,36.2,0
official,train,1399__event_anchor_000,1399,ar1399,1399,1,2012-02-12 12:12:00,301.8,0
official,train,14__event_anchor_000,14,ar14,14,1,2010-05-05 07:00:00,37.8,0
official,train,140__event_anchor_000,140,ar140,140,1,2010-08-21 14:00:00,37.2,0
official,train,1400__event_anchor_000,1400,ar1400,1400,1,2012-02-12 19:24:00,21.4,0
official,train,1404__event_anchor_000,1404,ar1404,1404,1,2012-02-14 12:36:00,174.8,0
official,train,1405__event_anchor_000,1405,ar1405,1405,1,2012-02-15 13:24:00,268.4,0
official,train,1406__event_anchor_000,1406,ar1406,1406,1,2012-02-15 20:12:00,109.4,0
official,train,1408__event_anchor_000,1408,ar1408,1408,1,2012-02-16 16:24:00,131.4,0
official,train,1409__event_anchor_000,1409,ar1409,1409,1,2012-02-16 21:00:00,2.2,0
official,train,141__event_anchor_000,141,ar141,141,1,2010-08-21 16:00:00,26.4,0
official,train,1410__event_anchor_000,1410,ar1410,1410,1,2012-02-18 03:48:00,237.2,0
official,train,1415__event_anchor_000,1415,ar1415,1415,1,2012-02-18 15:48:00,8.0,0
official,train,1417__event_anchor_000,1417,ar1417,1417,1,2012-02-19 07:36:00,25.8,0
official,train,1419__event_anchor_000,1419,ar1419,1419,1,2012-02-20 06:36:00,135.4,0
official,train,1420__event_anchor_000,1420,ar1420,1420,1,2012-02-21 19:00:00,154.8,0
official,train,1422__event_anchor_000,1422,ar1422,1422,1,2012-02-23 00:12:00,307.6,0
official,train,1423__event_anchor_000,1423,ar1423,1423,1,2012-02-23 00:12:00,195.6,0
official,train,1424__event_anchor_000,1424,ar1424,1424,1,2012-02-25 03:12:00,157.4,0
official,train,1425__event_anchor_000,1425,ar1425,1425,1,2012-02-25 03:12:00,265.6,0
official,train,1426__event_anchor_000,1426,ar1426,1426,1,2012-02-25 03:12:00,148.0,0
official,train,1429__event_anchor_000,1429,ar1429,1429,1,2012-02-25 03:12:00,123.2,0
official,train,1430__event_anchor_000,1430,ar1430,1430,1,2012-02-25 03:12:00,189.4,0
official,train,1431__event_anchor_000,1431,ar1431,1431,1,2012-02-25 03:12:00,102.0,0
official,train,1432__event_anchor_000,1432,ar1432,1432,1,2012-02-25 10:48:00,32.6,0
official,train,1433__event_anchor_000,1433,ar1433,1433,1,2012-02-26 02:36:00,17.0,0
official,train,1436__event_anchor_000,1436,ar1436,1436,1,2012-02-26 12:24:00,55.4,0
official,train,1438__event_anchor_000,1438,ar1438,1438,1,2012-02-26 20:36:00,2.6,0
official,train,1439__event_anchor_000,1439,ar1439,1439,1,2012-02-28 06:48:00,73.2,0
official,train,1441__event_anchor_000,1441,ar1441,1441,1,2012-02-28 13:48:00,185.0,0
official,train,1442__event_anchor_000,1442,ar1442,1442,1,2012-02-28 23:00:00,26.6,0
official,train,1445__event_anchor_000,1445,ar1445,1445,1,2012-03-01 15:00:00,127.4,0
official,train,1446__event_anchor_000,1446,ar1446,1446,1,2012-03-01 15:24:00,201.6,0
official,train,1447__event_anchor_000,1447,ar1447,1447,1,2012-03-01 17:24:00,294.0,0
official,train,1448__event_anchor_000,1448,ar1448,1448,1,2012-03-01 18:24:00,37.2,0
official,train,1449__event_anchor_000,1449,ar1449,1449,1,2012-03-02 20:12:00,38.28333333333333,1
official,train,1449__event_anchor_001,1449,ar1449,1449,1,2012-03-04 14:24:00,12.1,1
official,train,1449__event_anchor_002,1449,ar1449,1449,1,2012-03-05 06:24:00,12.766666666666667,1
official,train,1449__event_anchor_003,1449,ar1449,1449,1,2012-03-05 23:00:00,1.3666666666666667,1
official,train,1449__event_anchor_004,1449,ar1449,1449,1,2012-03-06 04:12:00,3.6666666666666665,1
official,train,1449__event_anchor_005,1449,ar1449,1449,1,2012-03-06 11:48:00,0.5833333333333334,1
official,train,1449__event_anchor_006,1449,ar1449,1449,1,2012-03-06 16:12:00,4.866666666666666,1
official,train,1449__event_anchor_007,1449,ar1449,1449,1,2012-03-07 01:00:00,0.08333333333333333,1
official,train,1449__event_anchor_008,1449,ar1449,1449,1,2012-03-07 05:00:00,46.36666666666667,1
official,train,1449__event_anchor_009,1449,ar1449,1449,1,2012-03-09 07:12:00,34.05,1
official,train,1449__event_anchor_010,1449,ar1449,1449,1,2012-03-10 21:12:00,68.0,1
official,train,1449__event_anchor_011,1449,ar1449,1449,1,2012-03-13 21:00:00,51.2,0
official,train,145__event_anchor_000,145,ar145,145,1,2010-08-24 02:12:00,317.0,0
official,train,146__event_anchor_000,146,ar146,146,1,2010-08-25 00:00:00,239.8,0
official,train,147__event_anchor_000,147,ar147,147,1,2010-08-25 02:00:00,254.2,0
official,train,15__event_anchor_000,15,ar15,15,1,2010-05-05 16:48:00,2.0,0
official,train,150__event_anchor_000,150,ar150,150,1,2010-08-27 06:12:00,12.8,0
official,train,152__event_anchor_000,152,ar152,152,1,2010-08-31 16:36:00,252.0,0
official,train,154__event_anchor_000,154,ar154,154,1,2010-09-01 11:24:00,65.8,0
official,train,155__event_anchor_000,155,ar155,155,1,2010-09-01 13:24:00,77.2,0
official,train,156__event_anchor_000,156,ar156,156,1,2010-09-02 06:00:00,150.8,0
official,train,158__event_anchor_000,158,ar158,158,1,2010-09-02 17:24:00,117.8,0
official,train,16__event_anchor_000,16,ar16,16,1,2010-05-05 20:36:00,15.4,0
official,train,161__event_anchor_000,161,ar161,161,1,2010-09-03 07:12:00,119.6,0
official,train,166__event_anchor_000,166,ar166,166,1,2010-09-04 07:36:00,29.2,0
official,train,168__event_anchor_000,168,ar168,168,1,2010-09-08 13:12:00,187.8,0
official,train,17__event_anchor_000,17,ar17,17,1,2010-05-06 20:48:00,72.2,0
official,train,171__event_anchor_000,171,ar171,171,1,2010-09-08 20:48:00,17.4,0
official,train,173__event_anchor_000,173,ar173,173,1,2010-09-09 22:00:00,10.0,0
official,train,174__event_anchor_000,174,ar174,174,1,2010-09-10 13:12:00,159.8,0
official,train,175__event_anchor_000,175,ar175,175,1,2010-09-10 14:36:00,311.0,0
official,train,176__event_anchor_000,176,ar176,176,1,2010-09-10 20:36:00,85.0,0
official,train,178__event_anchor_000,178,ar178,178,1,2010-09-11 03:00:00,28.2,0
official,train,181__event_anchor_000,181,ar181,181,1,2010-09-11 22:48:00,17.8,0
official,train,182__event_anchor_000,182,ar182,182,1,2010-09-12 04:00:00,135.2,0
official,train,183__event_anchor_000,183,ar183,183,1,2010-09-12 10:12:00,113.8,0
official,train,184__event_anchor_000,184,ar184,184,1,2010-09-14 00:00:00,162.6,0
official,train,185__event_anchor_000,185,ar185,185,1,2010-09-15 23:48:00,312.8,0
official,train,186__event_anchor_000,186,ar186,186,1,2010-09-18 18:00:00,25.4,0
official,train,187__event_anchor_000,187,ar187,187,1,2010-09-21 09:24:00,327.8,0
official,train,189__event_anchor_000,189,ar189,189,1,2010-09-22 03:36:00,148.8,0
official,train,19__event_anchor_000,19,ar19,19,1,2010-05-12 16:12:00,62.6,0
official,train,190__event_anchor_000,190,ar190,190,1,2010-09-22 07:24:00,244.8,0
official,train,191__event_anchor_000,191,ar191,191,1,2010-09-22 21:00:00,35.8,0
official,train,195__event_anchor_000,195,ar195,195,1,2010-09-26 12:36:00,152.0,0
official,train,198__event_anchor_000,198,ar198,198,1,2010-09-27 23:48:00,268.6,0
official,train,199__event_anchor_000,199,ar199,199,1,2010-09-28 21:12:00,13.6,0
official,train,2__event_anchor_000,2,ar2,2,1,2010-05-01 03:48:00,104.2,0
official,train,20__event_anchor_000,20,ar20,20,1,2010-05-13 11:48:00,48.6,0
official,train,200__event_anchor_000,200,ar200,200,1,2010-09-29 07:12:00,135.8,0
official,train,201__event_anchor_000,201,ar201,201,1,2010-09-29 19:00:00,46.8,0
official,train,204__event_anchor_000,204,ar204,204,1,2010-09-30 23:00:00,58.4,0
official,train,206__event_anchor_000,206,ar206,206,1,2010-10-04 06:48:00,17.8,0
official,train,207__event_anchor_000,207,ar207,207,1,2010-10-04 16:24:00,36.4,0
official,train,208__event_anchor_000,208,ar208,208,1,2010-10-05 09:12:00,59.8,0
official,train,211__event_anchor_000,211,ar211,211,1,2010-10-08 12:00:00,199.11666666666667,1
official,train,211__event_anchor_001,211,ar211,211,1,2010-10-16 23:00:00,100.4,0
official,train,214__event_anchor_000,214,ar214,214,1,2010-10-10 18:48:00,26.8,0
official,train,217__event_anchor_000,217,ar217,217,1,2010-10-13 04:48:00,52.0,0
official,train,218__event_anchor_000,218,ar218,218,1,2010-10-13 06:12:00,318.6,0
official,train,219__event_anchor_000,219,ar219,219,1,2010-10-14 08:00:00,40.6,0
official,train,220__event_anchor_000,220,ar220,220,1,2010-10-14 12:12:00,315.8,0
official,train,221__event_anchor_000,221,ar221,221,1,2010-10-16 23:12:00,51.8,0
official,train,223__event_anchor_000,223,ar223,223,1,2010-10-18 05:48:00,249.0,0
official,train,224__event_anchor_000,224,ar224,224,1,2010-10-18 07:48:00,236.2,0
official,train,225__event_anchor_000,225,ar225,225,1,2010-10-18 12:12:00,181.2,0
official,train,226__event_anchor_000,226,ar226,226,1,2010-10-18 23:24:00,328.6,0
official,train,228__event_anchor_000,228,ar228,228,1,2010-10-19 08:00:00,18.6,0
official,train,229__event_anchor_000,229,ar229,229,1,2010-10-19 13:12:00,18.6,0
official,train,23__event_anchor_000,23,ar23,23,1,2010-05-19 05:00:00,123.6,0
official,train,233__event_anchor_000,233,ar233,233,1,2010-10-22 20:12:00,65.0,0
official,train,234__event_anchor_000,234,ar234,234,1,2010-10-24 05:00:00,103.2,0
official,train,239__event_anchor_000,239,ar239,239,1,2010-10-28 15:36:00,64.6,0
official,train,24__event_anchor_000,24,ar24,24,1,2010-05-19 06:36:00,176.0,0
official,train,241__event_anchor_000,241,ar241,241,1,2010-10-29 20:00:00,292.4,0
official,train,243__event_anchor_000,243,ar243,243,1,2010-10-30 08:48:00,73.4,0
official,train,245__event_anchor_000,245,ar245,245,1,2010-11-04 03:12:00,20.3,1
official,train,245__event_anchor_001,245,ar245,245,1,2010-11-05 03:24:00,9.316666666666666,1
official,train,245__event_anchor_002,245,ar245,245,1,2010-11-05 16:36:00,22.85,1
official,train,245__event_anchor_003,245,ar245,245,1,2010-11-06 19:24:00,242.0,0
official,train,248__event_anchor_000,248,ar248,248,1,2010-11-06 04:36:00,126.6,0
official,train,25__event_anchor_000,25,ar25,25,1,2010-05-19 08:36:00,159.4,0
official,train,250__event_anchor_000,250,ar250,250,1,2010-11-08 17:00:00,206.0,0
official,train,252__event_anchor_000,252,ar252,252,1,2010-11-09 20:24:00,259.6,0
official,train,256__event_anchor_000,256,ar256,256,1,2010-11-12 06:12:00,283.2,0
official,train,257__event_anchor_000,257,ar257,257,1,2010-11-13 02:12:00,250.6,0
official,train,259__event_anchor_000,259,ar259,259,1,2010-11-15 20:12:00,302.8,0
official,train,26__event_anchor_000,26,ar26,26,1,2010-05-20 20:12:00,208.4,0
official,train,260__event_anchor_000,260,ar260,260,1,2010-11-15 22:12:00,116.4,0
official,train,261__event_anchor_000,261,ar261,261,1,2010-11-16 10:24:00,64.0,0
official,train,266__event_anchor_000,266,ar266,266,1,2010-11-21 01:24:00,43.4,0
official,train,267__event_anchor_000,267,ar267,267,1,2010-11-21 07:48:00,15.0,0
official,train,268__event_anchor_000,268,ar268,268,1,2010-11-22 20:24:00,35.6,0
official,train,270__event_anchor_000,270,ar270,270,1,2010-11-24 06:24:00,245.4,0
official,train,273__event_anchor_000,273,ar273,273,1,2010-11-27 14:12:00,53.8,0
official,train,274__event_anchor_000,274,ar274,274,1,2010-11-27 19:00:00,185.4,0
official,train,275__event_anchor_000,275,ar275,275,1,2010-11-29 15:12:00,142.8,0
official,train,279__event_anchor_000,279,ar279,279,1,2010-12-01 09:36:00,335.0,0
official,train,281__event_anchor_000,281,ar281,281,1,2010-12-03 01:36:00,229.4,0
official,train,282__event_anchor_000,282,ar282,282,1,2010-12-03 07:36:00,43.0,0
official,train,284__event_anchor_000,284,ar284,284,1,2010-12-03 23:36:00,310.6,0
official,train,285__event_anchor_000,285,ar285,285,1,2010-12-04 03:00:00,175.4,0
official,train,287__event_anchor_000,287,ar287,287,1,2010-12-04 22:00:00,154.6,0
official,train,29__event_anchor_000,29,ar29,29,1,2010-05-22 15:48:00,15.6,0
official,train,290__event_anchor_000,290,ar290,290,1,2010-12-06 12:12:00,81.6,0
official,train,291__event_anchor_000,291,ar291,291,1,2010-12-06 20:24:00,147.6,0
official,train,292__event_anchor_000,292,ar292,292,1,2010-12-06 20:48:00,118.4,0
official,train,294__event_anchor_000,294,ar294,294,1,2010-12-08 11:00:00,72.8,0
official,train,296__event_anchor_000,296,ar296,296,1,2010-12-09 15:24:00,68.6,0
official,train,297__event_anchor_000,297,ar297,297,1,2010-12-11 22:36:00,267.4,0
official,train,301__event_anchor_000,301,ar301,301,1,2010-12-15 15:48:00,191.6,0
official,train,303__event_anchor_000,303,ar303,303,1,2010-12-15 19:48:00,112.2,0
official,train,305__event_anchor_000,305,ar305,305,1,2010-12-16 12:36:00,186.4,0
official,train,306__event_anchor_000,306,ar306,306,1,2010-12-16 19:36:00,26.4,0
official,train,307__event_anchor_000,307,ar307,307,1,2010-12-16 20:48:00,243.8,0
official,train,313__event_anchor_000,313,ar313,313,1,2010-12-21 16:24:00,14.0,0
official,train,314__event_anchor_000,314,ar314,314,1,2010-12-22 01:48:00,73.8,0
official,train,315__event_anchor_000,315,ar315,315,1,2010-12-22 14:24:00,149.6,0
official,train,316__event_anchor_000,316,ar316,316,1,2010-12-24 11:36:00,62.2,0
official,train,317__event_anchor_000,317,ar317,317,1,2010-12-25 08:00:00,115.6,0
official,train,318__event_anchor_000,318,ar318,318,1,2010-12-26 13:24:00,153.2,0
official,train,319__event_anchor_000,319,ar319,319,1,2010-12-26 14:12:00,29.0,0
official,train,32__event_anchor_000,32,ar32,32,1,2010-05-23 05:12:00,152.6,0
official,train,320__event_anchor_000,320,ar320,320,1,2010-12-27 21:12:00,137.4,0
official,train,321__event_anchor_000,321,ar321,321,1,2010-12-29 03:24:00,266.8,0
official,train,323__event_anchor_000,323,ar323,323,1,2010-12-30 10:48:00,323.4,0
official,train,324__event_anchor_000,324,ar324,324,1,2010-12-30 18:12:00,229.0,0
official,train,325__event_anchor_000,325,ar325,325,1,2010-12-31 01:24:00,144.2,0
official,train,327__event_anchor_000,327,ar327,327,1,2010-12-31 12:48:00,223.0,0
official,train,330__event_anchor_000,330,ar330,330,1,2011-01-02 20:48:00,177.6,0
official,train,331__event_anchor_000,331,ar331,331,1,2011-01-03 12:24:00,153.0,0
official,train,334__event_anchor_000,334,ar334,334,1,2011-01-06 00:12:00,10.4,0
official,train,335__event_anchor_000,335,ar335,335,1,2011-01-06 04:36:00,176.2,0
official,train,336__event_anchor_000,336,ar336,336,1,2011-01-06 09:24:00,7.0,0
official,train,338__event_anchor_000,338,ar338,338,1,2011-01-08 13:00:00,192.6,0
official,train,340__event_anchor_000,340,ar340,340,1,2011-01-08 16:12:00,44.6,0
official,train,341__event_anchor_000,341,ar341,341,1,2011-01-08 19:24:00,2.6,0
official,train,342__event_anchor_000,342,ar342,342,1,2011-01-10 14:36:00,144.0,0
official,train,344__event_anchor_000,344,ar344,344,1,2011-01-13 00:36:00,111.6,0
official,train,345__event_anchor_000,345,ar345,345,1,2011-01-15 06:12:00,295.8,0
official,train,346__event_anchor_000,346,ar346,346,1,2011-01-15 18:00:00,29.6,0
official,train,347__event_anchor_000,347,ar347,347,1,2011-01-17 05:48:00,100.0,0
official,train,35__event_anchor_000,35,ar35,35,1,2010-05-24 17:00:00,21.6,0
official,train,350__event_anchor_000,350,ar350,350,1,2011-01-22 02:48:00,6.0,0
official,train,351__event_anchor_000,351,ar351,351,1,2011-01-22 23:36:00,14.0,0
official,train,354__event_anchor_000,354,ar354,354,1,2011-01-27 01:48:00,56.2,0
official,train,355__event_anchor_000,355,ar355,355,1,2011-01-28 03:12:00,265.2,0
official,train,356__event_anchor_000,356,ar356,356,1,2011-01-30 09:24:00,62.6,0
official,train,357__event_anchor_000,357,ar357,357,1,2011-01-30 17:24:00,76.6,0
official,train,358__event_anchor_000,358,ar358,358,1,2011-01-30 22:24:00,151.2,0
official,train,359__event_anchor_000,359,ar359,359,1,2011-01-30 23:48:00,166.2,0
official,train,36__event_anchor_000,36,ar36,36,1,2010-05-25 06:00:00,172.2,0
official,train,361__event_anchor_000,361,ar361,361,1,2011-02-02 19:12:00,133.6,0
official,train,362__event_anchor_000,362,ar362,362,1,2011-02-03 08:36:00,136.78333333333333,1
official,train,362__event_anchor_001,362,ar362,362,1,2011-02-09 05:12:00,33.6,0
official,train,364__event_anchor_000,364,ar364,364,1,2011-02-06 17:36:00,261.2,0
official,train,366__event_anchor_000,366,ar366,366,1,2011-02-08 06:24:00,90.4,0
official,train,367__event_anchor_000,367,ar367,367,1,2011-02-08 07:48:00,199.8,0
official,train,368__event_anchor_000,368,ar368,368,1,2011-02-08 09:48:00,27.4,0
official,train,369__event_anchor_000,369,ar369,369,1,2011-02-08 12:00:00,190.6,0
official,train,37__event_anchor_000,37,ar37,37,1,2010-05-25 07:24:00,151.6,0
official,train,371__event_anchor_000,371,ar371,371,1,2011-02-10 08:24:00,183.2,0
official,train,372__event_anchor_000,372,ar372,372,1,2011-02-10 14:12:00,205.2,0
official,train,377__event_anchor_000,377,ar377,377,1,2011-02-11 01:48:00,63.666666666666664,1
official,train,377__event_anchor_001,377,ar377,377,1,2011-02-13 21:24:00,19.933333333333334,1
official,train,377__event_anchor_002,377,ar377,377,1,2011-02-14 21:12:00,4.533333333333333,1
official,train,377__event_anchor_003,377,ar377,377,1,2011-02-15 05:36:00,32.71666666666667,1
official,train,377__event_anchor_004,377,ar377,377,1,2011-02-16 18:12:00,39.71666666666667,1
official,train,377__event_anchor_005,377,ar377,377,1,2011-02-18 13:48:00,65.8,0
official,train,378__event_anchor_000,378,ar378,378,1,2011-02-12 01:24:00,182.8,0
official,train,379__event_anchor_000,379,ar379,379,1,2011-02-12 09:00:00,6.8,0
official,train,38__event_anchor_000,38,ar38,38,1,2010-05-26 15:12:00,236.0,0
official,train,380__event_anchor_000,380,ar380,380,1,2011-02-12 13:00:00,210.0,0
official,train,381__event_anchor_000,381,ar381,381,1,2011-02-12 16:36:00,236.2,0
official,train,384__event_anchor_000,384,ar384,384,1,2011-02-12 22:48:00,80.78333333333333,1
official,train,384__event_anchor_001,384,ar384,384,1,2011-02-16 11:24:00,46.983333333333334,1
official,train,384__event_anchor_002,384,ar384,384,1,2011-02-18 14:12:00,6.733333333333333,1
official,train,384__event_anchor_003,384,ar384,384,1,2011-02-19 00:48:00,147.2,0
official,train,388__event_anchor_000,388,ar388,388,1,2011-02-14 14:12:00,33.4,0
official,train,39__event_anchor_000,39,ar39,39,1,2010-05-26 16:48:00,14.6,0
official,train,390__event_anchor_000,390,ar390,390,1,2011-02-19 08:48:00,163.6,0
official,train,392__event_anchor_000,392,ar392,392,1,2011-02-24 05:24:00,1.9833333333333334,1
official,train,392__event_anchor_001,392,ar392,392,1,2011-02-24 11:12:00,259.6,0
official,train,393__event_anchor_000,393,ar393,393,1,2011-02-25 09:12:00,75.43333333333334,1
official,train,393__event_anchor_001,393,ar393,393,1,2011-02-28 16:36:00,156.4,1
official,train,393__event_anchor_002,393,ar393,393,1,2011-03-07 08:48:00,0.43333333333333335,1
official,train,393__event_anchor_003,393,ar393,393,1,2011-03-07 13:12:00,6.516666666666667,1
official,train,393__event_anchor_004,393,ar393,393,1,2011-03-07 23:36:00,56.2,0
official,train,394__event_anchor_000,394,ar394,394,1,2011-02-26 00:36:00,223.21666666666667,1
official,train,394__event_anchor_001,394,ar394,394,1,2011-03-07 11:48:00,9.95,1
official,train,394__event_anchor_002,394,ar394,394,1,2011-03-08 01:36:00,0.8,1
official,train,394__event_anchor_003,394,ar394,394,1,2011-03-08 06:12:00,4.383333333333334,1
official,train,394__event_anchor_004,394,ar394,394,1,2011-03-08 14:24:00,3.7333333333333334,1
official,train,394__event_anchor_005,394,ar394,394,1,2011-03-08 22:00:00,4.4,0
official,train,397__event_anchor_000,397,ar397,397,1,2011-02-28 08:36:00,13.8,0
official,train,398__event_anchor_000,398,ar398,398,1,2011-03-01 10:24:00,5.2,0
official,train,399__event_anchor_000,399,ar399,399,1,2011-03-02 03:36:00,182.2,0
official,train,40__event_anchor_000,40,ar40,40,1,2010-05-28 10:12:00,146.4,0
official,train,401__event_anchor_000,401,ar401,401,1,2011-03-02 12:24:00,121.35,1
official,train,401__event_anchor_001,401,ar401,401,1,2011-03-07 17:36:00,40.983333333333334,1
official,train,401__event_anchor_002,401,ar401,401,1,2011-03-09 14:24:00,8.816666666666666,1
official,train,401__event_anchor_003,401,ar401,401,1,2011-03-10 03:12:00,19.366666666666667,1
official,train,401__event_anchor_004,401,ar401,401,1,2011-03-11 02:24:00,26.15,1
official,train,401__event_anchor_005,401,ar401,401,1,2011-03-12 08:24:00,84.8,0
official,train,403__event_anchor_000,403,ar403,403,1,2011-03-02 19:48:00,198.0,0
official,train,405__event_anchor_000,405,ar405,405,1,2011-03-03 19:36:00,47.2,0
official,train,407__event_anchor_000,407,ar407,407,1,2011-03-05 11:12:00,224.3,1
official,train,407__event_anchor_001,407,ar407,407,1,2011-03-14 23:24:00,0.9,1
official,train,407__event_anchor_002,407,ar407,407,1,2011-03-15 04:12:00,60.6,0
official,train,409__event_anchor_000,409,ar409,409,1,2011-03-06 05:36:00,215.8,0
official,train,41__event_anchor_000,41,ar41,41,1,2010-05-29 04:48:00,40.4,0
official,train,411__event_anchor_000,411,ar411,411,1,2011-03-06 11:12:00,104.0,0
official,train,414__event_anchor_000,414,ar414,414,1,2011-03-07 20:48:00,75.8,0
official,train,415__event_anchor_000,415,ar415,415,1,2011-03-08 03:36:00,0.016666666666666666,1
official,train,415__event_anchor_001,415,ar415,415,1,2011-03-08 07:36:00,252.6,0
official,train,418__event_anchor_000,418,ar418,418,1,2011-03-09 10:12:00,9.0,0
official,train,419__event_anchor_000,419,ar419,419,1,2011-03-10 19:00:00,58.2,0
official,train,420__event_anchor_000,420,ar420,420,1,2011-03-10 20:12:00,19.2,0
official,train,421__event_anchor_000,421,ar421,421,1,2011-03-11 05:00:00,325.0,0
official,train,423__event_anchor_000,423,ar423,423,1,2011-03-13 00:48:00,76.8,0
official,train,425__event_anchor_000,425,ar425,425,1,2011-03-13 08:48:00,164.4,0
official,train,427__event_anchor_000,427,ar427,427,1,2011-03-14 05:12:00,162.8,0
official,train,429__event_anchor_000,429,ar429,429,1,2011-03-15 22:12:00,233.2,0
official,train,43__event_anchor_000,43,ar43,43,1,2010-05-31 08:00:00,181.6,0
official,train,430__event_anchor_000,430,ar430,430,1,2011-03-16 16:48:00,10.0,0
official,train,431__event_anchor_000,431,ar431,431,1,2011-03-16 23:48:00,106.8,0
official,train,432__event_anchor_000,432,ar432,432,1,2011-03-18 16:36:00,29.8,0
official,train,433__event_anchor_000,433,ar433,433,1,2011-03-18 16:36:00,29.8,0
official,train,434__event_anchor_000,434,ar434,434,1,2011-03-18 17:48:00,4.0,0
official,train,436__event_anchor_000,436,ar436,436,1,2011-03-21 13:48:00,128.6,0
official,train,437__event_anchor_000,437,ar437,437,1,2011-03-21 14:36:00,35.45,1
official,train,437__event_anchor_001,437,ar437,437,1,2011-03-23 06:00:00,30.016666666666666,1
official,train,437__event_anchor_002,437,ar437,437,1,2011-03-24 16:00:00,31.133333333333333,1
official,train,437__event_anchor_003,437,ar437,437,1,2011-03-26 03:00:00,220.8,0
official,train,438__event_anchor_000,438,ar438,438,1,2011-03-22 03:48:00,240.6,0
official,train,44__event_anchor_000,44,ar44,44,1,2010-06-01 07:24:00,44.8,0
official,train,440__event_anchor_000,440,ar440,440,1,2011-03-22 20:48:00,0.2,0
official,train,443__event_anchor_000,443,ar443,443,1,2011-03-24 16:36:00,273.4,0
official,train,444__event_anchor_000,444,ar444,444,1,2011-03-24 18:48:00,279.8,0
official,train,45__event_anchor_000,45,ar45,45,1,2010-06-02 21:24:00,133.0,0
official,train,451__event_anchor_000,451,ar451,451,1,2011-03-26 14:24:00,300.8,0
official,train,452__event_anchor_000,452,ar452,452,1,2011-03-27 01:12:00,90.2,0
official,train,454__event_anchor_000,454,ar454,454,1,2011-03-27 05:48:00,75.2,0
official,train,455__event_anchor_000,455,ar455,455,1,2011-03-27 08:00:00,36.2,0
official,train,456__event_anchor_000,456,ar456,456,1,2011-03-27 11:36:00,42.4,0
official,train,459__event_anchor_000,459,ar459,459,1,2011-03-27 23:36:00,110.6,0
official,train,46__event_anchor_000,46,ar46,46,1,2010-06-02 23:48:00,219.2,0
official,train,461__event_anchor_000,461,ar461,461,1,2011-03-29 02:12:00,122.8,0
official,train,462__event_anchor_000,462,ar462,462,1,2011-03-29 14:00:00,176.6,0
official,train,465__event_anchor_000,465,ar465,465,1,2011-03-30 01:36:00,124.4,0
official,train,466__event_anchor_000,466,ar466,466,1,2011-03-30 14:48:00,253.0,0
official,train,47__event_anchor_000,47,ar47,47,1,2010-06-07 10:24:00,73.8,0
official,train,470__event_anchor_000,470,ar470,470,1,2011-03-31 09:24:00,8.4,0
official,train,474__event_anchor_000,474,ar474,474,1,2011-04-01 22:00:00,92.8,0
official,train,475__event_anchor_000,475,ar475,475,1,2011-04-02 13:12:00,237.8,0
official,train,480__event_anchor_000,480,ar480,480,1,2011-04-03 22:48:00,310.8,0
official,train,481__event_anchor_000,481,ar481,481,1,2011-04-04 10:36:00,147.4,0
official,train,483__event_anchor_000,483,ar483,483,1,2011-04-04 19:48:00,33.8,0
official,train,488__event_anchor_000,488,ar488,488,1,2011-04-05 16:12:00,154.4,0
official,train,489__event_anchor_000,489,ar489,489,1,2011-04-06 00:36:00,159.2,0
official,train,49__event_anchor_000,49,ar49,49,1,2010-06-08 07:24:00,118.1,1
official,train,49__event_anchor_001,49,ar49,49,1,2010-06-13 09:24:00,4.4,0
official,train,492__event_anchor_000,492,ar492,492,1,2011-04-06 16:48:00,24.6,0
official,train,493__event_anchor_000,493,ar493,493,1,2011-04-06 19:12:00,4.6,0
official,train,494__event_anchor_000,494,ar494,494,1,2011-04-06 21:48:00,248.8,0
official,train,495__event_anchor_000,495,ar495,495,1,2011-04-07 18:36:00,190.43333333333334,1
official,train,495__event_anchor_001,495,ar495,495,1,2011-04-15 21:00:00,112.0,0
official,train,498__event_anchor_000,498,ar498,498,1,2011-04-09 08:00:00,12.2,0
official,train,5__event_anchor_000,5,ar5,5,1,2010-05-01 03:48:00,49.4,0
official,train,50__event_anchor_000,50,ar50,50,1,2010-06-09 18:36:00,4.4,0
official,train,501__event_anchor_000,501,ar501,501,1,2011-04-10 03:00:00,26.0,0
official,train,504__event_anchor_000,504,ar504,504,1,2011-04-12 01:36:00,338.6,0
official,train,507__event_anchor_000,507,ar507,507,1,2011-04-13 08:48:00,78.8,0
official,train,508__event_anchor_000,508,ar508,508,1,2011-04-13 12:36:00,203.4,0
official,train,509__event_anchor_000,509,ar509,509,1,2011-04-14 12:00:00,50.4,0
official,train,51__event_anchor_000,51,ar51,51,1,2010-06-10 05:24:00,105.8,0
official,train,510__event_anchor_000,510,ar510,510,1,2011-04-15 13:36:00,72.8,0
official,train,511__event_anchor_000,511,ar511,511,1,2011-04-15 21:36:00,5.2,0
official,train,512__event_anchor_000,512,ar512,512,1,2011-04-17 19:48:00,187.8,0
official,train,513__event_anchor_000,513,ar513,513,1,2011-04-18 05:36:00,7.4,0
official,train,514__event_anchor_000,514,ar514,514,1,2011-04-18 17:00:00,83.58333333333333,1
official,train,514__event_anchor_001,514,ar514,514,1,2011-04-22 08:24:00,7.383333333333334,1
official,train,514__event_anchor_002,514,ar514,514,1,2011-04-22 19:36:00,223.4,0
official,train,516__event_anchor_000,516,ar516,516,1,2011-04-19 06:48:00,38.4,0
official,train,518__event_anchor_000,518,ar518,518,1,2011-04-19 13:48:00,13.0,0
official,train,527__event_anchor_000,527,ar527,527,1,2011-04-21 17:24:00,91.8,0
official,train,53__event_anchor_000,53,ar53,53,1,2010-06-10 07:00:00,4.6,0
official,train,531__event_anchor_000,531,ar531,531,1,2011-04-23 15:00:00,103.2,0
official,train,532__event_anchor_000,532,ar532,532,1,2011-04-24 21:24:00,280.2,0
official,train,533__event_anchor_000,533,ar533,533,1,2011-04-24 22:24:00,79.8,0
official,train,535__event_anchor_000,535,ar535,535,1,2011-04-25 10:00:00,183.8,0
official,train,536__event_anchor_000,536,ar536,536,1,2011-04-25 14:48:00,158.4,0
official,train,537__event_anchor_000,537,ar537,537,1,2011-04-25 15:00:00,182.6,0
official,train,538__event_anchor_000,538,ar538,538,1,2011-04-25 17:12:00,244.2,0
official,train,54__event_anchor_000,54,ar54,54,1,2010-06-11 10:12:00,14.3,1
official,train,54__event_anchor_001,54,ar54,54,1,2010-06-12 04:24:00,67.0,0
official,train,540__event_anchor_000,540,ar540,540,1,2011-04-25 17:48:00,155.2,0
official,train,542__event_anchor_000,542,ar542,542,1,2011-04-25 18:24:00,137.2,0
official,train,545__event_anchor_000,545,ar545,545,1,2011-04-26 03:12:00,171.6,0
official,train,548__event_anchor_000,548,ar548,548,1,2011-04-26 11:24:00,3.8,0
official,train,55__event_anchor_000,55,ar55,55,1,2010-06-12 01:36:00,2.8,0
official,train,550__event_anchor_000,550,ar550,550,1,2011-04-27 07:12:00,87.2,0
official,train,553__event_anchor_000,553,ar553,553,1,2011-04-27 23:00:00,11.2,0
official,train,554__event_anchor_000,554,ar554,554,1,2011-04-27 23:12:00,167.4,0
official,train,556__event_anchor_000,556,ar556,556,1,2011-04-28 11:36:00,324.8,0
official,train,557__event_anchor_000,557,ar557,557,1,2011-04-28 11:48:00,13.2,0
official,train,559__event_anchor_000,559,ar559,559,1,2011-04-28 14:12:00,18.4,0
official,train,560__event_anchor_000,560,ar560,560,1,2011-04-29 04:00:00,26.0,0
official,train,561__event_anchor_000,561,ar561,561,1,2011-04-29 15:12:00,7.0,0
official,train,562__event_anchor_000,562,ar562,562,1,2011-04-30 00:36:00,209.6,0
official,train,564__event_anchor_000,564,ar564,564,1,2011-05-01 00:48:00,133.0,0
official,train,566__event_anchor_000,566,ar566,566,1,2011-05-01 09:48:00,12.4,0
official,train,567__event_anchor_000,567,ar567,567,1,2011-05-01 19:36:00,24.2,0
official,train,57__event_anchor_000,57,ar57,57,1,2010-06-14 15:00:00,249.0,0
official,train,571__event_anchor_000,571,ar571,571,1,2011-05-02 18:00:00,219.2,0
official,train,572__event_anchor_000,572,ar572,572,1,2011-05-02 20:36:00,68.6,0
official,train,574__event_anchor_000,574,ar574,574,1,2011-05-03 23:48:00,66.8,0
official,train,576__event_anchor_000,576,ar576,576,1,2011-05-04 01:00:00,238.4,0
official,train,578__event_anchor_000,578,ar578,578,1,2011-05-04 11:36:00,133.8,0
official,train,579__event_anchor_000,579,ar579,579,1,2011-05-04 20:00:00,58.6,0
official,train,58__event_anchor_000,58,ar58,58,1,2010-06-14 23:00:00,165.0,0
official,train,580__event_anchor_000,580,ar580,580,1,2011-05-05 12:48:00,259.0,0
official,train,584__event_anchor_000,584,ar584,584,1,2011-05-07 09:12:00,76.6,0
official,train,587__event_anchor_000,587,ar587,587,1,2011-05-07 16:36:00,265.0,0
official,train,589__event_anchor_000,589,ar589,589,1,2011-05-08 08:36:00,103.0,0
official,train,59__event_anchor_000,59,ar59,59,1,2010-06-15 09:00:00,136.8,0
official,train,590__event_anchor_000,590,ar590,590,1,2011-05-08 19:00:00,68.4,0
official,train,591__event_anchor_000,591,ar591,591,1,2011-05-10 05:24:00,5.0,0
official,train,592__event_anchor_000,592,ar592,592,1,2011-05-10 09:24:00,6.0,0
official,train,595__event_anchor_000,595,ar595,595,1,2011-05-11 11:00:00,150.6,0
official,train,597__event_anchor_000,597,ar597,597,1,2011-05-12 03:00:00,77.2,0
official,train,598__event_anchor_000,598,ar598,598,1,2011-05-12 04:12:00,236.6,0
official,train,6__event_anchor_000,6,ar6,6,1,2010-05-01 03:48:00,100.8,0
official,train,601__event_anchor_000,601,ar601,601,1,2011-05-12 22:48:00,90.4,0
official,train,602__event_anchor_000,602,ar602,602,1,2011-05-13 21:12:00,203.4,0
official,train,603__event_anchor_000,603,ar603,603,1,2011-05-14 12:00:00,56.8,0
official,train,604__event_anchor_000,604,ar604,604,1,2011-05-15 09:12:00,7.0,0
official,train,605__event_anchor_000,605,ar605,605,1,2011-05-15 15:00:00,314.0,0
official,train,606__event_anchor_000,606,ar606,606,1,2011-05-15 17:00:00,219.4,0
official,train,607__event_anchor_000,607,ar607,607,1,2011-05-16 10:48:00,42.8,0
official,train,608__event_anchor_000,608,ar608,608,1,2011-05-16 17:36:00,171.8,0
official,train,610__event_anchor_000,610,ar610,610,1,2011-05-17 19:36:00,240.6,0
official,train,612__event_anchor_000,612,ar612,612,1,2011-05-18 15:36:00,78.4,0
official,train,614__event_anchor_000,614,ar614,614,1,2011-05-19 08:36:00,157.4,0
official,train,616__event_anchor_000,616,ar616,616,1,2011-05-19 16:12:00,132.2,0
official,train,617__event_anchor_000,617,ar617,617,1,2011-05-19 18:12:00,19.0,0
official,train,618__event_anchor_000,618,ar618,618,1,2011-05-22 04:48:00,57.0,0
official,train,619__event_anchor_000,619,ar619,619,1,2011-05-22 08:24:00,55.0,0
official,train,62__event_anchor_000,62,ar62,62,1,2010-06-16 08:36:00,112.4,0
official,train,620__event_anchor_000,620,ar620,620,1,2011-05-22 12:36:00,54.2,0
official,train,621__event_anchor_000,621,ar621,621,1,2011-05-22 15:00:00,49.6,0
official,train,622__event_anchor_000,622,ar622,622,1,2011-05-22 17:00:00,243.0,0
official,train,623__event_anchor_000,623,ar623,623,1,2011-05-23 12:12:00,121.4,0
official,train,624__event_anchor_000,624,ar624,624,1,2011-05-23 15:24:00,148.2,0
official,train,625__event_anchor_000,625,ar625,625,1,2011-05-24 08:00:00,211.2,0
official,train,626__event_anchor_000,626,ar626,626,1,2011-05-24 08:12:00,12.2,0
official,train,627__event_anchor_000,627,ar627,627,1,2011-05-24 11:00:00,32.4,0
official,train,629__event_anchor_000,629,ar629,629,1,2011-05-24 17:48:00,44.8,0
official,train,630__event_anchor_000,630,ar630,630,1,2011-05-24 20:48:00,21.6,0
official,train,631__event_anchor_000,631,ar631,631,1,2011-05-25 06:24:00,30.0,0
official,train,632__event_anchor_000,632,ar632,632,1,2011-05-26 00:36:00,248.4,0
official,train,633__event_anchor_000,633,ar633,633,1,2011-05-26 00:36:00,155.6,0
official,train,634__event_anchor_000,634,ar634,634,1,2011-05-26 17:36:00,30.6,0
official,train,636__event_anchor_000,636,ar636,636,1,2011-05-27 07:48:00,73.0,0
official,train,637__event_anchor_000,637,ar637,637,1,2011-05-27 10:12:00,34.95,1
official,train,637__event_anchor_001,637,ar637,637,1,2011-05-29 01:00:00,9.133333333333333,1
official,train,637__event_anchor_002,637,ar637,637,1,2011-05-29 14:00:00,208.26666666666668,1
official,train,637__event_anchor_003,637,ar637,637,1,2011-06-07 10:12:00,66.2,0
official,train,639__event_anchor_000,639,ar639,639,1,2011-05-28 19:24:00,285.6,0
official,train,640__event_anchor_000,640,ar640,640,1,2011-05-28 19:36:00,63.2,0
official,train,642__event_anchor_000,642,ar642,642,1,2011-05-29 06:12:00,105.6,0
official,train,643__event_anchor_000,643,ar643,643,1,2011-05-29 10:36:00,219.8,0
official,train,647__event_anchor_000,647,ar647,647,1,2011-05-30 08:48:00,120.8,0
official,train,650__event_anchor_000,650,ar650,650,1,2011-06-01 03:00:00,276.4,0
official,train,651__event_anchor_000,651,ar651,651,1,2011-06-01 05:36:00,201.0,0
official,train,652__event_anchor_000,652,ar652,652,1,2011-06-01 16:12:00,231.0,0
official,train,66__event_anchor_000,66,ar66,66,1,2010-06-23 16:00:00,203.4,0
official,train,660__event_anchor_000,660,ar660,660,1,2011-06-08 11:00:00,103.4,0
official,train,661__event_anchor_000,661,ar661,661,1,2011-06-09 05:00:00,282.6,0
official,train,662__event_anchor_000,662,ar662,662,1,2011-06-09 12:48:00,205.6,0
official,train,664__event_anchor_000,664,ar664,664,1,2011-06-11 00:36:00,8.4,0
official,train,665__event_anchor_000,665,ar665,665,1,2011-06-11 11:36:00,134.6,0
official,train,666__event_anchor_000,666,ar666,666,1,2011-06-13 11:48:00,178.0,0
official,train,667__event_anchor_000,667,ar667,667,1,2011-06-13 16:36:00,29.0,1
official,train,667__event_anchor_001,667,ar667,667,1,2011-06-15 01:24:00,283.0,0
official,train,67__event_anchor_000,67,ar67,67,1,2010-06-24 23:48:00,182.0,0
official,train,670__event_anchor_000,670,ar670,670,1,2011-06-14 20:12:00,124.0,0
official,train,671__event_anchor_000,671,ar671,671,1,2011-06-15 03:36:00,36.2,0
official,train,672__event_anchor_000,672,ar672,672,1,2011-06-15 07:12:00,112.4,0
official,train,673__event_anchor_000,673,ar673,673,1,2011-06-15 08:00:00,162.2,0
official,train,674__event_anchor_000,674,ar674,674,1,2011-06-16 20:36:00,310.2,0
official,train,675__event_anchor_000,675,ar675,675,1,2011-06-17 17:24:00,42.2,0
official,train,676__event_anchor_000,676,ar676,676,1,2011-06-18 12:36:00,229.0,0
official,train,677__event_anchor_000,677,ar677,677,1,2011-06-19 01:36:00,49.0,0
official,train,679__event_anchor_000,679,ar679,679,1,2011-06-20 23:24:00,85.6,0
official,train,68__event_anchor_000,68,ar68,68,1,2010-06-25 00:48:00,51.6,0
official,train,680__event_anchor_000,680,ar680,680,1,2011-06-22 08:48:00,40.8,0
official,train,681__event_anchor_000,681,ar681,681,1,2011-06-22 16:36:00,160.4,0
official,train,682__event_anchor_000,682,ar682,682,1,2011-06-24 18:24:00,151.6,0
official,train,683__event_anchor_000,683,ar683,683,1,2011-06-26 09:48:00,190.8,0
official,train,684__event_anchor_000,684,ar684,684,1,2011-06-27 01:00:00,256.0,0
official,train,685__event_anchor_000,685,ar685,685,1,2011-06-27 10:24:00,297.0,0
official,train,686__event_anchor_000,686,ar686,686,1,2011-06-28 06:00:00,170.0,0
official,train,687__event_anchor_000,687,ar687,687,1,2011-06-28 11:00:00,107.6,0
official,train,688__event_anchor_000,688,ar688,688,1,2011-06-28 14:36:00,103.6,0
official,train,689__event_anchor_000,689,ar689,689,1,2011-06-29 08:00:00,161.8,0
official,train,691__event_anchor_000,691,ar691,691,1,2011-06-30 01:12:00,0.8,0
official,train,693__event_anchor_000,693,ar693,693,1,2011-07-01 17:24:00,189.2,0
official,train,694__event_anchor_000,694,ar694,694,1,2011-07-04 10:00:00,50.2,0
official,train,695__event_anchor_000,695,ar695,695,1,2011-07-04 19:36:00,237.4,0
official,train,698__event_anchor_000,698,ar698,698,1,2011-07-06 09:48:00,196.6,0
official,train,700__event_anchor_000,700,ar700,700,1,2011-07-06 23:48:00,235.2,0
official,train,701__event_anchor_000,701,ar701,701,1,2011-07-07 07:24:00,20.0,0
official,train,702__event_anchor_000,702,ar702,702,1,2011-07-07 13:12:00,197.6,0
official,train,703__event_anchor_000,703,ar703,703,1,2011-07-07 13:24:00,17.6,0
official,train,705__event_anchor_000,705,ar705,705,1,2011-07-07 22:12:00,300.4,0
official,train,71__event_anchor_000,71,ar71,71,1,2010-06-26 01:36:00,310.2,0
official,train,712__event_anchor_000,712,ar712,712,1,2011-07-10 08:24:00,244.6,0
official,train,713__event_anchor_000,713,ar713,713,1,2011-07-10 13:24:00,289.0,0
official,train,714__event_anchor_000,714,ar714,714,1,2011-07-10 20:24:00,317.2,0
official,train,715__event_anchor_000,715,ar715,715,1,2011-07-11 03:24:00,3.8,0
official,train,716__event_anchor_000,716,ar716,716,1,2011-07-11 12:48:00,53.4,0
official,train,717__event_anchor_000,717,ar717,717,1,2011-07-11 15:12:00,25.6,0
official,train,72__event_anchor_000,72,ar72,72,1,2010-06-26 09:12:00,106.6,0
official,train,725__event_anchor_000,725,ar725,725,1,2011-07-13 11:12:00,296.6,0
official,train,728__event_anchor_000,728,ar728,728,1,2011-07-14 19:12:00,175.4,0
official,train,729__event_anchor_000,729,ar729,729,1,2011-07-15 04:00:00,64.8,0
official,train,734__event_anchor_000,734,ar734,734,1,2011-07-16 17:12:00,27.8,0
official,train,735__event_anchor_000,735,ar735,735,1,2011-07-16 17:24:00,79.6,0
official,train,738__event_anchor_000,738,ar738,738,1,2011-07-17 12:00:00,132.6,0
official,train,739__event_anchor_000,739,ar739,739,1,2011-07-17 12:12:00,185.6,0
official,train,740__event_anchor_000,740,ar740,740,1,2011-07-17 17:24:00,273.4,0
official,train,741__event_anchor_000,741,ar741,741,1,2011-07-19 03:12:00,13.8,0
official,train,743__event_anchor_000,743,ar743,743,1,2011-07-20 01:24:00,2.8,0
official,train,744__event_anchor_000,744,ar744,744,1,2011-07-21 00:00:00,208.2,0
official,train,745__event_anchor_000,745,ar745,745,1,2011-07-23 01:24:00,182.0,0
official,train,746__event_anchor_000,746,ar746,746,1,2011-07-23 23:12:00,88.6,1
official,train,746__event_anchor_001,746,ar746,746,1,2011-07-27 19:36:00,216.0,0
official,train,747__event_anchor_000,747,ar747,747,1,2011-07-24 02:24:00,10.6,0
official,train,748__event_anchor_000,748,ar748,748,1,2011-07-24 06:48:00,223.8,0
official,train,75__event_anchor_000,75,ar75,75,1,2010-06-28 11:48:00,208.2,0
official,train,750__event_anchor_000,750,ar750,750,1,2011-07-26 00:48:00,97.26666666666667,1
official,train,750__event_anchor_001,750,ar750,750,1,2011-07-30 06:00:00,71.31666666666666,1
official,train,750__event_anchor_002,750,ar750,750,1,2011-08-02 09:12:00,17.933333333333334,1
official,train,750__event_anchor_003,750,ar750,750,1,2011-08-03 07:00:00,6.283333333333333,1
official,train,750__event_anchor_004,750,ar750,750,1,2011-08-03 17:12:00,10.483333333333333,1
official,train,750__event_anchor_005,750,ar750,750,1,2011-08-04 07:36:00,91.0,0
official,train,751__event_anchor_000,751,ar751,751,1,2011-07-27 02:48:00,203.6,0
official,train,752__event_anchor_000,752,ar752,752,1,2011-07-27 13:36:00,183.6,0
official,train,753__event_anchor_000,753,ar753,753,1,2011-07-27 18:00:00,154.48333333333332,1
official,train,753__event_anchor_001,753,ar753,753,1,2011-08-03 08:24:00,129.6,1
official,train,753__event_anchor_002,753,ar753,753,1,2011-08-08 21:48:00,5.516666666666667,1
official,train,753__event_anchor_003,753,ar753,753,1,2011-08-09 07:12:00,0.6,1
official,train,753__event_anchor_004,753,ar753,753,1,2011-08-09 11:36:00,33.6,0
official,train,754__event_anchor_000,754,ar754,754,1,2011-07-28 01:48:00,52.4,0
official,train,755__event_anchor_000,755,ar755,755,1,2011-07-29 10:12:00,161.4,0
official,train,758__event_anchor_000,758,ar758,758,1,2011-08-02 10:24:00,40.2,0
official,train,759__event_anchor_000,759,ar759,759,1,2011-08-02 13:36:00,272.8,0
official,train,76__event_anchor_000,76,ar76,76,1,2010-06-30 00:48:00,43.0,0
official,train,762__event_anchor_000,762,ar762,762,1,2011-08-03 12:00:00,109.8,0
official,train,764__event_anchor_000,764,ar764,764,1,2011-08-04 14:00:00,189.4,0
official,train,765__event_anchor_000,765,ar765,765,1,2011-08-04 15:00:00,231.0,0
official,train,766__event_anchor_000,766,ar766,766,1,2011-08-05 13:12:00,209.0,0
official,train,767__event_anchor_000,767,ar767,767,1,2011-08-05 13:48:00,150.4,0
official,train,77__event_anchor_000,77,ar77,77,1,2010-06-30 05:36:00,38.2,0
official,train,770__event_anchor_000,770,ar770,770,1,2011-08-07 17:00:00,24.0,0
official,train,771__event_anchor_000,771,ar771,771,1,2011-08-08 00:00:00,62.8,0
official,train,772__event_anchor_000,772,ar772,772,1,2011-08-08 02:36:00,206.8,0
official,train,773__event_anchor_000,773,ar773,773,1,2011-08-08 12:48:00,144.8,0
official,train,774__event_anchor_000,774,ar774,774,1,2011-08-09 21:36:00,164.0,0
official,train,776__event_anchor_000,776,ar776,776,1,2011-08-10 04:48:00,73.6,0
official,train,777__event_anchor_000,777,ar777,777,1,2011-08-10 11:36:00,95.6,0
official,train,778__event_anchor_000,778,ar778,778,1,2011-08-10 16:00:00,16.2,0
official,train,779__event_anchor_000,779,ar779,779,1,2011-08-10 16:12:00,185.0,0
official,train,78__event_anchor_000,78,ar78,78,1,2010-07-01 03:36:00,204.2,0
official,train,781__event_anchor_000,781,ar781,781,1,2011-08-10 22:00:00,210.0,0
official,train,782__event_anchor_000,782,ar782,782,1,2011-08-11 12:48:00,204.4,0
official,train,784__event_anchor_000,784,ar784,784,1,2011-08-11 23:12:00,9.4,0
official,train,785__event_anchor_000,785,ar785,785,1,2011-08-12 11:24:00,170.4,0
official,train,788__event_anchor_000,788,ar788,788,1,2011-08-13 07:12:00,150.0,0
official,train,789__event_anchor_000,789,ar789,789,1,2011-08-13 09:24:00,22.2,0
official,train,79__event_anchor_000,79,ar79,79,1,2010-07-01 06:36:00,4.6,0
official,train,790__event_anchor_000,790,ar790,790,1,2011-08-13 12:00:00,140.2,0
official,train,792__event_anchor_000,792,ar792,792,1,2011-08-14 15:24:00,15.6,0
official,train,793__event_anchor_000,793,ar793,793,1,2011-08-15 00:00:00,16.6,0
official,train,794__event_anchor_000,794,ar794,794,1,2011-08-15 02:12:00,325.2,0
official,train,796__event_anchor_000,796,ar796,796,1,2011-08-15 05:12:00,94.0,0
official,train,797__event_anchor_000,797,ar797,797,1,2011-08-15 07:48:00,73.8,0
official,train,798__event_anchor_000,798,ar798,798,1,2011-08-15 21:00:00,275.4,0
official,train,799__event_anchor_000,799,ar799,799,1,2011-08-16 17:00:00,119.6,0
official,train,8__event_anchor_000,8,ar8,8,1,2010-05-02 18:24:00,70.81666666666666,1
official,train,8__event_anchor_001,8,ar8,8,1,2010-05-05 21:12:00,67.8,0
official,train,800__event_anchor_000,800,ar800,800,1,2011-08-17 06:48:00,218.2,0
official,train,801__event_anchor_000,801,ar801,801,1,2011-08-17 15:48:00,6.4,0
official,train,802__event_anchor_000,802,ar802,802,1,2011-08-18 08:36:00,63.8,0
official,train,803__event_anchor_000,803,ar803,803,1,2011-08-19 19:24:00,299.0,0
official,train,805__event_anchor_000,805,ar805,805,1,2011-08-20 20:36:00,289.4,0
official,train,808__event_anchor_000,808,ar808,808,1,2011-08-21 04:12:00,151.4,0
official,train,81__event_anchor_000,81,ar81,81,1,2010-07-03 14:48:00,64.8,0
official,train,812__event_anchor_000,812,ar812,812,1,2011-08-23 09:24:00,301.6,0
official,train,814__event_anchor_000,814,ar814,814,1,2011-08-24 08:48:00,266.55,1
official,train,814__event_anchor_001,814,ar814,814,1,2011-09-04 15:12:00,12.933333333333334,1
official,train,814__event_anchor_002,814,ar814,814,1,2011-09-05 08:00:00,24.8,0
official,train,817__event_anchor_000,817,ar817,817,1,2011-08-25 06:00:00,210.2,0
official,train,819__event_anchor_000,819,ar819,819,1,2011-08-25 20:48:00,176.0,0
official,train,824__event_anchor_000,824,ar824,824,1,2011-08-27 18:24:00,275.2,0
official,train,826__event_anchor_000,826,ar826,826,1,2011-08-28 03:12:00,30.8,0
official,train,827__event_anchor_000,827,ar827,827,1,2011-08-28 09:24:00,55.8,0
official,train,83__event_anchor_000,83,ar83,83,1,2010-07-04 12:00:00,65.6,0
official,train,832__event_anchor_000,832,ar832,832,1,2011-08-30 00:36:00,12.4,0
official,train,833__event_anchor_000,833,ar833,833,1,2011-08-30 03:00:00,166.58333333333334,1
official,train,833__event_anchor_001,833,ar833,833,1,2011-09-06 05:24:00,16.8,1
official,train,833__event_anchor_002,833,ar833,833,1,2011-09-07 02:00:00,20.533333333333335,1
official,train,833__event_anchor_003,833,ar833,833,1,2011-09-08 02:24:00,13.133333333333333,1
official,train,833__event_anchor_004,833,ar833,833,1,2011-09-08 19:24:00,10.616666666666667,1
official,train,833__event_anchor_005,833,ar833,833,1,2011-09-09 10:00:00,2.65,1
official,train,833__event_anchor_006,833,ar833,833,1,2011-09-09 16:36:00,14.7,1
official,train,833__event_anchor_007,833,ar833,833,1,2011-09-10 11:12:00,46.2,0
official,train,837__event_anchor_000,837,ar837,837,1,2011-08-31 14:36:00,159.6,0
official,train,840__event_anchor_000,840,ar840,840,1,2011-09-02 03:36:00,133.2,0
official,train,842__event_anchor_000,842,ar842,842,1,2011-09-02 17:24:00,275.0,0
official,train,843__event_anchor_000,843,ar843,843,1,2011-09-02 22:48:00,304.8,0
official,train,845__event_anchor_000,845,ar845,845,1,2011-09-03 22:24:00,10.6,0
official,train,846__event_anchor_000,846,ar846,846,1,2011-09-04 19:00:00,178.6,0
official,train,847__event_anchor_000,847,ar847,847,1,2011-09-06 00:48:00,337.2,0
official,train,85__event_anchor_000,85,ar85,85,1,2010-07-05 16:24:00,85.2,0
official,train,850__event_anchor_000,850,ar850,850,1,2011-09-08 17:12:00,234.6,0
official,train,851__event_anchor_000,851,ar851,851,1,2011-09-08 21:48:00,215.2,0
official,train,852__event_anchor_000,852,ar852,852,1,2011-09-10 16:36:00,205.2,0
official,train,853__event_anchor_000,853,ar853,853,1,2011-09-11 00:36:00,263.8,0
official,train,854__event_anchor_000,854,ar854,854,1,2011-09-11 05:12:00,202.6,0
official,train,855__event_anchor_000,855,ar855,855,1,2011-09-11 16:48:00,43.4,0
official,train,856__event_anchor_000,856,ar856,856,1,2011-09-11 17:36:00,272.18333333333334,1
official,train,856__event_anchor_001,856,ar856,856,1,2011-09-23 05:36:00,16.3,1
official,train,856__event_anchor_002,856,ar856,856,1,2011-09-24 01:48:00,14.8,1
official,train,856__event_anchor_003,856,ar856,856,1,2011-09-24 20:24:00,23.0,0
official,train,86__event_anchor_000,86,ar86,86,1,2010-07-08 15:00:00,313.0,0
official,train,862__event_anchor_000,862,ar862,862,1,2011-09-12 16:24:00,204.2,0
official,train,865__event_anchor_000,865,ar865,865,1,2011-09-13 12:48:00,7.6,0
official,train,867__event_anchor_000,867,ar867,867,1,2011-09-13 19:24:00,248.6,0
official,train,868__event_anchor_000,868,ar868,868,1,2011-09-13 19:36:00,30.2,0
official,train,869__event_anchor_000,869,ar869,869,1,2011-09-13 20:36:00,96.4,0
official,train,87__event_anchor_000,87,ar87,87,1,2010-07-08 16:24:00,37.4,0
official,train,874__event_anchor_000,874,ar874,874,1,2011-09-15 18:00:00,40.8,0
official,train,875__event_anchor_000,875,ar875,875,1,2011-09-17 04:24:00,126.6,0
official,train,876__event_anchor_000,876,ar876,876,1,2011-09-17 19:12:00,47.8,0
official,train,877__event_anchor_000,877,ar877,877,1,2011-09-18 02:12:00,22.4,0
official,train,878__event_anchor_000,878,ar878,878,1,2011-09-18 02:24:00,81.66666666666667,1
official,train,878__event_anchor_001,878,ar878,878,1,2011-09-21 16:00:00,247.2,0
official,train,880__event_anchor_000,880,ar880,880,1,2011-09-18 02:36:00,208.2,0
official,train,881__event_anchor_000,881,ar881,881,1,2011-09-18 16:36:00,160.8,0
official,train,882__event_anchor_000,882,ar882,882,1,2011-09-18 19:48:00,42.2,0
official,train,887__event_anchor_000,887,ar887,887,1,2011-09-20 16:24:00,115.6,0
official,train,889__event_anchor_000,889,ar889,889,1,2011-09-21 06:48:00,84.0,0
official,train,89__event_anchor_000,89,ar89,89,1,2010-07-11 11:36:00,131.8,0
official,train,890__event_anchor_000,890,ar890,890,1,2011-09-21 12:00:00,108.4,0
official,train,891__event_anchor_000,891,ar891,891,1,2011-09-21 12:48:00,7.0,0
official,train,892__event_anchor_000,892,ar892,892,1,2011-09-21 16:24:00,17.483333333333334,1
official,train,892__event_anchor_001,892,ar892,892,1,2011-09-22 13:48:00,34.0,1
official,train,892__event_anchor_002,892,ar892,892,1,2011-09-24 03:36:00,5.75,1
official,train,892__event_anchor_003,892,ar892,892,1,2011-09-24 13:12:00,4.116666666666666,1
official,train,892__event_anchor_004,892,ar892,892,1,2011-09-24 21:12:00,5.25,1
official,train,892__event_anchor_005,892,ar892,892,1,2011-09-25 06:24:00,2.3666666666666667,1
official,train,892__event_anchor_006,892,ar892,892,1,2011-09-25 12:36:00,2.8333333333333335,1
official,train,892__event_anchor_007,892,ar892,892,1,2011-09-25 19:24:00,9.7,1
official,train,892__event_anchor_008,892,ar892,892,1,2011-09-26 09:00:00,5.616666666666666,1
official,train,892__event_anchor_009,892,ar892,892,1,2011-09-26 18:36:00,42.8,1
official,train,892__event_anchor_010,892,ar892,892,1,2011-09-28 17:12:00,96.11666666666666,1
official,train,892__event_anchor_011,892,ar892,892,1,2011-10-02 21:12:00,72.4,0
official,train,893__event_anchor_000,893,ar893,893,1,2011-09-22 14:36:00,193.4,0
official,train,895__event_anchor_000,895,ar895,895,1,2011-09-23 05:36:00,224.4,0
official,train,897__event_anchor_000,897,ar897,897,1,2011-09-23 12:24:00,134.2,0
official,train,899__event_anchor_000,899,ar899,899,1,2011-09-24 04:48:00,16.583333333333332,1
official,train,899__event_anchor_001,899,ar899,899,1,2011-09-25 01:12:00,8.216666666666667,1
official,train,899__event_anchor_002,899,ar899,899,1,2011-09-25 13:24:00,3.45,1
official,train,899__event_anchor_003,899,ar899,899,1,2011-09-25 20:48:00,18.8,0
official,train,90__event_anchor_000,90,ar90,90,1,2010-07-13 18:00:00,100.0,0
official,train,900__event_anchor_000,900,ar900,900,1,2011-09-24 07:00:00,175.0,0
official,train,901__event_anchor_000,901,ar901,901,1,2011-09-24 09:36:00,0.4,0
official,train,902__event_anchor_000,902,ar902,902,1,2011-09-24 19:36:00,143.31666666666666,1
official,train,902__event_anchor_001,902,ar902,902,1,2011-09-30 22:48:00,10.133333333333333,1
official,train,902__event_anchor_002,902,ar902,902,1,2011-10-01 12:48:00,11.816666666666666,1
official,train,902__event_anchor_003,902,ar902,902,1,2011-10-02 04:36:00,135.0,0
official,train,903__event_anchor_000,903,ar903,903,1,2011-09-26 02:24:00,277.6,0
official,train,905__event_anchor_000,905,ar905,905,1,2011-09-26 12:36:00,157.0,0
official,train,909__event_anchor_000,909,ar909,909,1,2011-09-28 07:00:00,294.0,0
official,train,91__event_anchor_000,91,ar91,91,1,2010-07-16 21:00:00,117.0,0
official,train,912__event_anchor_000,912,ar912,912,1,2011-09-29 23:24:00,6.4,0
official,train,913__event_anchor_000,913,ar913,913,1,2011-09-30 06:12:00,260.0,0
official,train,915__event_anchor_000,915,ar915,915,1,2011-09-30 14:12:00,76.4,0
official,train,916__event_anchor_000,916,ar916,916,1,2011-09-30 20:00:00,37.8,0
official,train,917__event_anchor_000,917,ar917,917,1,2011-10-01 07:48:00,162.4,0
official,train,918__event_anchor_000,918,ar918,918,1,2011-10-01 11:24:00,328.0,0
official,train,92__event_anchor_000,92,ar92,92,1,2010-07-19 03:12:00,307.4,0
official,train,920__event_anchor_000,920,ar920,920,1,2011-10-02 01:36:00,11.2,0
official,train,921__event_anchor_000,921,ar921,921,1,2011-10-02 05:24:00,295.8,0
official,train,924__event_anchor_000,924,ar924,924,1,2011-10-03 05:24:00,163.2,0
official,train,925__event_anchor_000,925,ar925,925,1,2011-10-03 09:36:00,241.6,0
official,train,926__event_anchor_000,926,ar926,926,1,2011-10-03 18:48:00,211.2,0
official,train,927__event_anchor_000,927,ar927,927,1,2011-10-03 21:48:00,333.6,0
official,train,931__event_anchor_000,931,ar931,931,1,2011-10-04 20:36:00,69.8,0
official,train,932__event_anchor_000,932,ar932,932,1,2011-10-04 22:36:00,303.0,0
official,train,933__event_anchor_000,933,ar933,933,1,2011-10-04 23:48:00,15.4,0
official,train,935__event_anchor_000,935,ar935,935,1,2011-10-06 08:48:00,30.0,0
official,train,937__event_anchor_000,937,ar937,937,1,2011-10-07 06:24:00,171.6,0
official,train,938__event_anchor_000,938,ar938,938,1,2011-10-07 08:00:00,70.6,0
official,train,940__event_anchor_000,940,ar940,940,1,2011-10-08 18:00:00,306.8833333333333,1
official,train,940__event_anchor_001,940,ar940,940,1,2011-10-21 16:48:00,17.2,1
official,train,940__event_anchor_002,940,ar940,940,1,2011-10-22 13:48:00,10.8,0
official,train,942__event_anchor_000,942,ar942,942,1,2011-10-09 05:00:00,57.2,0
official,train,948__event_anchor_000,948,ar948,948,1,2011-10-10 22:12:00,311.2,0
official,train,950__event_anchor_000,950,ar950,950,1,2011-10-11 00:36:00,263.2,0
official,train,953__event_anchor_000,953,ar953,953,1,2011-10-11 11:00:00,16.4,0
official,train,956__event_anchor_000,956,ar956,956,1,2011-10-11 23:00:00,181.2,0
official,train,957__event_anchor_000,957,ar957,957,1,2011-10-12 07:48:00,42.0,0
official,train,958__event_anchor_000,958,ar958,958,1,2011-10-12 10:12:00,140.0,0
official,train,96__event_anchor_000,96,ar96,96,1,2010-07-21 10:48:00,9.4,0
official,train,960__event_anchor_000,960,ar960,960,1,2011-10-12 19:12:00,17.0,0
official,train,964__event_anchor_000,964,ar964,964,1,2011-10-13 12:24:00,79.0,0
official,train,968__event_anchor_000,968,ar968,968,1,2011-10-14 10:24:00,97.8,0
official,train,969__event_anchor_000,969,ar969,969,1,2011-10-15 04:24:00,25.0,0
official,train,97__event_anchor_000,97,ar97,97,1,2010-07-22 00:12:00,68.2,0
official,train,970__event_anchor_000,970,ar970,970,1,2011-10-15 15:00:00,297.6,0
official,train,971__event_anchor_000,971,ar971,971,1,2011-10-15 17:24:00,70.4,0
official,train,973__event_anchor_000,973,ar973,973,1,2011-10-16 13:48:00,45.8,0
official,train,975__event_anchor_000,975,ar975,975,1,2011-10-17 02:48:00,167.8,0
official,train,976__event_anchor_000,976,ar976,976,1,2011-10-17 06:12:00,337.4,0
official,train,977__event_anchor_000,977,ar977,977,1,2011-10-17 09:24:00,40.8,0
official,train,978__event_anchor_000,978,ar978,978,1,2011-10-17 12:36:00,104.8,0
official,train,98__event_anchor_000,98,ar98,98,1,2010-07-23 20:36:00,219.6,0
official,train,982__event_anchor_000,982,ar982,982,1,2011-10-19 03:48:00,228.8,0
official,train,983__event_anchor_000,983,ar983,983,1,2011-10-19 05:12:00,22.0,0
official,train,986__event_anchor_000,986,ar986,986,1,2011-10-19 20:00:00,60.0,0
official,train,99__event_anchor_000,99,ar99,99,1,2010-07-23 23:48:00,223.8,0
official,train,990__event_anchor_000,990,ar990,990,1,2011-10-20 07:24:00,104.4,0
official,train,991__event_anchor_000,991,ar991,991,1,2011-10-20 11:12:00,30.4,0
official,train,995__event_anchor_000,995,ar995,995,1,2011-10-21 00:00:00,5.0,0
official,train,997__event_anchor_000,997,ar997,997,1,2011-10-21 13:00:00,328.0,0
official,train,998__event_anchor_000,998,ar998,998,1,2011-10-21 15:24:00,140.0,0
official,train,1450__event_anchor_000,1450,ar1450,1450,2,2012-03-03 03:24:00,46.4,0
official,train,1453__event_anchor_000,1453,ar1453,1453,2,2012-03-04 09:12:00,44.0,0
official,train,1455__event_anchor_000,1455,ar1455,1455,2,2012-03-04 15:00:00,138.4,0
official,train,1456__event_anchor_000,1456,ar1456,1456,2,2012-03-04 20:12:00,53.8,0
official,train,1457__event_anchor_000,1457,ar1457,1457,2,2012-03-04 20:36:00,244.2,0
official,train,1460__event_anchor_000,1460,ar1460,1460,2,2012-03-07 04:36:00,102.0,0
official,train,1461__event_anchor_000,1461,ar1461,1461,2,2012-03-08 18:24:00,140.73333333333332,1
official,train,1461__event_anchor_001,1461,ar1461,1461,2,2012-03-14 19:00:00,12.383333333333333,1
official,train,1461__event_anchor_002,1461,ar1461,1461,2,2012-03-15 11:12:00,139.0,0
official,train,1462__event_anchor_000,1462,ar1462,1462,2,2012-03-09 13:24:00,194.8,0
official,train,1463__event_anchor_000,1463,ar1463,1463,2,2012-03-09 18:48:00,28.2,0
official,train,1464__event_anchor_000,1464,ar1464,1464,2,2012-03-10 05:00:00,183.53333333333333,1
official,train,1464__event_anchor_001,1464,ar1464,1464,2,2012-03-18 00:24:00,110.4,0
official,train,1465__event_anchor_000,1465,ar1465,1465,2,2012-03-10 08:48:00,300.6,0
official,train,1466__event_anchor_000,1466,ar1466,1466,2,2012-03-10 10:00:00,6.0,0
official,train,1470__event_anchor_000,1470,ar1470,1470,2,2012-03-11 22:12:00,132.8,0
official,train,1471__event_anchor_000,1471,ar1471,1471,2,2012-03-12 01:48:00,242.8,0
official,train,1472__event_anchor_000,1472,ar1472,1472,2,2012-03-13 22:00:00,198.8,0
official,train,1474__event_anchor_000,1474,ar1474,1474,2,2012-03-14 05:12:00,5.0,0
official,train,1475__event_anchor_000,1475,ar1475,1475,2,2012-03-14 10:00:00,186.6,0
official,train,1477__event_anchor_000,1477,ar1477,1477,2,2012-03-15 14:00:00,56.6,0
official,train,1478__event_anchor_000,1478,ar1478,1478,2,2012-03-15 14:00:00,231.2,0
official,train,1479__event_anchor_000,1479,ar1479,1479,2,2012-03-16 09:12:00,43.2,0
official,train,1480__event_anchor_000,1480,ar1480,1480,2,2012-03-16 19:36:00,116.0,0
official,train,1482__event_anchor_000,1482,ar1482,1482,2,2012-03-18 09:48:00,5.2,0
official,train,1483__event_anchor_000,1483,ar1483,1483,2,2012-03-19 00:36:00,56.8,0
official,train,1484__event_anchor_000,1484,ar1484,1484,2,2012-03-19 04:36:00,182.6,0
official,train,1485__event_anchor_000,1485,ar1485,1485,2,2012-03-19 10:00:00,57.2,0
official,train,1486__event_anchor_000,1486,ar1486,1486,2,2012-03-19 14:12:00,3.6,0
official,train,1488__event_anchor_000,1488,ar1488,1488,2,2012-03-19 19:48:00,279.2,0
official,train,1489__event_anchor_000,1489,ar1489,1489,2,2012-03-20 22:12:00,75.0,0
official,train,1491__event_anchor_000,1491,ar1491,1491,2,2012-03-21 02:00:00,25.8,0
official,train,1492__event_anchor_000,1492,ar1492,1492,2,2012-03-21 19:12:00,288.6,0
official,train,1493__event_anchor_000,1493,ar1493,1493,2,2012-03-22 01:12:00,53.0,0
official,train,1495__event_anchor_000,1495,ar1495,1495,2,2012-03-22 16:12:00,188.2,0
official,train,1496__event_anchor_000,1496,ar1496,1496,2,2012-03-22 18:12:00,11.8,0
official,train,1497__event_anchor_000,1497,ar1497,1497,2,2012-03-22 20:48:00,119.2,0
official,train,1500__event_anchor_000,1500,ar1500,1500,2,2012-03-23 03:12:00,16.366666666666667,1
official,train,1500__event_anchor_001,1500,ar1500,1500,2,2012-03-23 23:24:00,298.8,0
official,train,1501__event_anchor_000,1501,ar1501,1501,2,2012-03-23 11:48:00,103.8,0
official,train,1504__event_anchor_000,1504,ar1504,1504,2,2012-03-24 04:36:00,97.6,0
official,train,1506__event_anchor_000,1506,ar1506,1506,2,2012-03-24 06:00:00,75.2,0
official,train,1507__event_anchor_000,1507,ar1507,1507,2,2012-03-24 06:24:00,1.6,0
official,train,1510__event_anchor_000,1510,ar1510,1510,2,2012-03-26 02:24:00,104.4,0
official,train,1514__event_anchor_000,1514,ar1514,1514,2,2012-03-26 19:00:00,286.0,0
official,train,1517__event_anchor_000,1517,ar1517,1517,2,2012-03-28 02:36:00,76.0,0
official,train,1519__event_anchor_000,1519,ar1519,1519,2,2012-03-28 12:00:00,16.2,0
official,train,1520__event_anchor_000,1520,ar1520,1520,2,2012-03-28 13:00:00,134.6,0
official,train,1522__event_anchor_000,1522,ar1522,1522,2,2012-03-29 00:24:00,11.0,0
official,train,1523__event_anchor_000,1523,ar1523,1523,2,2012-03-29 11:48:00,40.6,0
official,train,1527__event_anchor_000,1527,ar1527,1527,2,2012-03-30 01:48:00,299.6,0
official,train,1528__event_anchor_000,1528,ar1528,1528,2,2012-03-30 09:12:00,248.2,0
official,train,1529__event_anchor_000,1529,ar1529,1529,2,2012-03-30 15:48:00,154.6,0
official,train,1530__event_anchor_000,1530,ar1530,1530,2,2012-03-31 18:12:00,33.4,0
official,train,1534__event_anchor_000,1534,ar1534,1534,2,2012-04-01 22:24:00,96.6,0
official,train,1535__event_anchor_000,1535,ar1535,1535,2,2012-04-02 03:48:00,5.4,0
official,train,1537__event_anchor_000,1537,ar1537,1537,2,2012-04-02 15:00:00,58.6,0
official,train,1539__event_anchor_000,1539,ar1539,1539,2,2012-04-02 19:00:00,5.0,0
official,train,1540__event_anchor_000,1540,ar1540,1540,2,2012-04-03 04:24:00,167.6,0
official,train,1541__event_anchor_000,1541,ar1541,1541,2,2012-04-03 06:48:00,104.8,0
official,train,1543__event_anchor_000,1543,ar1543,1543,2,2012-04-04 06:12:00,6.6,0
official,train,1544__event_anchor_000,1544,ar1544,1544,2,2012-04-04 22:36:00,2.6,0
official,train,1545__event_anchor_000,1545,ar1545,1545,2,2012-04-07 08:48:00,26.4,0
official,train,1546__event_anchor_000,1546,ar1546,1546,2,2012-04-07 11:00:00,164.6,0
official,train,1547__event_anchor_000,1547,ar1547,1547,2,2012-04-07 15:00:00,186.0,0
official,train,1548__event_anchor_000,1548,ar1548,1548,2,2012-04-07 16:48:00,171.2,0
official,train,1549__event_anchor_000,1549,ar1549,1549,2,2012-04-07 16:48:00,269.6,0
official,train,1550__event_anchor_000,1550,ar1550,1550,2,2012-04-07 22:12:00,145.2,0
official,train,1551__event_anchor_000,1551,ar1551,1551,2,2012-04-08 11:00:00,126.6,0
official,train,1552__event_anchor_000,1552,ar1552,1552,2,2012-04-08 17:36:00,41.0,0
official,train,1555__event_anchor_000,1555,ar1555,1555,2,2012-04-09 08:48:00,35.6,0
official,train,1556__event_anchor_000,1556,ar1556,1556,2,2012-04-09 16:24:00,40.2,0
official,train,1557__event_anchor_000,1557,ar1557,1557,2,2012-04-09 18:36:00,255.6,0
official,train,1558__event_anchor_000,1558,ar1558,1558,2,2012-04-10 06:12:00,296.8,0
official,train,1560__event_anchor_000,1560,ar1560,1560,2,2012-04-11 02:24:00,83.6,0
official,train,1561__event_anchor_000,1561,ar1561,1561,2,2012-04-11 06:00:00,209.4,0
official,train,1563__event_anchor_000,1563,ar1563,1563,2,2012-04-11 10:00:00,104.2,0
official,train,1564__event_anchor_000,1564,ar1564,1564,2,2012-04-11 10:48:00,61.2,0
official,train,1566__event_anchor_000,1566,ar1566,1566,2,2012-04-12 04:12:00,52.4,0
official,train,1569__event_anchor_000,1569,ar1569,1569,2,2012-04-12 20:48:00,180.0,0
official,train,1570__event_anchor_000,1570,ar1570,1570,2,2012-04-13 18:36:00,80.4,0
official,train,1571__event_anchor_000,1571,ar1571,1571,2,2012-04-13 19:00:00,11.4,0
official,train,1572__event_anchor_000,1572,ar1572,1572,2,2012-04-14 05:36:00,197.0,0
official,train,1573__event_anchor_000,1573,ar1573,1573,2,2012-04-14 09:00:00,250.0,0
official,train,1574__event_anchor_000,1574,ar1574,1574,2,2012-04-14 10:48:00,322.8,0
official,train,1575__event_anchor_000,1575,ar1575,1575,2,2012-04-14 20:24:00,50.2,0
official,train,1576__event_anchor_000,1576,ar1576,1576,2,2012-04-14 21:24:00,16.4,0
official,train,1578__event_anchor_000,1578,ar1578,1578,2,2012-04-15 15:24:00,262.0,0
official,train,1581__event_anchor_000,1581,ar1581,1581,2,2012-04-16 13:24:00,33.2,0
official,train,1582__event_anchor_000,1582,ar1582,1582,2,2012-04-16 16:00:00,1.4,1
official,train,1582__event_anchor_001,1582,ar1582,1582,2,2012-04-16 21:12:00,255.2,0
official,train,1590__event_anchor_000,1590,ar1590,1590,2,2012-04-18 02:48:00,10.2,0
official,train,1592__event_anchor_000,1592,ar1592,1592,2,2012-04-18 11:48:00,28.6,0
official,train,1593__event_anchor_000,1593,ar1593,1593,2,2012-04-19 00:12:00,52.8,0
official,train,1594__event_anchor_000,1594,ar1594,1594,2,2012-04-19 08:36:00,61.0,0
official,train,1596__event_anchor_000,1596,ar1596,1596,2,2012-04-19 18:36:00,258.6,0
official,train,1600__event_anchor_000,1600,ar1600,1600,2,2012-04-20 20:00:00,230.8,0
official,train,1601__event_anchor_000,1601,ar1601,1601,2,2012-04-20 20:48:00,106.4,0
official,train,1602__event_anchor_000,1602,ar1602,1602,2,2012-04-21 00:00:00,112.6,0
official,train,1603__event_anchor_000,1603,ar1603,1603,2,2012-04-21 04:48:00,147.45,1
official,train,1603__event_anchor_001,1603,ar1603,1603,2,2012-04-27 12:12:00,99.0,0
official,train,1606__event_anchor_000,1606,ar1606,1606,2,2012-04-22 04:48:00,39.2,0
official,train,1608__event_anchor_000,1608,ar1608,1608,2,2012-04-22 10:12:00,16.6,0
official,train,1610__event_anchor_000,1610,ar1610,1610,2,2012-04-23 18:00:00,164.2,0
official,train,1611__event_anchor_000,1611,ar1611,1611,2,2012-04-23 23:00:00,312.4,0
official,train,1613__event_anchor_000,1613,ar1613,1613,2,2012-04-24 04:24:00,274.2,0
official,train,1615__event_anchor_000,1615,ar1615,1615,2,2012-04-25 07:24:00,17.2,0
official,train,1618__event_anchor_000,1618,ar1618,1618,2,2012-04-26 16:36:00,37.2,0
official,train,1619__event_anchor_000,1619,ar1619,1619,2,2012-04-27 02:24:00,135.0,0
official,train,1620__event_anchor_000,1620,ar1620,1620,2,2012-04-27 05:48:00,185.4,0
official,train,1621__event_anchor_000,1621,ar1621,1621,2,2012-04-27 14:36:00,239.45,1
official,train,1621__event_anchor_001,1621,ar1621,1621,2,2012-05-07 18:00:00,74.0,0
official,train,1624__event_anchor_000,1624,ar1624,1624,2,2012-04-28 09:36:00,2.4,0
official,train,1626__event_anchor_000,1626,ar1626,1626,2,2012-04-28 12:24:00,34.0,0
official,train,1627__event_anchor_000,1627,ar1627,1627,2,2012-04-28 20:48:00,186.6,0
official,train,1628__event_anchor_000,1628,ar1628,1628,2,2012-04-29 08:00:00,208.6,0
official,train,1632__event_anchor_000,1632,ar1632,1632,2,2012-05-01 21:00:00,266.0,0
official,train,1633__event_anchor_000,1633,ar1633,1633,2,2012-05-01 23:00:00,8.4,0
official,train,1634__event_anchor_000,1634,ar1634,1634,2,2012-05-02 11:48:00,250.2,0
official,train,1636__event_anchor_000,1636,ar1636,1636,2,2012-05-04 07:00:00,16.2,0
official,train,1637__event_anchor_000,1637,ar1637,1637,2,2012-05-04 11:24:00,53.8,0
official,train,1638__event_anchor_000,1638,ar1638,1638,2,2012-05-04 16:48:00,20.516666666666666,1
official,train,1638__event_anchor_001,1638,ar1638,1638,2,2012-05-05 17:12:00,5.733333333333333,1
official,train,1638__event_anchor_002,1638,ar1638,1638,2,2012-05-06 02:48:00,14.883333333333333,1
official,train,1638__event_anchor_003,1638,ar1638,1638,2,2012-05-06 21:36:00,39.43333333333333,1
official,train,1638__event_anchor_004,1638,ar1638,1638,2,2012-05-08 17:00:00,19.35,1
official,train,1638__event_anchor_005,1638,ar1638,1638,2,2012-05-09 16:12:00,4.816666666666666,1
official,train,1638__event_anchor_006,1638,ar1638,1638,2,2012-05-10 01:00:00,3.183333333333333,1
official,train,1638__event_anchor_007,1638,ar1638,1638,2,2012-05-10 08:00:00,12.333333333333334,1
official,train,1638__event_anchor_008,1638,ar1638,1638,2,2012-05-11 00:12:00,145.21666666666667,1
official,train,1638__event_anchor_009,1638,ar1638,1638,2,2012-05-17 05:24:00,17.2,0
official,train,1639__event_anchor_000,1639,ar1639,1639,2,2012-05-04 23:48:00,47.2,0
official,train,1640__event_anchor_000,1640,ar1640,1640,2,2012-05-05 18:24:00,204.4,0
official,train,1641__event_anchor_000,1641,ar1641,1641,2,2012-05-06 03:36:00,126.2,0
official,train,1642__event_anchor_000,1642,ar1642,1642,2,2012-05-06 18:48:00,239.8,0
official,train,1644__event_anchor_000,1644,ar1644,1644,2,2012-05-08 01:00:00,335.8,0
official,train,1648__event_anchor_000,1648,ar1648,1648,2,2012-05-09 10:00:00,15.2,0
official,train,1649__event_anchor_000,1649,ar1649,1649,2,2012-05-09 13:00:00,186.6,0
official,train,1651__event_anchor_000,1651,ar1651,1651,2,2012-05-09 20:24:00,123.6,0
official,train,1653__event_anchor_000,1653,ar1653,1653,2,2012-05-10 17:24:00,324.4,0
official,train,1657__event_anchor_000,1657,ar1657,1657,2,2012-05-12 05:36:00,236.0,0
official,train,1658__event_anchor_000,1658,ar1658,1658,2,2012-05-12 16:24:00,289.0,0
official,train,1661__event_anchor_000,1661,ar1661,1661,2,2012-05-13 01:48:00,17.6,0
official,train,1662__event_anchor_000,1662,ar1662,1662,2,2012-05-13 10:24:00,316.2,0
official,train,1663__event_anchor_000,1663,ar1663,1663,2,2012-05-13 16:00:00,94.0,0
official,train,1666__event_anchor_000,1666,ar1666,1666,2,2012-05-15 00:36:00,5.0,0
official,train,1667__event_anchor_000,1667,ar1667,1667,2,2012-05-15 00:48:00,194.2,0
official,train,1668__event_anchor_000,1668,ar1668,1668,2,2012-05-15 03:12:00,158.6,0
official,train,1669__event_anchor_000,1669,ar1669,1669,2,2012-05-15 05:24:00,234.4,0
official,train,1672__event_anchor_000,1672,ar1672,1672,2,2012-05-15 21:00:00,264.6,0
official,train,1674__event_anchor_000,1674,ar1674,1674,2,2012-05-16 15:24:00,91.8,0
official,train,1675__event_anchor_000,1675,ar1675,1675,2,2012-05-16 15:48:00,22.6,0
official,train,1677__event_anchor_000,1677,ar1677,1677,2,2012-05-17 12:48:00,314.6,0
official,train,1678__event_anchor_000,1678,ar1678,1678,2,2012-05-17 15:12:00,36.0,0
official,train,1680__event_anchor_000,1680,ar1680,1680,2,2012-05-17 21:00:00,136.4,0
official,train,1681__event_anchor_000,1681,ar1681,1681,2,2012-05-17 21:24:00,1.6,0
official,train,1682__event_anchor_000,1682,ar1682,1682,2,2012-05-18 00:24:00,49.8,0
official,train,1688__event_anchor_000,1688,ar1688,1688,2,2012-05-20 17:12:00,275.4,0
official,train,1689__event_anchor_000,1689,ar1689,1689,2,2012-05-20 23:12:00,218.8,0
official,train,1690__event_anchor_000,1690,ar1690,1690,2,2012-05-21 00:12:00,218.2,0
official,train,1691__event_anchor_000,1691,ar1691,1691,2,2012-05-22 00:00:00,204.4,0
official,train,1692__event_anchor_000,1692,ar1692,1692,2,2012-05-22 00:48:00,63.2,0
official,train,1694__event_anchor_000,1694,ar1694,1694,2,2012-05-22 10:24:00,118.0,0
official,train,1695__event_anchor_000,1695,ar1695,1695,2,2012-05-22 12:24:00,182.0,0
official,train,1696__event_anchor_000,1696,ar1696,1696,2,2012-05-22 13:36:00,191.8,0
official,train,1697__event_anchor_000,1697,ar1697,1697,2,2012-05-22 16:24:00,311.0,0
official,train,1698__event_anchor_000,1698,ar1698,1698,2,2012-05-22 18:36:00,93.4,0
official,train,1699__event_anchor_000,1699,ar1699,1699,2,2012-05-23 06:36:00,33.0,0
official,train,1701__event_anchor_000,1701,ar1701,1701,2,2012-05-23 18:12:00,282.8,0
official,train,1704__event_anchor_000,1704,ar1704,1704,2,2012-05-24 23:48:00,30.2,0
official,train,1705__event_anchor_000,1705,ar1705,1705,2,2012-05-24 23:48:00,318.4,0
official,train,1706__event_anchor_000,1706,ar1706,1706,2,2012-05-25 09:00:00,9.6,0
official,train,1708__event_anchor_000,1708,ar1708,1708,2,2012-05-26 14:00:00,199.2,0
official,train,1711__event_anchor_000,1711,ar1711,1711,2,2012-05-27 04:24:00,229.4,0
official,train,1712__event_anchor_000,1712,ar1712,1712,2,2012-05-27 20:12:00,27.0,0
official,train,1715__event_anchor_000,1715,ar1715,1715,2,2012-05-28 16:24:00,229.6,0
official,train,1721__event_anchor_000,1721,ar1721,1721,2,2012-05-29 17:24:00,6.2,0
official,train,1722__event_anchor_000,1722,ar1722,1722,2,2012-05-30 20:12:00,93.6,1
official,train,1722__event_anchor_001,1722,ar1722,1722,2,2012-06-03 21:36:00,242.2,0
official,train,1724__event_anchor_000,1724,ar1724,1724,2,2012-05-31 02:36:00,161.3,1
official,train,1724__event_anchor_001,1724,ar1724,1724,2,2012-06-06 23:48:00,143.4,0
official,train,1725__event_anchor_000,1725,ar1725,1725,2,2012-05-31 05:48:00,61.8,0
official,train,1727__event_anchor_000,1727,ar1727,1727,2,2012-05-31 16:24:00,252.0,0
official,train,1735__event_anchor_000,1735,ar1735,1735,2,2012-06-02 12:12:00,145.6,0
official,train,1737__event_anchor_000,1737,ar1737,1737,2,2012-06-03 04:48:00,108.2,0
official,train,1738__event_anchor_000,1738,ar1738,1738,2,2012-06-04 09:00:00,70.0,0
official,train,1742__event_anchor_000,1742,ar1742,1742,2,2012-06-07 04:00:00,29.0,0
official,train,1743__event_anchor_000,1743,ar1743,1743,2,2012-06-07 12:36:00,39.6,0
official,train,1744__event_anchor_000,1744,ar1744,1744,2,2012-06-07 17:48:00,302.2,0
official,train,1746__event_anchor_000,1746,ar1746,1746,2,2012-06-08 05:24:00,145.0,0
official,train,1750__event_anchor_000,1750,ar1750,1750,2,2012-06-08 15:24:00,19.933333333333334,1
official,train,1750__event_anchor_001,1750,ar1750,1750,2,2012-06-09 15:12:00,1.55,1
official,train,1750__event_anchor_002,1750,ar1750,1750,2,2012-06-09 20:36:00,10.05,1
official,train,1750__event_anchor_003,1750,ar1750,1750,2,2012-06-10 10:36:00,72.88333333333334,1
official,train,1750__event_anchor_004,1750,ar1750,1750,2,2012-06-13 15:24:00,21.466666666666665,1
official,train,1750__event_anchor_005,1750,ar1750,1750,2,2012-06-14 16:48:00,175.2,0
official,train,1751__event_anchor_000,1751,ar1751,1751,2,2012-06-09 01:12:00,204.0,0
official,train,1756__event_anchor_000,1756,ar1756,1756,2,2012-06-09 08:24:00,287.6,0
official,train,1759__event_anchor_000,1759,ar1759,1759,2,2012-06-09 10:48:00,178.6,0
official,train,1760__event_anchor_000,1760,ar1760,1760,2,2012-06-09 13:24:00,81.8,0
official,train,1764__event_anchor_000,1764,ar1764,1764,2,2012-06-11 03:24:00,17.0,0
official,train,1766__event_anchor_000,1766,ar1766,1766,2,2012-06-11 07:12:00,31.4,0
official,train,1767__event_anchor_000,1767,ar1767,1767,2,2012-06-11 08:12:00,13.8,0
official,train,1768__event_anchor_000,1768,ar1768,1768,2,2012-06-11 09:36:00,36.6,0
official,train,1770__event_anchor_000,1770,ar1770,1770,2,2012-06-11 23:00:00,24.2,0
official,train,1772__event_anchor_000,1772,ar1772,1772,2,2012-06-12 02:36:00,20.6,0
official,train,1773__event_anchor_000,1773,ar1773,1773,2,2012-06-12 23:24:00,33.2,0
official,train,1774__event_anchor_000,1774,ar1774,1774,2,2012-06-14 05:24:00,115.8,0
official,train,1776__event_anchor_000,1776,ar1776,1776,2,2012-06-15 02:12:00,178.2,0
official,train,1777__event_anchor_000,1777,ar1777,1777,2,2012-06-15 10:00:00,37.8,0
official,train,1781__event_anchor_000,1781,ar1781,1781,2,2012-06-18 08:24:00,151.2,0
official,train,1782__event_anchor_000,1782,ar1782,1782,2,2012-06-18 21:48:00,156.2,0
official,train,1783__event_anchor_000,1783,ar1783,1783,2,2012-06-18 23:48:00,148.6,0
official,train,1784__event_anchor_000,1784,ar1784,1784,2,2012-06-19 04:36:00,77.2,0
official,train,1785__event_anchor_000,1785,ar1785,1785,2,2012-06-19 11:12:00,143.2,0
official,train,1786__event_anchor_000,1786,ar1786,1786,2,2012-06-20 18:00:00,238.0,0
official,train,1787__event_anchor_000,1787,ar1787,1787,2,2012-06-21 02:00:00,185.8,0
official,train,1788__event_anchor_000,1788,ar1788,1788,2,2012-06-21 09:36:00,126.8,0
official,train,1789__event_anchor_000,1789,ar1789,1789,2,2012-06-21 15:36:00,101.0,0
official,train,1791__event_anchor_000,1791,ar1791,1791,2,2012-06-22 08:12:00,127.4,0
official,train,1794__event_anchor_000,1794,ar1794,1794,2,2012-06-22 23:24:00,198.0,0
official,train,1795__event_anchor_000,1795,ar1795,1795,2,2012-06-23 01:00:00,297.2,0
official,train,1798__event_anchor_000,1798,ar1798,1798,2,2012-06-23 19:48:00,142.0,0
official,train,1803__event_anchor_000,1803,ar1803,1803,2,2012-06-24 09:12:00,123.8,0
official,train,1806__event_anchor_000,1806,ar1806,1806,2,2012-06-26 01:12:00,62.916666666666664,1
official,train,1806__event_anchor_001,1806,ar1806,1806,2,2012-06-28 20:00:00,13.216666666666667,1
official,train,1806__event_anchor_002,1806,ar1806,1806,2,2012-06-29 13:12:00,23.6,1
official,train,1806__event_anchor_003,1806,ar1806,1806,2,2012-06-30 16:36:00,1.8333333333333333,1
official,train,1806__event_anchor_004,1806,ar1806,1806,2,2012-06-30 22:24:00,20.783333333333335,1
official,train,1806__event_anchor_005,1806,ar1806,1806,2,2012-07-01 23:00:00,1.4333333333333333,1
official,train,1806__event_anchor_006,1806,ar1806,1806,2,2012-07-02 04:24:00,60.15,1
official,train,1806__event_anchor_007,1806,ar1806,1806,2,2012-07-04 20:24:00,111.6,0
official,train,1807__event_anchor_000,1807,ar1807,1807,2,2012-06-26 07:48:00,146.91666666666666,1
official,train,1807__event_anchor_001,1807,ar1807,1807,2,2012-07-02 14:36:00,5.383333333333334,1
official,train,1807__event_anchor_002,1807,ar1807,1807,2,2012-07-02 23:48:00,0.016666666666666666,1
official,train,1807__event_anchor_003,1807,ar1807,1807,2,2012-07-03 03:48:00,24.666666666666668,1
official,train,1807__event_anchor_004,1807,ar1807,1807,2,2012-07-04 08:24:00,1.3833333333333333,1
official,train,1807__event_anchor_005,1807,ar1807,1807,2,2012-07-04 13:36:00,0.9833333333333333,1
official,train,1807__event_anchor_006,1807,ar1807,1807,2,2012-07-04 18:24:00,3.65,1
official,train,1807__event_anchor_007,1807,ar1807,1807,2,2012-07-05 02:00:00,0.5833333333333334,1
official,train,1807__event_anchor_008,1807,ar1807,1807,2,2012-07-05 06:24:00,0.4166666666666667,1
official,train,1807__event_anchor_009,1807,ar1807,1807,2,2012-07-05 10:48:00,0.85,1
official,train,1807__event_anchor_010,1807,ar1807,1807,2,2012-07-05 15:36:00,4.55,1
official,train,1807__event_anchor_011,1807,ar1807,1807,2,2012-07-06 00:00:00,1.6166666666666667,1
official,train,1807__event_anchor_012,1807,ar1807,1807,2,2012-07-06 05:36:00,2.683333333333333,1
official,train,1807__event_anchor_013,1807,ar1807,1807,2,2012-07-06 12:12:00,1.2333333333333334,1
official,train,1807__event_anchor_014,1807,ar1807,1807,2,2012-07-06 17:24:00,1.4,1
official,train,1807__event_anchor_015,1807,ar1807,1807,2,2012-07-06 22:36:00,0.4166666666666667,1
official,train,1807__event_anchor_016,1807,ar1807,1807,2,2012-07-07 03:00:00,0.16666666666666666,1
official,train,1807__event_anchor_017,1807,ar1807,1807,2,2012-07-07 07:00:00,3.95,1
official,train,1807__event_anchor_018,1807,ar1807,1807,2,2012-07-07 14:48:00,14.883333333333333,1
official,train,1807__event_anchor_019,1807,ar1807,1807,2,2012-07-08 09:36:00,0.13333333333333333,1
official,train,1807__event_anchor_020,1807,ar1807,1807,2,2012-07-08 13:36:00,2.783333333333333,1
official,train,1807__event_anchor_021,1807,ar1807,1807,2,2012-07-08 20:12:00,31.0,0
official,train,1810__event_anchor_000,1810,ar1810,1810,2,2012-06-26 17:36:00,32.8,0
official,train,1811__event_anchor_000,1811,ar1811,1811,2,2012-06-26 18:48:00,216.0,0
official,train,1814__event_anchor_000,1814,ar1814,1814,2,2012-06-27 12:12:00,35.0,0
official,train,1818__event_anchor_000,1818,ar1818,1818,2,2012-06-29 08:36:00,20.8,0
official,train,1819__event_anchor_000,1819,ar1819,1819,2,2012-06-30 01:00:00,240.4,0
official,train,1820__event_anchor_000,1820,ar1820,1820,2,2012-06-30 15:12:00,122.4,0
official,train,1822__event_anchor_000,1822,ar1822,1822,2,2012-07-01 05:24:00,33.0,0
official,train,1828__event_anchor_000,1828,ar1828,1828,2,2012-07-02 03:48:00,11.6,0
official,train,1830__event_anchor_000,1830,ar1830,1830,2,2012-07-03 03:00:00,24.0,0
official,train,1832__event_anchor_000,1832,ar1832,1832,2,2012-07-03 15:00:00,258.4,0
official,train,1834__event_anchor_000,1834,ar1834,1834,2,2012-07-04 07:12:00,24.466666666666665,1
official,train,1834__event_anchor_001,1834,ar1834,1834,2,2012-07-05 11:36:00,44.7,1
official,train,1834__event_anchor_002,1834,ar1834,1834,2,2012-07-07 12:12:00,58.85,1
official,train,1834__event_anchor_003,1834,ar1834,1834,2,2012-07-10 03:00:00,1.9666666666666666,1
official,train,1834__event_anchor_004,1834,ar1834,1834,2,2012-07-10 08:48:00,54.81666666666667,1
official,train,1834__event_anchor_005,1834,ar1834,1834,2,2012-07-12 19:36:00,33.25,1
official,train,1834__event_anchor_006,1834,ar1834,1834,2,2012-07-14 08:48:00,75.25,1
official,train,1834__event_anchor_007,1834,ar1834,1834,2,2012-07-17 16:00:00,36.28333333333333,1
official,train,1836__event_anchor_000,1836,ar1836,1836,2,2012-07-04 20:12:00,3.6,0
official,train,1837__event_anchor_000,1837,ar1837,1837,2,2012-07-05 10:24:00,28.0,0
official,train,1844__event_anchor_000,1844,ar1844,1844,2,2012-07-06 21:24:00,46.6,0
official,train,1845__event_anchor_000,1845,ar1845,1845,2,2012-07-07 01:36:00,262.8,0
official,train,1856__event_anchor_000,1856,ar1856,1856,2,2012-07-09 20:48:00,183.0,0
official,train,1863__event_anchor_000,1863,ar1863,1863,2,2012-07-12 03:00:00,221.2,0
official,train,1866__event_anchor_000,1866,ar1866,1866,2,2012-07-15 12:24:00,277.2,0
official,train,1867__event_anchor_000,1867,ar1867,1867,2,2012-07-15 17:36:00,19.4,0
official,train,1868__event_anchor_000,1868,ar1868,1868,2,2012-07-15 21:48:00,13.8,0
official,train,1869__event_anchor_000,1869,ar1869,1869,2,2012-07-16 10:24:00,28.0,0
official,train,1872__event_anchor_000,1872,ar1872,1872,2,2012-07-19 03:00:00,60.8,0
official,train,1873__event_anchor_000,1873,ar1873,1873,2,2012-07-19 13:00:00,279.0,0
official,train,1876__event_anchor_000,1876,ar1876,1876,2,2012-07-21 20:48:00,23.0,0
official,train,1877__event_anchor_000,1877,ar1877,1877,2,2012-07-22 13:24:00,304.4,0
official,train,1878__event_anchor_000,1878,ar1878,1878,2,2012-07-22 22:24:00,78.6,0
official,train,1879__event_anchor_000,1879,ar1879,1879,2,2012-07-23 01:00:00,112.28333333333333,1
official,train,1879__event_anchor_001,1879,ar1879,1879,2,2012-07-27 21:12:00,23.533333333333335,1
official,train,1879__event_anchor_002,1879,ar1879,1879,2,2012-07-29 00:36:00,5.65,1
official,train,1879__event_anchor_003,1879,ar1879,1879,2,2012-07-29 10:12:00,29.45,1
official,train,1879__event_anchor_004,1879,ar1879,1879,2,2012-07-30 19:36:00,186.0,0
official,train,1885__event_anchor_000,1885,ar1885,1885,2,2012-07-25 08:36:00,28.4,0
official,train,1886__event_anchor_000,1886,ar1886,1886,2,2012-07-25 11:36:00,92.2,0
official,train,1889__event_anchor_000,1889,ar1889,1889,2,2012-07-26 00:12:00,11.6,0
official,train,1890__event_anchor_000,1890,ar1890,1890,2,2012-07-26 10:48:00,31.8,0
official,train,1892__event_anchor_000,1892,ar1892,1892,2,2012-07-26 16:48:00,174.0,0
official,train,1893__event_anchor_000,1893,ar1893,1893,2,2012-07-26 23:12:00,268.2,0
official,train,1895__event_anchor_000,1895,ar1895,1895,2,2012-07-27 08:12:00,163.8,0
official,train,1903__event_anchor_000,1903,ar1903,1903,2,2012-07-29 02:48:00,318.0,0
official,train,1907__event_anchor_000,1907,ar1907,1907,2,2012-07-31 02:12:00,273.71666666666664,1
official,train,1907__event_anchor_001,1907,ar1907,1907,2,2012-08-11 15:48:00,80.2,0
official,train,1908__event_anchor_000,1908,ar1908,1908,2,2012-07-31 09:24:00,292.4,0
official,train,1909__event_anchor_000,1909,ar1909,1909,2,2012-07-31 22:48:00,82.4,0
official,train,1912__event_anchor_000,1912,ar1912,1912,2,2012-08-02 11:00:00,18.2,0
official,train,1913__event_anchor_000,1913,ar1913,1913,2,2012-08-02 19:36:00,38.4,0
official,train,1915__event_anchor_000,1915,ar1915,1915,2,2012-08-03 00:36:00,136.8,0
official,train,1922__event_anchor_000,1922,ar1922,1922,2,2012-08-04 06:36:00,181.0,0
official,train,1924__event_anchor_000,1924,ar1924,1924,2,2012-08-04 22:12:00,109.4,0
official,train,1925__event_anchor_000,1925,ar1925,1925,2,2012-08-05 04:24:00,9.0,0
official,train,1930__event_anchor_000,1930,ar1930,1930,2,2012-08-06 08:24:00,270.0,0
official,train,1931__event_anchor_000,1931,ar1931,1931,2,2012-08-06 15:00:00,329.2,0
official,train,1932__event_anchor_000,1932,ar1932,1932,2,2012-08-07 11:00:00,121.0,0
official,train,1933__event_anchor_000,1933,ar1933,1933,2,2012-08-08 00:12:00,19.6,0
official,train,1934__event_anchor_000,1934,ar1934,1934,2,2012-08-08 20:24:00,34.0,0
official,train,1935__event_anchor_000,1935,ar1935,1935,2,2012-08-09 17:24:00,31.4,0
official,train,1936__event_anchor_000,1936,ar1936,1936,2,2012-08-09 19:12:00,9.0,0
official,train,1938__event_anchor_000,1938,ar1938,1938,2,2012-08-10 01:00:00,97.8,0
official,train,1939__event_anchor_000,1939,ar1939,1939,2,2012-08-11 00:48:00,105.2,0
official,train,1940__event_anchor_000,1940,ar1940,1940,2,2012-08-15 09:36:00,2.8,0
official,train,1941__event_anchor_000,1941,ar1941,1941,2,2012-08-15 18:48:00,72.4,0
official,train,1942__event_anchor_000,1942,ar1942,1942,2,2012-08-15 21:48:00,245.4,0
official,train,1943__event_anchor_000,1943,ar1943,1943,2,2012-08-16 08:48:00,172.0,0
official,train,1944__event_anchor_000,1944,ar1944,1944,2,2012-08-17 10:00:00,146.6,0
official,train,1945__event_anchor_000,1945,ar1945,1945,2,2012-08-17 22:24:00,78.4,0
official,train,1946__event_anchor_000,1946,ar1946,1946,2,2012-08-18 01:12:00,2.0833333333333335,1
official,train,1946__event_anchor_001,1946,ar1946,1946,2,2012-08-18 07:12:00,8.833333333333334,1
official,train,1946__event_anchor_002,1946,ar1946,1946,2,2012-08-18 20:00:00,2.7666666666666666,1
official,train,1946__event_anchor_003,1946,ar1946,1946,2,2012-08-19 02:36:00,263.8,0
official,train,1947__event_anchor_000,1947,ar1947,1947,2,2012-08-18 04:00:00,107.4,0
official,train,1948__event_anchor_000,1948,ar1948,1948,2,2012-08-18 17:48:00,59.2,0
official,train,1949__event_anchor_000,1949,ar1949,1949,2,2012-08-19 14:24:00,57.8,0
official,train,1950__event_anchor_000,1950,ar1950,1950,2,2012-08-19 15:48:00,6.2,0
official,train,1951__event_anchor_000,1951,ar1951,1951,2,2012-08-20 05:36:00,273.0,0
official,train,1952__event_anchor_000,1952,ar1952,1952,2,2012-08-20 07:36:00,129.4,0
official,train,1953__event_anchor_000,1953,ar1953,1953,2,2012-08-21 05:48:00,212.4,0
official,train,1955__event_anchor_000,1955,ar1955,1955,2,2012-08-21 17:24:00,169.2,0
official,train,1957__event_anchor_000,1957,ar1957,1957,2,2012-08-21 21:48:00,59.6,0
official,train,1959__event_anchor_000,1959,ar1959,1959,2,2012-08-22 09:00:00,311.8,0
official,train,1962__event_anchor_000,1962,ar1962,1962,2,2012-08-22 23:48:00,238.6,0
official,train,1963__event_anchor_000,1963,ar1963,1963,2,2012-08-23 06:24:00,143.6,0
official,train,1965__event_anchor_000,1965,ar1965,1965,2,2012-08-23 20:24:00,22.2,0
official,train,1967__event_anchor_000,1967,ar1967,1967,2,2012-08-23 22:24:00,168.6,0
official,train,1968__event_anchor_000,1968,ar1968,1968,2,2012-08-24 17:36:00,190.0,0
official,train,1970__event_anchor_000,1970,ar1970,1970,2,2012-08-24 19:00:00,287.8,0
official,train,1971__event_anchor_000,1971,ar1971,1971,2,2012-08-25 12:24:00,208.8,0
official,train,1974__event_anchor_000,1974,ar1974,1974,2,2012-08-25 22:36:00,234.6,0
official,train,1976__event_anchor_000,1976,ar1976,1976,2,2012-08-26 02:36:00,192.2,0
official,train,1978__event_anchor_000,1978,ar1978,1978,2,2012-08-26 13:00:00,44.8,0
official,train,1979__event_anchor_000,1979,ar1979,1979,2,2012-08-27 01:00:00,277.0,0
official,train,1981__event_anchor_000,1981,ar1981,1981,2,2012-08-27 07:36:00,72.8,0
official,train,1982__event_anchor_000,1982,ar1982,1982,2,2012-08-27 11:00:00,179.8,0
official,train,1984__event_anchor_000,1984,ar1984,1984,2,2012-08-27 15:48:00,193.4,0
official,train,1987__event_anchor_000,1987,ar1987,1987,2,2012-08-28 08:48:00,26.8,0
official,train,1988__event_anchor_000,1988,ar1988,1988,2,2012-08-28 11:48:00,17.6,0
official,train,1989__event_anchor_000,1989,ar1989,1989,2,2012-08-28 12:48:00,170.8,0
official,train,1990__event_anchor_000,1990,ar1990,1990,2,2012-08-28 19:00:00,292.8,0
official,train,1991__event_anchor_000,1991,ar1991,1991,2,2012-08-28 21:24:00,20.8,0
official,train,1993__event_anchor_000,1993,ar1993,1993,2,2012-08-29 14:24:00,181.7,1
official,train,1993__event_anchor_001,1993,ar1993,1993,2,2012-09-06 08:00:00,44.2,0
official,train,1996__event_anchor_000,1996,ar1996,1996,2,2012-08-30 02:48:00,9.233333333333333,1
official,train,1996__event_anchor_001,1996,ar1996,1996,2,2012-08-30 16:00:00,233.0,0
official,train,1997__event_anchor_000,1997,ar1997,1997,2,2012-08-30 04:12:00,160.0,0
official,train,1998__event_anchor_000,1998,ar1998,1998,2,2012-08-30 10:36:00,98.4,0
official,train,1999__event_anchor_000,1999,ar1999,1999,2,2012-08-30 16:24:00,217.18333333333334,1
official,train,1999__event_anchor_001,1999,ar1999,1999,2,2012-09-08 21:24:00,24.433333333333334,1
official,train,1999__event_anchor_002,1999,ar1999,1999,2,2012-09-10 01:48:00,55.2,0
official,train,2001__event_anchor_000,2001,ar2001,2001,2,2012-09-01 11:24:00,157.6,0
official,train,2007__event_anchor_000,2007,ar2007,2007,2,2012-09-02 16:00:00,180.2,0
official,train,2008__event_anchor_000,2008,ar2008,2008,2,2012-09-02 21:24:00,100.8,0
official,train,2011__event_anchor_000,2011,ar2011,2011,2,2012-09-03 15:12:00,314.2,0
official,train,2012__event_anchor_000,2012,ar2012,2012,2,2012-09-04 09:12:00,172.2,0
official,train,2013__event_anchor_000,2013,ar2013,2013,2,2012-09-04 09:36:00,67.4,0
official,train,2014__event_anchor_000,2014,ar2014,2014,2,2012-09-04 17:24:00,156.0,0
official,train,2015__event_anchor_000,2015,ar2015,2015,2,2012-09-05 06:12:00,30.2,0
official,train,2017__event_anchor_000,2017,ar2017,2017,2,2012-09-05 15:48:00,175.6,0
official,train,2021__event_anchor_000,2021,ar2021,2021,2,2012-09-06 14:12:00,243.0,0
official,train,2023__event_anchor_000,2023,ar2023,2023,2,2012-09-07 06:36:00,64.6,0
official,train,2025__event_anchor_000,2025,ar2025,2025,2,2012-09-08 20:00:00,15.0,0
official,train,2026__event_anchor_000,2026,ar2026,2026,2,2012-09-09 20:24:00,297.4,0
official,train,2027__event_anchor_000,2027,ar2027,2027,2,2012-09-10 10:00:00,3.8,0
official,train,2028__event_anchor_000,2028,ar2028,2028,2,2012-09-11 01:48:00,274.8,0
official,train,2029__event_anchor_000,2029,ar2029,2029,2,2012-09-11 20:48:00,80.6,0
official,train,2030__event_anchor_000,2030,ar2030,2030,2,2012-09-12 12:12:00,217.6,0
official,train,2031__event_anchor_000,2031,ar2031,2031,2,2012-09-12 19:36:00,72.8,0
official,train,2035__event_anchor_000,2035,ar2035,2035,2,2012-09-14 18:36:00,101.6,0
official,train,2036__event_anchor_000,2036,ar2036,2036,2,2012-09-15 00:48:00,38.8,0
official,train,2037__event_anchor_000,2037,ar2037,2037,2,2012-09-15 09:12:00,314.8,0
official,train,2038__event_anchor_000,2038,ar2038,2038,2,2012-09-15 13:12:00,222.2,0
official,train,2039__event_anchor_000,2039,ar2039,2039,2,2012-09-16 16:00:00,132.6,0
official,train,2040__event_anchor_000,2040,ar2040,2040,2,2012-09-18 03:12:00,289.25,1
official,train,2040__event_anchor_001,2040,ar2040,2040,2,2012-09-30 08:24:00,100.0,0
official,train,2041__event_anchor_000,2041,ar2041,2041,2,2012-09-18 03:12:00,213.8,0
official,train,2042__event_anchor_000,2042,ar2042,2042,2,2012-09-18 12:12:00,137.6,0
official,train,2043__event_anchor_000,2043,ar2043,2043,2,2012-09-18 12:48:00,103.2,0
official,train,2044__event_anchor_000,2044,ar2044,2044,2,2012-09-18 13:36:00,276.0,0
official,train,2047__event_anchor_000,2047,ar2047,2047,2,2012-09-19 18:00:00,264.8,0
official,train,2048__event_anchor_000,2048,ar2048,2048,2,2012-09-20 02:00:00,189.4,0
official,train,2055__event_anchor_000,2055,ar2055,2055,2,2012-09-22 22:12:00,176.0,0
official,train,2058__event_anchor_000,2058,ar2058,2058,2,2012-09-23 16:12:00,227.6,0
official,train,2059__event_anchor_000,2059,ar2059,2059,2,2012-09-24 01:12:00,312.0,0
official,train,2061__event_anchor_000,2061,ar2061,2061,2,2012-09-24 15:36:00,265.4,0
official,train,2063__event_anchor_000,2063,ar2063,2063,2,2012-09-24 18:12:00,107.4,0
official,train,2064__event_anchor_000,2064,ar2064,2064,2,2012-09-24 20:36:00,213.6,0
official,train,2065__event_anchor_000,2065,ar2065,2065,2,2012-09-25 04:24:00,94.2,0
official,train,2066__event_anchor_000,2066,ar2066,2066,2,2012-09-25 05:48:00,199.8,0
official,train,2067__event_anchor_000,2067,ar2067,2067,2,2012-09-25 13:48:00,76.4,0
official,train,2069__event_anchor_000,2069,ar2069,2069,2,2012-09-25 20:48:00,308.6,0
official,train,2073__event_anchor_000,2073,ar2073,2073,2,2012-09-26 06:24:00,60.4,0
official,train,2081__event_anchor_000,2081,ar2081,2081,2,2012-09-28 11:36:00,8.8,0
official,train,2083__event_anchor_000,2083,ar2083,2083,2,2012-09-28 17:48:00,0.4,0
official,train,2085__event_anchor_000,2085,ar2085,2085,2,2012-09-28 23:36:00,53.0,0
official,train,2086__event_anchor_000,2086,ar2086,2086,2,2012-09-29 02:00:00,135.8,0
official,train,2088__event_anchor_000,2088,ar2088,2088,2,2012-09-29 16:12:00,134.0,0
official,train,2089__event_anchor_000,2089,ar2089,2089,2,2012-09-29 21:48:00,54.8,0
official,train,2091__event_anchor_000,2091,ar2091,2091,2,2012-09-30 11:48:00,129.4,0
official,train,2094__event_anchor_000,2094,ar2094,2094,2,2012-10-01 04:36:00,116.6,0
official,train,2097__event_anchor_000,2097,ar2097,2097,2,2012-10-01 19:00:00,23.6,0
official,train,2098__event_anchor_000,2098,ar2098,2098,2,2012-10-01 19:12:00,297.8,0
official,train,2099__event_anchor_000,2099,ar2099,2099,2,2012-10-01 20:48:00,45.4,0
official,train,2100__event_anchor_000,2100,ar2100,2100,2,2012-10-02 09:24:00,32.8,0
official,train,2102__event_anchor_000,2102,ar2102,2102,2,2012-10-04 05:12:00,48.4,0
official,train,2103__event_anchor_000,2103,ar2103,2103,2,2012-10-04 15:12:00,152.0,0
official,train,2105__event_anchor_000,2105,ar2105,2105,2,2012-10-05 11:24:00,46.6,0
official,train,2106__event_anchor_000,2106,ar2106,2106,2,2012-10-05 12:00:00,159.6,0
official,train,2107__event_anchor_000,2107,ar2107,2107,2,2012-10-06 16:24:00,305.2,0
official,train,2108__event_anchor_000,2108,ar2108,2108,2,2012-10-06 22:48:00,6.2,0
official,train,2109__event_anchor_000,2109,ar2109,2109,2,2012-10-09 02:00:00,310.0,0
official,train,2110__event_anchor_000,2110,ar2110,2110,2,2012-10-09 06:12:00,35.6,0
official,train,2112__event_anchor_000,2112,ar2112,2112,2,2012-10-10 07:24:00,273.8,0
official,train,2113__event_anchor_000,2113,ar2113,2113,2,2012-10-10 16:12:00,188.0,0
official,train,2114__event_anchor_000,2114,ar2114,2114,2,2012-10-16 20:24:00,87.0,0
official,train,2115__event_anchor_000,2115,ar2115,2115,2,2012-10-12 09:00:00,204.2,0
official,train,2116__event_anchor_000,2116,ar2116,2116,2,2012-10-12 23:24:00,188.0,0
official,train,2117__event_anchor_000,2117,ar2117,2117,2,2012-10-16 20:24:00,254.8,0
official,train,2118__event_anchor_000,2118,ar2118,2118,2,2012-10-16 20:24:00,160.0,0
official,train,2121__event_anchor_000,2121,ar2121,2121,2,2012-10-16 20:24:00,195.4,0
official,train,2122__event_anchor_000,2122,ar2122,2122,2,2012-10-16 20:24:00,225.4,0
official,train,2123__event_anchor_000,2123,ar2123,2123,2,2012-10-16 20:24:00,224.2,0
official,train,2127__event_anchor_000,2127,ar2127,2127,2,2012-10-17 09:24:00,49.6,0
official,train,2130__event_anchor_000,2130,ar2130,2130,2,2012-10-17 20:00:00,311.6,0
official,train,2131__event_anchor_000,2131,ar2131,2131,2,2012-10-17 20:00:00,100.0,0
official,train,2133__event_anchor_000,2133,ar2133,2133,2,2012-10-19 10:24:00,48.4,0
official,train,2135__event_anchor_000,2135,ar2135,2135,2,2012-10-20 09:00:00,162.4,0
official,train,2137__event_anchor_000,2137,ar2137,2137,2,2012-10-20 17:36:00,0.48333333333333334,1
official,train,2137__event_anchor_001,2137,ar2137,2137,2,2012-10-20 22:00:00,21.766666666666666,1
official,train,2137__event_anchor_002,2137,ar2137,2137,2,2012-10-21 23:36:00,19.033333333333335,1
official,train,2137__event_anchor_003,2137,ar2137,2137,2,2012-10-22 22:36:00,4.616666666666666,1
official,train,2137__event_anchor_004,2137,ar2137,2137,2,2012-10-23 07:12:00,253.6,0
official,train,2139__event_anchor_000,2139,ar2139,2139,2,2012-10-21 07:00:00,150.8,0
official,train,2140__event_anchor_000,2140,ar2140,2140,2,2012-10-21 14:36:00,87.8,0
official,train,2141__event_anchor_000,2141,ar2141,2141,2,2012-10-21 15:24:00,99.6,0
official,train,2143__event_anchor_000,2143,ar2143,2143,2,2012-10-23 03:12:00,303.6,0
official,train,2144__event_anchor_000,2144,ar2144,2144,2,2012-10-23 06:12:00,218.4,0
official,train,2145__event_anchor_000,2145,ar2145,2145,2,2012-10-23 09:12:00,127.6,0
official,train,2147__event_anchor_000,2147,ar2147,2147,2,2012-10-23 23:24:00,1.0,0
official,train,2148__event_anchor_000,2148,ar2148,2148,2,2012-10-24 02:00:00,188.2,0
official,train,2149__event_anchor_000,2149,ar2149,2149,2,2012-10-24 14:48:00,175.0,0
official,train,2151__event_anchor_000,2151,ar2151,2151,2,2012-10-25 11:48:00,5.6,0
official,train,2152__event_anchor_000,2152,ar2152,2152,2,2012-10-26 00:12:00,7.6,0
official,train,2153__event_anchor_000,2153,ar2153,2153,2,2012-10-26 01:48:00,72.2,0
official,train,2154__event_anchor_000,2154,ar2154,2154,2,2012-10-26 04:36:00,15.6,0
official,train,2155__event_anchor_000,2155,ar2155,2155,2,2012-10-26 05:48:00,19.8,0
official,train,2156__event_anchor_000,2156,ar2156,2156,2,2012-10-26 07:36:00,36.0,0
official,train,2158__event_anchor_000,2158,ar2158,2158,2,2012-10-26 13:12:00,208.4,0
official,train,2161__event_anchor_000,2161,ar2161,2161,2,2012-10-27 10:12:00,196.6,0
official,train,2162__event_anchor_000,2162,ar2162,2162,2,2012-10-28 01:24:00,116.4,0
official,train,2163__event_anchor_000,2163,ar2163,2163,2,2012-10-28 05:24:00,33.2,0
official,train,2165__event_anchor_000,2165,ar2165,2165,2,2012-10-28 12:36:00,110.6,0
official,train,2166__event_anchor_000,2166,ar2166,2166,2,2012-10-28 15:36:00,279.2,0
official,train,2168__event_anchor_000,2168,ar2168,2168,2,2012-10-29 15:00:00,120.4,0
official,train,2169__event_anchor_000,2169,ar2169,2169,2,2012-10-31 00:36:00,131.6,0
official,train,2170__event_anchor_000,2170,ar2170,2170,2,2012-11-01 04:48:00,50.0,0
official,train,2171__event_anchor_000,2171,ar2171,2171,2,2012-11-02 00:12:00,198.6,0
official,train,2173__event_anchor_000,2173,ar2173,2173,2,2012-11-02 02:12:00,240.4,0
official,train,2175__event_anchor_000,2175,ar2175,2175,2,2012-11-03 12:24:00,108.0,0
official,train,2176__event_anchor_000,2176,ar2176,2176,2,2012-11-04 09:00:00,169.4,0
official,train,2177__event_anchor_000,2177,ar2177,2177,2,2012-11-04 14:00:00,229.4,0
official,train,2178__event_anchor_000,2178,ar2178,2178,2,2012-11-04 23:00:00,101.0,0
official,train,2179__event_anchor_000,2179,ar2179,2179,2,2012-11-05 13:24:00,249.8,0
official,train,2181__event_anchor_000,2181,ar2181,2181,2,2012-11-06 02:48:00,292.0,0
official,train,2183__event_anchor_000,2183,ar2183,2183,2,2012-11-06 17:00:00,21.4,0
official,train,2186__event_anchor_000,2186,ar2186,2186,2,2012-11-07 09:00:00,17.133333333333333,1
official,train,2186__event_anchor_001,2186,ar2186,2186,2,2012-11-08 06:00:00,291.2,0
official,train,2191__event_anchor_000,2191,ar2191,2191,2,2012-11-10 01:36:00,69.61666666666666,1
official,train,2191__event_anchor_001,2191,ar2191,2191,2,2012-11-13 03:12:00,2.5,1
official,train,2191__event_anchor_002,2191,ar2191,2191,2,2012-11-13 09:36:00,11.233333333333333,1
official,train,2191__event_anchor_003,2191,ar2191,2191,2,2012-11-14 00:48:00,3.183333333333333,1
official,train,2191__event_anchor_004,2191,ar2191,2191,2,2012-11-14 07:48:00,207.4,0
official,train,2192__event_anchor_000,2192,ar2192,2192,2,2012-11-10 14:36:00,9.2,0
official,train,2193__event_anchor_000,2193,ar2193,2193,2,2012-11-10 21:00:00,5.183333333333334,1
official,train,2193__event_anchor_001,2193,ar2193,2193,2,2012-11-11 06:00:00,281.2,0
official,train,2197__event_anchor_000,2197,ar2197,2197,2,2012-11-11 22:12:00,26.0,0
official,train,2200__event_anchor_000,2200,ar2200,2200,2,2012-11-12 13:12:00,3.4,0
official,train,2202__event_anchor_000,2202,ar2202,2202,2,2012-11-12 23:36:00,43.8,0
official,train,2203__event_anchor_000,2203,ar2203,2203,2,2012-11-13 04:12:00,307.2,0
official,train,2205__event_anchor_000,2205,ar2205,2205,2,2012-11-13 11:48:00,59.4,0
official,train,2207__event_anchor_000,2207,ar2207,2207,2,2012-11-13 14:48:00,195.4,0
official,train,2211__event_anchor_000,2211,ar2211,2211,2,2012-11-14 13:00:00,14.4,0
official,train,2212__event_anchor_000,2212,ar2212,2212,2,2012-11-14 13:00:00,202.2,0
official,train,2220__event_anchor_000,2220,ar2220,2220,2,2012-11-16 02:00:00,106.6,1
official,train,2220__event_anchor_001,2220,ar2220,2220,2,2012-11-20 16:24:00,2.95,1
official,train,2220__event_anchor_002,2220,ar2220,2220,2,2012-11-20 23:12:00,7.55,1
official,train,2220__event_anchor_003,2220,ar2220,2220,2,2012-11-21 10:36:00,4.566666666666666,1
official,train,2220__event_anchor_004,2220,ar2220,2220,2,2012-11-21 19:00:00,140.86666666666667,1
official,train,2220__event_anchor_005,2220,ar2220,2220,2,2012-11-27 19:48:00,20.4,0
official,train,2224__event_anchor_000,2224,ar2224,2224,2,2012-11-18 07:36:00,228.8,0
official,train,2225__event_anchor_000,2225,ar2225,2225,2,2012-11-18 08:36:00,6.2,0
official,train,2226__event_anchor_000,2226,ar2226,2226,2,2012-11-18 20:48:00,45.6,0
official,train,2227__event_anchor_000,2227,ar2227,2227,2,2012-11-19 01:00:00,212.08333333333334,1
official,train,2227__event_anchor_001,2227,ar2227,2227,2,2012-11-28 01:00:00,20.333333333333332,1
official,train,2227__event_anchor_002,2227,ar2227,2227,2,2012-11-29 01:12:00,65.2,0
official,train,2228__event_anchor_000,2228,ar2228,2228,2,2012-11-19 13:36:00,71.4,0
official,train,2229__event_anchor_000,2229,ar2229,2229,2,2012-11-19 17:00:00,38.2,0
official,train,2230__event_anchor_000,2230,ar2230,2230,2,2012-11-20 23:00:00,48.2,0
official,train,2231__event_anchor_000,2231,ar2231,2231,2,2012-11-21 09:12:00,1.2,0
official,train,2232__event_anchor_000,2232,ar2232,2232,2,2012-11-22 03:00:00,145.4,0
official,train,2233__event_anchor_000,2233,ar2233,2233,2,2012-11-22 10:36:00,101.6,0
official,train,2234__event_anchor_000,2234,ar2234,2234,2,2012-11-22 12:36:00,106.4,0
official,train,2235__event_anchor_000,2235,ar2235,2235,2,2012-11-22 18:00:00,4.6,0
official,train,2236__event_anchor_000,2236,ar2236,2236,2,2012-11-22 21:00:00,71.0,0
official,train,2238__event_anchor_000,2238,ar2238,2238,2,2012-11-24 03:12:00,135.8,0
official,train,2239__event_anchor_000,2239,ar2239,2239,2,2012-11-24 03:12:00,186.4,0
official,train,2240__event_anchor_000,2240,ar2240,2240,2,2012-11-24 08:12:00,287.6,0
official,train,2241__event_anchor_000,2241,ar2241,2241,2,2012-11-25 00:24:00,31.0,0
official,train,2242__event_anchor_000,2242,ar2242,2242,2,2012-11-25 04:00:00,110.8,0
official,train,2245__event_anchor_000,2245,ar2245,2245,2,2012-11-27 01:12:00,311.2,0
official,train,2246__event_anchor_000,2246,ar2246,2246,2,2012-11-27 05:48:00,182.0,0
official,train,2249__event_anchor_000,2249,ar2249,2249,2,2012-11-27 16:00:00,30.4,0
official,train,2254__event_anchor_000,2254,ar2254,2254,2,2012-11-29 07:12:00,57.8,0
official,train,2255__event_anchor_000,2255,ar2255,2255,2,2012-11-29 14:36:00,157.4,0
official,train,2256__event_anchor_000,2256,ar2256,2256,2,2012-11-29 18:00:00,56.8,0
official,train,2257__event_anchor_000,2257,ar2257,2257,2,2012-12-01 03:12:00,63.2,0
official,train,2259__event_anchor_000,2259,ar2259,2259,2,2012-12-03 04:12:00,101.8,0
official,train,2260__event_anchor_000,2260,ar2260,2260,2,2012-12-03 22:48:00,102.4,0
official,train,2261__event_anchor_000,2261,ar2261,2261,2,2012-12-04 14:12:00,220.2,0
official,train,2262__event_anchor_000,2262,ar2262,2262,2,2012-12-04 15:24:00,322.4,0
official,train,2264__event_anchor_000,2264,ar2264,2264,2,2012-12-04 16:00:00,185.4,0
official,train,2265__event_anchor_000,2265,ar2265,2265,2,2012-12-06 02:48:00,193.8,0
official,train,2267__event_anchor_000,2267,ar2267,2267,2,2012-12-06 07:48:00,56.2,0
official,train,2268__event_anchor_000,2268,ar2268,2268,2,2012-12-06 11:48:00,113.2,0
official,train,2270__event_anchor_000,2270,ar2270,2270,2,2012-12-06 21:00:00,203.4,0
official,train,2272__event_anchor_000,2272,ar2272,2272,2,2012-12-07 01:24:00,190.2,0
official,train,2273__event_anchor_000,2273,ar2273,2273,2,2012-12-08 00:24:00,241.8,0
official,train,2274__event_anchor_000,2274,ar2274,2274,2,2012-12-08 03:00:00,10.8,0
official,train,2276__event_anchor_000,2276,ar2276,2276,2,2012-12-08 08:00:00,20.2,0
official,train,2280__event_anchor_000,2280,ar2280,2280,2,2012-12-08 17:00:00,74.0,0
official,train,2283__event_anchor_000,2283,ar2283,2283,2,2012-12-09 14:36:00,17.2,0
official,train,2285__event_anchor_000,2285,ar2285,2285,2,2012-12-09 22:48:00,180.4,0
official,train,2286__event_anchor_000,2286,ar2286,2286,2,2012-12-10 00:36:00,204.8,0
official,train,2287__event_anchor_000,2287,ar2287,2287,2,2012-12-10 11:24:00,165.4,0
official,train,2288__event_anchor_000,2288,ar2288,2288,2,2012-12-10 22:00:00,189.2,0
official,train,2289__event_anchor_000,2289,ar2289,2289,2,2012-12-11 19:48:00,210.8,0
official,train,2291__event_anchor_000,2291,ar2291,2291,2,2012-12-11 23:12:00,171.8,0
official,train,2292__event_anchor_000,2292,ar2292,2292,2,2012-12-12 03:24:00,29.2,0
official,train,2293__event_anchor_000,2293,ar2293,2293,2,2012-12-12 06:12:00,20.0,0
official,train,2294__event_anchor_000,2294,ar2294,2294,2,2012-12-12 07:24:00,105.8,0
official,train,2295__event_anchor_000,2295,ar2295,2295,2,2012-12-12 08:48:00,159.0,0
official,train,2299__event_anchor_000,2299,ar2299,2299,2,2012-12-12 18:00:00,7.4,0
official,train,2301__event_anchor_000,2301,ar2301,2301,2,2012-12-13 07:00:00,280.0,0
official,train,2302__event_anchor_000,2302,ar2302,2302,2,2012-12-13 12:12:00,170.4,0
official,train,2303__event_anchor_000,2303,ar2303,2303,2,2012-12-13 23:00:00,130.2,0
official,train,2306__event_anchor_000,2306,ar2306,2306,2,2012-12-14 10:36:00,311.2,0
official,train,2308__event_anchor_000,2308,ar2308,2308,2,2012-12-15 11:00:00,61.4,0
official,train,2313__event_anchor_000,2313,ar2313,2313,2,2012-12-17 22:12:00,10.0,0
official,train,2314__event_anchor_000,2314,ar2314,2314,2,2012-12-18 05:36:00,294.8,0
official,train,2315__event_anchor_000,2315,ar2315,2315,2,2012-12-18 10:12:00,53.0,0
official,train,2316__event_anchor_000,2316,ar2316,2316,2,2012-12-19 02:00:00,33.4,0
official,train,2318__event_anchor_000,2318,ar2318,2318,2,2012-12-20 06:00:00,24.6,0
official,train,2321__event_anchor_000,2321,ar2321,2321,2,2012-12-23 19:36:00,24.4,0
official,train,2322__event_anchor_000,2322,ar2322,2322,2,2012-12-24 04:24:00,268.6,0
official,train,2323__event_anchor_000,2323,ar2323,2323,2,2012-12-24 10:24:00,104.2,0
official,train,2324__event_anchor_000,2324,ar2324,2324,2,2012-12-25 04:12:00,24.8,0
official,train,2325__event_anchor_000,2325,ar2325,2325,2,2012-12-25 12:00:00,117.8,0
official,train,2329__event_anchor_000,2329,ar2329,2329,2,2012-12-26 12:48:00,255.6,0
official,train,2331__event_anchor_000,2331,ar2331,2331,2,2012-12-26 23:24:00,311.8,0
official,train,2334__event_anchor_000,2334,ar2334,2334,2,2012-12-28 12:36:00,6.0,0
official,train,2335__event_anchor_000,2335,ar2335,2335,2,2012-12-28 21:00:00,30.4,0
official,train,2336__event_anchor_000,2336,ar2336,2336,2,2012-12-29 02:00:00,87.0,0
official,train,2337__event_anchor_000,2337,ar2337,2337,2,2012-12-29 16:00:00,234.8,0
official,train,2338__event_anchor_000,2338,ar2338,2338,2,2012-12-29 22:24:00,240.8,0
official,train,2340__event_anchor_000,2340,ar2340,2340,2,2012-12-30 10:24:00,38.2,0
official,train,2341__event_anchor_000,2341,ar2341,2341,2,2012-12-31 01:00:00,325.4,0
official,train,2342__event_anchor_000,2342,ar2342,2342,2,2012-12-31 04:12:00,211.0,0
official,train,2344__event_anchor_000,2344,ar2344,2344,2,2013-01-01 10:00:00,285.0,0
official,train,2348__event_anchor_000,2348,ar2348,2348,2,2013-01-02 13:36:00,250.8,0
official,train,2349__event_anchor_000,2349,ar2349,2349,2,2013-01-02 17:24:00,80.0,0
official,train,2351__event_anchor_000,2351,ar2351,2351,2,2013-01-02 19:00:00,91.0,0
official,train,2352__event_anchor_000,2352,ar2352,2352,2,2013-01-02 21:12:00,256.4,0
official,train,2353__event_anchor_000,2353,ar2353,2353,2,2013-01-02 23:24:00,143.8,0
official,train,2355__event_anchor_000,2355,ar2355,2355,2,2013-01-03 19:00:00,124.2,0
official,train,2356__event_anchor_000,2356,ar2356,2356,2,2013-01-03 19:12:00,175.6,0
official,train,2358__event_anchor_000,2358,ar2358,2358,2,2013-01-04 00:00:00,312.4,0
official,train,2360__event_anchor_000,2360,ar2360,2360,2,2013-01-04 06:12:00,296.0,0
official,train,2361__event_anchor_000,2361,ar2361,2361,2,2013-01-04 06:48:00,175.0,0
official,train,2362__event_anchor_000,2362,ar2362,2362,2,2013-01-05 06:36:00,2.8333333333333335,1
official,train,2362__event_anchor_001,2362,ar2362,2362,2,2013-01-05 13:24:00,179.35,1
official,train,2362__event_anchor_002,2362,ar2362,2362,2,2013-01-13 04:36:00,3.9833333333333334,1
official,train,2362__event_anchor_003,2362,ar2362,2362,2,2013-01-13 12:24:00,110.6,0
official,train,2366__event_anchor_000,2366,ar2366,2366,2,2013-01-05 11:36:00,242.8,0
official,train,2368__event_anchor_000,2368,ar2368,2368,2,2013-01-05 18:12:00,15.6,0
official,train,2370__event_anchor_000,2370,ar2370,2370,2,2013-01-07 02:00:00,142.0,0
official,train,2371__event_anchor_000,2371,ar2371,2371,2,2013-01-07 06:12:00,218.8,0
official,train,2372__event_anchor_000,2372,ar2372,2372,2,2013-01-07 22:36:00,82.11666666666666,1
official,train,2372__event_anchor_001,2372,ar2372,2372,2,2013-01-11 12:36:00,2.25,1
official,train,2372__event_anchor_002,2372,ar2372,2372,2,2013-01-11 18:48:00,239.2,0
official,train,2375__event_anchor_000,2375,ar2375,2375,2,2013-01-08 07:00:00,16.0,0
official,train,2377__event_anchor_000,2377,ar2377,2377,2,2013-01-08 13:24:00,2.6,0
official,train,2378__event_anchor_000,2378,ar2378,2378,2,2013-01-08 16:00:00,35.6,0
official,train,2380__event_anchor_000,2380,ar2380,2380,2,2013-01-10 03:12:00,240.0,0
official,train,2381__event_anchor_000,2381,ar2381,2381,2,2013-01-10 12:48:00,126.6,0
official,train,2384__event_anchor_000,2384,ar2384,2384,2,2013-01-11 19:00:00,268.2,0
official,train,2387__event_anchor_000,2387,ar2387,2387,2,2013-01-12 11:00:00,303.0,0
official,train,2396__event_anchor_000,2396,ar2396,2396,2,2013-01-13 20:48:00,41.6,0
official,train,2398__event_anchor_000,2398,ar2398,2398,2,2013-01-14 04:12:00,140.2,0
official,train,2399__event_anchor_000,2399,ar2399,2399,2,2013-01-15 01:24:00,147.4,0
official,train,2400__event_anchor_000,2400,ar2400,2400,2,2013-01-15 11:00:00,289.2,0
official,train,2401__event_anchor_000,2401,ar2401,2401,2,2013-01-15 22:24:00,168.8,0
official,train,2407__event_anchor_000,2407,ar2407,2407,2,2013-01-17 16:36:00,2.0,0
official,train,2408__event_anchor_000,2408,ar2408,2408,2,2013-01-19 15:24:00,126.6,0
official,train,2409__event_anchor_000,2409,ar2409,2409,2,2013-01-19 15:24:00,151.8,0
official,train,2411__event_anchor_000,2411,ar2411,2411,2,2013-01-21 12:48:00,249.8,0
official,train,2412__event_anchor_000,2412,ar2412,2412,2,2013-01-22 02:00:00,21.2,0
official,train,2413__event_anchor_000,2413,ar2413,2413,2,2013-01-22 17:48:00,187.2,0
official,train,2414__event_anchor_000,2414,ar2414,2414,2,2013-01-22 19:24:00,307.2,0
official,train,2415__event_anchor_000,2415,ar2415,2415,2,2013-01-23 01:00:00,176.0,0
official,train,2419__event_anchor_000,2419,ar2419,2419,2,2013-01-24 17:12:00,130.4,0
official,train,2420__event_anchor_000,2420,ar2420,2420,2,2013-01-24 23:36:00,259.2,0
official,train,2421__event_anchor_000,2421,ar2421,2421,2,2013-01-25 03:36:00,17.8,0
official,train,2423__event_anchor_000,2423,ar2423,2423,2,2013-01-25 09:36:00,233.4,0
official,train,2424__event_anchor_000,2424,ar2424,2424,2,2013-01-25 09:48:00,246.6,0
official,train,2425__event_anchor_000,2425,ar2425,2425,2,2013-01-27 03:12:00,70.0,0
official,train,2426__event_anchor_000,2426,ar2426,2426,2,2013-01-27 03:12:00,144.0,0
official,train,2427__event_anchor_000,2427,ar2427,2427,2,2013-01-27 03:12:00,154.4,0
official,train,2428__event_anchor_000,2428,ar2428,2428,2,2013-01-27 07:00:00,60.2,0
official,train,2429__event_anchor_000,2429,ar2429,2429,2,2013-01-27 07:36:00,40.0,0
official,train,2430__event_anchor_000,2430,ar2430,2430,2,2013-01-27 13:24:00,54.8,0
official,train,2431__event_anchor_000,2431,ar2431,2431,2,2013-01-27 17:36:00,67.4,0
official,train,2432__event_anchor_000,2432,ar2432,2432,2,2013-01-28 01:48:00,216.2,0
official,train,2433__event_anchor_000,2433,ar2433,2433,2,2013-01-28 09:36:00,329.0,0
official,train,2436__event_anchor_000,2436,ar2436,2436,2,2013-01-30 05:12:00,213.0,0
official,train,2437__event_anchor_000,2437,ar2437,2437,2,2013-01-30 12:48:00,47.0,0
official,train,2438__event_anchor_000,2438,ar2438,2438,2,2013-01-31 14:48:00,72.4,0
official,train,2439__event_anchor_000,2439,ar2439,2439,2,2013-01-31 18:48:00,320.0,0
official,train,2440__event_anchor_000,2440,ar2440,2440,2,2013-01-31 19:00:00,17.8,0
official,train,2441__event_anchor_000,2441,ar2441,2441,2,2013-02-01 03:48:00,127.2,0
official,train,2442__event_anchor_000,2442,ar2442,2442,2,2013-02-01 03:48:00,55.2,0
official,train,2443__event_anchor_000,2443,ar2443,2443,2,2013-02-01 03:48:00,210.8,0
official,train,2444__event_anchor_000,2444,ar2444,2444,2,2013-02-01 03:48:00,54.0,0
official,train,2446__event_anchor_000,2446,ar2446,2446,2,2013-02-02 09:12:00,131.0,0
official,train,2448__event_anchor_000,2448,ar2448,2448,2,2013-02-02 23:00:00,95.4,0
official,train,2450__event_anchor_000,2450,ar2450,2450,2,2013-02-03 12:12:00,300.6,0
official,train,2452__event_anchor_000,2452,ar2452,2452,2,2013-02-03 19:24:00,245.0,0
official,train,2453__event_anchor_000,2453,ar2453,2453,2,2013-02-04 00:24:00,212.0,0
official,train,2458__event_anchor_000,2458,ar2458,2458,2,2013-02-04 23:00:00,142.6,0
official,train,2459__event_anchor_000,2459,ar2459,2459,2,2013-02-05 09:36:00,286.4,0
official,train,2460__event_anchor_000,2460,ar2460,2460,2,2013-02-06 00:48:00,264.4,0
official,train,2462__event_anchor_000,2462,ar2462,2462,2,2013-02-06 18:12:00,105.4,0
official,train,2463__event_anchor_000,2463,ar2463,2463,2,2013-02-06 18:24:00,140.0,0
official,train,2464__event_anchor_000,2464,ar2464,2464,2,2013-02-06 20:48:00,65.2,0
official,train,2465__event_anchor_000,2465,ar2465,2465,2,2013-02-07 03:24:00,169.6,0
official,train,2466__event_anchor_000,2466,ar2466,2466,2,2013-02-07 17:48:00,234.8,0
official,train,2467__event_anchor_000,2467,ar2467,2467,2,2013-02-07 23:24:00,61.2,0
official,train,2468__event_anchor_000,2468,ar2468,2468,2,2013-02-08 01:36:00,80.2,0
official,train,2469__event_anchor_000,2469,ar2469,2469,2,2013-02-09 06:36:00,349.0,0
official,train,2470__event_anchor_000,2470,ar2470,2470,2,2013-02-09 13:12:00,175.6,0
official,train,2471__event_anchor_000,2471,ar2471,2471,2,2013-02-10 00:00:00,191.8,0
official,train,2472__event_anchor_000,2472,ar2472,2472,2,2013-02-10 11:48:00,47.6,0
official,train,2473__event_anchor_000,2473,ar2473,2473,2,2013-02-10 13:24:00,103.0,0
official,train,2474__event_anchor_000,2474,ar2474,2474,2,2013-02-10 15:24:00,47.0,0
official,train,2475__event_anchor_000,2475,ar2475,2475,2,2013-02-10 16:00:00,221.6,0
official,train,2479__event_anchor_000,2479,ar2479,2479,2,2013-02-11 14:24:00,106.4,0
official,train,2480__event_anchor_000,2480,ar2480,2480,2,2013-02-11 15:00:00,62.2,0
official,train,2481__event_anchor_000,2481,ar2481,2481,2,2013-02-11 23:00:00,118.0,0
official,train,2482__event_anchor_000,2482,ar2482,2482,2,2013-02-11 23:12:00,51.8,0
official,train,2488__event_anchor_000,2488,ar2488,2488,2,2013-02-13 14:36:00,97.8,0
official,train,2489__event_anchor_000,2489,ar2489,2489,2,2013-02-14 05:00:00,297.4,0
official,train,2491__event_anchor_000,2491,ar2491,2491,2,2013-02-15 09:00:00,54.75,1
official,train,2491__event_anchor_001,2491,ar2491,2491,2,2013-02-17 19:36:00,183.8,0
official,train,2492__event_anchor_000,2492,ar2492,2492,2,2013-02-16 04:00:00,283.6,0
official,train,2493__event_anchor_000,2493,ar2493,2493,2,2013-02-16 04:00:00,270.0,0
official,train,2496__event_anchor_000,2496,ar2496,2496,2,2013-02-17 03:48:00,44.0,0
official,train,2497__event_anchor_000,2497,ar2497,2497,2,2013-02-17 17:00:00,78.8,0
official,train,2498__event_anchor_000,2498,ar2498,2498,2,2013-02-18 17:48:00,46.0,0
official,train,2500__event_anchor_000,2500,ar2500,2500,2,2013-02-23 14:00:00,163.2,0
official,train,2501__event_anchor_000,2501,ar2501,2501,2,2013-02-23 23:48:00,246.8,0
official,train,2502__event_anchor_000,2502,ar2502,2502,2,2013-02-24 09:24:00,307.2,0
official,train,2503__event_anchor_000,2503,ar2503,2503,2,2013-02-24 16:48:00,7.2,0
official,train,2504__event_anchor_000,2504,ar2504,2504,2,2013-02-24 20:12:00,231.2,0
official,train,2506__event_anchor_000,2506,ar2506,2506,2,2013-02-25 12:00:00,84.2,0
official,train,2511__event_anchor_000,2511,ar2511,2511,2,2013-02-27 09:36:00,329.6,0
official,train,2516__event_anchor_000,2516,ar2516,2516,2,2013-03-01 03:48:00,134.8,0
official,train,2518__event_anchor_000,2518,ar2518,2518,2,2013-03-01 03:48:00,121.6,0
official,train,2519__event_anchor_000,2519,ar2519,2519,2,2013-03-01 10:24:00,93.38333333333334,1
official,train,2519__event_anchor_001,2519,ar2519,2519,2,2013-03-05 11:36:00,80.8,0
official,train,2520__event_anchor_000,2520,ar2520,2520,2,2013-03-01 23:24:00,328.0,0
official,train,2522__event_anchor_000,2522,ar2522,2522,2,2013-03-02 14:00:00,349.2,0
official,train,2525__event_anchor_000,2525,ar2525,2525,2,2013-03-04 01:00:00,224.2,0
official,train,2529__event_anchor_000,2529,ar2529,2529,2,2013-03-04 17:24:00,216.0,0
official,train,2530__event_anchor_000,2530,ar2530,2530,2,2013-03-04 20:24:00,207.4,0
official,train,2532__event_anchor_000,2532,ar2532,2532,2,2013-03-04 22:00:00,110.6,0
official,train,2533__event_anchor_000,2533,ar2533,2533,2,2013-03-06 02:48:00,288.4,0
official,train,2537__event_anchor_000,2537,ar2537,2537,2,2013-03-06 14:48:00,63.2,0
official,train,2541__event_anchor_000,2541,ar2541,2541,2,2013-03-07 05:24:00,292.0,0
official,train,2543__event_anchor_000,2543,ar2543,2543,2,2013-03-08 06:12:00,291.6,0
official,train,2546__event_anchor_000,2546,ar2546,2546,2,2013-03-09 03:48:00,145.96666666666667,1
official,train,2546__event_anchor_001,2546,ar2546,2546,2,2013-03-15 09:36:00,156.1,1
official,train,2546__event_anchor_002,2546,ar2546,2546,2,2013-03-22 01:36:00,25.4,0
official,train,2547__event_anchor_000,2547,ar2547,2547,2,2013-03-08 12:36:00,172.2,0
official,train,2548__event_anchor_000,2548,ar2548,2548,2,2013-03-08 17:00:00,83.2,0
official,train,2553__event_anchor_000,2553,ar2553,2553,2,2013-03-09 12:12:00,65.0,0
official,train,2554__event_anchor_000,2554,ar2554,2554,2,2013-03-09 14:12:00,77.6,0
official,train,2555__event_anchor_000,2555,ar2555,2555,2,2013-03-09 23:12:00,68.8,0
official,train,2556__event_anchor_000,2556,ar2556,2556,2,2013-03-09 23:36:00,91.2,0
official,train,2557__event_anchor_000,2557,ar2557,2557,2,2013-03-11 01:48:00,313.2,0
official,train,2560__event_anchor_000,2560,ar2560,2560,2,2013-03-10 13:24:00,262.6,0
official,train,2564__event_anchor_000,2564,ar2564,2564,2,2013-03-11 09:48:00,54.0,0
official,train,2565__event_anchor_000,2565,ar2565,2565,2,2013-03-12 05:00:00,262.0,0
official,train,2567__event_anchor_000,2567,ar2567,2567,2,2013-03-12 08:24:00,72.6,0
official,train,2568__event_anchor_000,2568,ar2568,2568,2,2013-03-12 12:36:00,63.0,0
official,train,2569__event_anchor_000,2569,ar2569,2569,2,2013-03-12 16:36:00,151.4,0
official,train,2570__event_anchor_000,2570,ar2570,2570,2,2013-03-14 08:24:00,133.2,0
official,train,2571__event_anchor_000,2571,ar2571,2571,2,2013-03-15 12:48:00,302.2,0
official,train,2573__event_anchor_000,2573,ar2573,2573,2,2013-03-16 03:48:00,136.6,0
official,train,2575__event_anchor_000,2575,ar2575,2575,2,2013-03-16 17:12:00,100.2,0
official,train,2576__event_anchor_000,2576,ar2576,2576,2,2013-03-17 13:12:00,164.2,0
official,train,2577__event_anchor_000,2577,ar2577,2577,2,2013-03-17 14:12:00,124.2,0
official,train,2580__event_anchor_000,2580,ar2580,2580,2,2013-03-19 01:00:00,134.8,0
official,train,2581__event_anchor_000,2581,ar2581,2581,2,2013-03-20 03:48:00,170.0,0
official,train,2582__event_anchor_000,2582,ar2582,2582,2,2013-03-20 12:00:00,210.2,0
official,train,2583__event_anchor_000,2583,ar2583,2583,2,2013-03-20 14:36:00,133.4,0
official,train,2585__event_anchor_000,2585,ar2585,2585,2,2013-03-22 01:36:00,284.6,0
official,train,2587__event_anchor_000,2587,ar2587,2587,2,2013-03-23 02:24:00,311.6,0
official,train,2591__event_anchor_000,2591,ar2591,2591,2,2013-03-23 18:48:00,64.0,0
official,train,2593__event_anchor_000,2593,ar2593,2593,2,2013-03-24 04:00:00,108.2,0
official,train,2594__event_anchor_000,2594,ar2594,2594,2,2013-03-25 22:48:00,167.0,0
official,train,2595__event_anchor_000,2595,ar2595,2595,2,2013-03-26 04:36:00,147.0,0
official,train,2596__event_anchor_000,2596,ar2596,2596,2,2013-03-26 17:36:00,192.8,0
official,train,2597__event_anchor_000,2597,ar2597,2597,2,2013-03-27 23:48:00,341.8,0
official,train,2598__event_anchor_000,2598,ar2598,2598,2,2013-03-27 15:24:00,215.6,0
official,train,2599__event_anchor_000,2599,ar2599,2599,2,2013-03-27 16:00:00,286.0,0
official,train,2602__event_anchor_000,2602,ar2602,2602,2,2013-03-28 01:00:00,52.2,0
official,train,2605__event_anchor_000,2605,ar2605,2605,2,2013-03-29 06:24:00,347.8,0
official,train,2607__event_anchor_000,2607,ar2607,2607,2,2013-03-30 04:00:00,160.8,0
official,train,2610__event_anchor_000,2610,ar2610,2610,2,2013-03-30 04:00:00,159.8,0
official,train,2615__event_anchor_000,2615,ar2615,2615,2,2013-03-31 04:00:00,56.4,0
official,train,2619__event_anchor_000,2619,ar2619,2619,2,2013-04-01 03:48:00,320.0,0
official,train,2622__event_anchor_000,2622,ar2622,2622,2,2013-04-01 11:12:00,60.6,0
official,train,2623__event_anchor_000,2623,ar2623,2623,2,2013-04-01 18:24:00,208.0,0
official,train,2625__event_anchor_000,2625,ar2625,2625,2,2013-04-03 08:00:00,259.6,0
official,train,2626__event_anchor_000,2626,ar2626,2626,2,2013-04-02 09:00:00,125.2,0
official,train,2629__event_anchor_000,2629,ar2629,2629,2,2013-04-04 02:12:00,59.4,0
official,train,2630__event_anchor_000,2630,ar2630,2630,2,2013-04-03 16:48:00,99.6,0
official,train,2631__event_anchor_000,2631,ar2631,2631,2,2013-04-03 17:24:00,54.2,0
official,train,2632__event_anchor_000,2632,ar2632,2632,2,2013-04-03 21:48:00,81.4,0
official,train,2634__event_anchor_000,2634,ar2634,2634,2,2013-04-05 15:12:00,218.4,0
official,train,2635__event_anchor_000,2635,ar2635,2635,2,2013-04-05 18:12:00,132.71666666666667,1
official,train,2635__event_anchor_001,2635,ar2635,2635,2,2013-04-11 10:48:00,177.2,0
official,train,2636__event_anchor_000,2636,ar2636,2636,2,2013-04-05 19:00:00,168.86666666666667,1
official,train,2636__event_anchor_001,2636,ar2636,2636,2,2013-04-12 23:48:00,74.0,0
official,train,2639__event_anchor_000,2639,ar2639,2639,2,2013-04-05 15:24:00,74.0,0
official,train,2640__event_anchor_000,2640,ar2640,2640,2,2013-04-05 17:24:00,49.4,0
official,train,2641__event_anchor_000,2641,ar2641,2641,2,2013-04-05 19:36:00,151.6,0
official,train,2642__event_anchor_000,2642,ar2642,2642,2,2013-04-05 20:00:00,172.0,0
official,train,2645__event_anchor_000,2645,ar2645,2645,2,2013-04-07 19:48:00,135.6,0
official,train,2651__event_anchor_000,2651,ar2651,2651,2,2013-04-09 04:24:00,289.0,0
official,train,2652__event_anchor_000,2652,ar2652,2652,2,2013-04-09 09:24:00,20.4,0
official,train,2654__event_anchor_000,2654,ar2654,2654,2,2013-04-10 09:48:00,26.6,0
official,train,2655__event_anchor_000,2655,ar2655,2655,2,2013-04-10 13:36:00,148.8,0
official,train,2656__event_anchor_000,2656,ar2656,2656,2,2013-04-11 13:24:00,177.6,0
official,train,2657__event_anchor_000,2657,ar2657,2657,2,2013-04-11 21:36:00,146.4,0
official,train,2658__event_anchor_000,2658,ar2658,2658,2,2013-04-12 00:12:00,0.2,0
official,train,2659__event_anchor_000,2659,ar2659,2659,2,2013-04-12 00:24:00,144.4,0
official,train,2661__event_anchor_000,2661,ar2661,2661,2,2013-04-12 18:36:00,273.0,0
official,train,2663__event_anchor_000,2663,ar2663,2663,2,2013-04-13 08:00:00,259.6,0
official,train,2665__event_anchor_000,2665,ar2665,2665,2,2013-04-14 17:00:00,16.4,0
official,train,2666__event_anchor_000,2666,ar2666,2666,2,2013-04-16 12:36:00,5.6,0
official,train,2667__event_anchor_000,2667,ar2667,2667,2,2013-04-16 17:12:00,29.0,0
official,train,2669__event_anchor_000,2669,ar2669,2669,2,2013-04-18 16:00:00,72.2,0
official,train,2670__event_anchor_000,2670,ar2670,2670,2,2013-04-18 16:36:00,39.8,0
official,train,2672__event_anchor_000,2672,ar2672,2672,2,2013-04-19 05:12:00,248.4,0
official,train,2673__event_anchor_000,2673,ar2673,2673,2,2013-04-19 08:12:00,74.16666666666667,1
official,train,2673__event_anchor_001,2673,ar2673,2673,2,2013-04-22 14:12:00,115.0,0
official,train,2674__event_anchor_000,2674,ar2674,2674,2,2013-04-19 11:48:00,33.4,0
official,train,2676__event_anchor_000,2676,ar2676,2676,2,2013-04-19 21:12:00,34.4,0
official,train,2677__event_anchor_000,2677,ar2677,2677,2,2013-04-20 06:00:00,291.8,0
official,train,2678__event_anchor_000,2678,ar2678,2678,2,2013-04-20 10:24:00,231.8,0
official,train,2683__event_anchor_000,2683,ar2683,2683,2,2013-04-21 16:48:00,158.0,0
official,train,2685__event_anchor_000,2685,ar2685,2685,2,2013-04-22 15:24:00,292.0,0
official,train,2687__event_anchor_000,2687,ar2687,2687,2,2013-04-23 06:36:00,99.8,0
official,train,2691__event_anchor_000,2691,ar2691,2691,2,2013-04-24 06:48:00,252.8,0
official,train,2692__event_anchor_000,2692,ar2692,2692,2,2013-04-24 23:00:00,52.6,0
official,train,2693__event_anchor_000,2693,ar2693,2693,2,2013-04-24 23:00:00,173.96666666666667,1
official,train,2693__event_anchor_001,2693,ar2693,2693,2,2013-05-02 08:48:00,31.85,1
official,train,2693__event_anchor_002,2693,ar2693,2693,2,2013-05-03 20:36:00,67.4,0
official,train,2696__event_anchor_000,2696,ar2696,2696,2,2013-04-26 19:24:00,367.2,0
official,train,2699__event_anchor_000,2699,ar2699,2699,2,2013-04-27 19:12:00,32.0,0
official,train,2700__event_anchor_000,2700,ar2700,2700,2,2013-04-28 06:00:00,7.8,0
official,train,2703__event_anchor_000,2703,ar2703,2703,2,2013-04-28 23:36:00,64.8,0
official,train,2704__event_anchor_000,2704,ar2704,2704,2,2013-04-29 08:00:00,247.6,0
official,train,2705__event_anchor_000,2705,ar2705,2705,2,2013-04-29 08:00:00,126.0,0
official,train,2708__event_anchor_000,2708,ar2708,2708,2,2013-04-30 04:00:00,176.6,0
official,train,2710__event_anchor_000,2710,ar2710,2710,2,2013-04-30 22:48:00,70.2,0
official,train,2711__event_anchor_000,2711,ar2711,2711,2,2013-05-01 22:24:00,216.0,0
official,train,2713__event_anchor_000,2713,ar2713,2713,2,2013-05-02 13:12:00,8.4,0
official,train,2714__event_anchor_000,2714,ar2714,2714,2,2013-05-02 15:00:00,31.2,0
official,train,2716__event_anchor_000,2716,ar2716,2716,2,2013-05-03 03:24:00,14.0,1
official,train,2716__event_anchor_001,2716,ar2716,2716,2,2013-05-03 21:12:00,44.5,1
official,train,2716__event_anchor_002,2716,ar2716,2716,2,2013-05-05 21:36:00,210.6,0
official,train,2718__event_anchor_000,2718,ar2718,2718,2,2013-05-03 13:12:00,266.6,0
official,train,2719__event_anchor_000,2719,ar2719,2719,2,2013-05-03 13:48:00,6.8,0
official,train,2721__event_anchor_000,2721,ar2721,2721,2,2013-05-03 20:00:00,198.0,0
official,train,2724__event_anchor_000,2724,ar2724,2724,2,2013-05-04 11:36:00,33.8,0
official,train,2725__event_anchor_000,2725,ar2725,2725,2,2013-05-04 14:36:00,6.8,0
official,train,2727__event_anchor_000,2727,ar2727,2727,2,2013-05-05 10:36:00,281.2,0
official,train,2728__event_anchor_000,2728,ar2728,2728,2,2013-05-05 11:36:00,24.6,0
official,train,2732__event_anchor_000,2732,ar2732,2732,2,2013-05-06 18:00:00,113.0,0
official,train,2733__event_anchor_000,2733,ar2733,2733,2,2013-05-07 21:48:00,277.4,0
official,train,2735__event_anchor_000,2735,ar2735,2735,2,2013-05-08 22:12:00,296.0,0
official,train,2737__event_anchor_000,2737,ar2737,2737,2,2013-05-10 05:12:00,327.4,0
official,train,2738__event_anchor_000,2738,ar2738,2738,2,2013-05-10 07:24:00,87.8,0
official,train,2739__event_anchor_000,2739,ar2739,2739,2,2013-05-10 10:24:00,2.216666666666667,1
official,train,2739__event_anchor_001,2739,ar2739,2739,2,2013-05-10 16:36:00,284.53333333333336,1
official,train,2739__event_anchor_002,2739,ar2739,2739,2,2013-05-22 17:00:00,19.6,0
official,train,2740__event_anchor_000,2740,ar2740,2740,2,2013-05-10 17:48:00,5.6,0
official,train,2741__event_anchor_000,2741,ar2741,2741,2,2013-05-10 21:36:00,211.4,0
official,train,2748__event_anchor_000,2748,ar2748,2748,2,2013-05-13 09:24:00,2.55,1
official,train,2748__event_anchor_001,2748,ar2748,2748,2,2013-05-13 15:48:00,8.2,1
official,train,2748__event_anchor_002,2748,ar2748,2748,2,2013-05-14 03:48:00,21.616666666666667,1
official,train,2748__event_anchor_003,2748,ar2748,2748,2,2013-05-15 05:24:00,40.2,1
official,train,2748__event_anchor_004,2748,ar2748,2748,2,2013-05-17 01:24:00,7.316666666666666,1
official,train,2748__event_anchor_005,2748,ar2748,2748,2,2013-05-17 12:36:00,206.4,0
official,train,2749__event_anchor_000,2749,ar2749,2749,2,2013-05-13 22:00:00,135.8,0
official,train,2750__event_anchor_000,2750,ar2750,2750,2,2013-05-15 04:48:00,158.2,0
official,train,2751__event_anchor_000,2751,ar2751,2751,2,2013-05-15 11:48:00,158.0,0
official,train,2754__event_anchor_000,2754,ar2754,2754,2,2013-05-15 20:36:00,91.2,0
official,train,2756__event_anchor_000,2756,ar2756,2756,2,2013-05-16 21:00:00,58.8,0
official,train,2757__event_anchor_000,2757,ar2757,2757,2,2013-05-18 03:12:00,77.4,0
official,train,2758__event_anchor_000,2758,ar2758,2758,2,2013-05-18 14:00:00,329.4,0
official,train,2759__event_anchor_000,2759,ar2759,2759,2,2013-05-19 05:12:00,149.4,0
official,train,2760__event_anchor_000,2760,ar2760,2760,2,2013-05-19 12:00:00,17.266666666666666,1
official,train,2760__event_anchor_001,2760,ar2760,2760,2,2013-05-20 09:12:00,315.0,0
official,train,2765__event_anchor_000,2765,ar2765,2765,2,2013-05-20 14:48:00,69.6,0
official,train,2773__event_anchor_000,2773,ar2773,2773,2,2013-05-22 17:12:00,6.0,0
official,train,2774__event_anchor_000,2774,ar2774,2774,2,2013-05-23 01:00:00,2.2,0
official,train,2776__event_anchor_000,2776,ar2776,2776,2,2013-05-23 22:24:00,199.2,0
official,train,2777__event_anchor_000,2777,ar2777,2777,2,2013-05-24 00:48:00,2.4,0
official,train,2778__event_anchor_000,2778,ar2778,2778,2,2013-05-24 11:24:00,8.6,0
official,train,2779__event_anchor_000,2779,ar2779,2779,2,2013-05-24 20:48:00,271.4,0
official,train,2780__event_anchor_000,2780,ar2780,2780,2,2013-05-24 22:36:00,9.8,0
official,train,2783__event_anchor_000,2783,ar2783,2783,2,2013-05-25 05:12:00,90.8,0
official,train,2787__event_anchor_000,2787,ar2787,2787,2,2013-05-25 15:24:00,2.8,0
official,train,2788__event_anchor_000,2788,ar2788,2788,2,2013-05-25 23:00:00,224.6,0
official,train,2790__event_anchor_000,2790,ar2790,2790,2,2013-05-26 05:48:00,242.43333333333334,1
official,train,2790__event_anchor_001,2790,ar2790,2790,2,2013-06-05 12:12:00,57.983333333333334,1
official,train,2790__event_anchor_002,2790,ar2790,2790,2,2013-06-08 02:00:00,8.6,0
official,train,2793__event_anchor_000,2793,ar2793,2793,2,2013-05-26 16:24:00,13.4,0
official,train,2794__event_anchor_000,2794,ar2794,2794,2,2013-05-27 00:36:00,150.6,0
official,train,2795__event_anchor_000,2795,ar2795,2795,2,2013-05-27 03:48:00,0.6,0
official,train,2799__event_anchor_000,2799,ar2799,2799,2,2013-05-27 23:24:00,56.2,0
official,train,2801__event_anchor_000,2801,ar2801,2801,2,2013-05-28 11:36:00,78.0,0
official,train,2804__event_anchor_000,2804,ar2804,2804,2,2013-05-28 14:24:00,38.8,0
official,train,2805__event_anchor_000,2805,ar2805,2805,2,2013-05-28 20:00:00,95.4,0
official,train,2808__event_anchor_000,2808,ar2808,2808,2,2013-05-29 00:48:00,168.4,0
official,train,2809__event_anchor_000,2809,ar2809,2809,2,2013-05-29 02:12:00,65.66666666666667,1
official,train,2809__event_anchor_001,2809,ar2809,2809,2,2013-05-31 23:48:00,164.6,0
official,train,2811__event_anchor_000,2811,ar2811,2811,2,2013-05-29 15:12:00,81.6,0
official,train,2812__event_anchor_000,2812,ar2812,2812,2,2013-05-29 16:48:00,209.0,0
official,train,2813__event_anchor_000,2813,ar2813,2813,2,2013-05-29 21:48:00,61.6,0
official,train,2814__event_anchor_000,2814,ar2814,2814,2,2013-05-29 22:48:00,3.0,0
official,train,2816__event_anchor_000,2816,ar2816,2816,2,2013-05-30 12:48:00,10.0,0
official,train,2819__event_anchor_000,2819,ar2819,2819,2,2013-06-01 04:36:00,167.0,0
official,train,2821__event_anchor_000,2821,ar2821,2821,2,2013-06-01 13:36:00,202.4,0
official,train,2822__event_anchor_000,2822,ar2822,2822,2,2013-06-02 04:00:00,136.0,0
official,train,2824__event_anchor_000,2824,ar2824,2824,2,2013-06-03 06:36:00,62.0,0
official,train,2825__event_anchor_000,2825,ar2825,2825,2,2013-06-04 02:00:00,222.6,0
official,train,2826__event_anchor_000,2826,ar2826,2826,2,2013-06-04 03:00:00,126.6,0
official,train,2827__event_anchor_000,2827,ar2827,2827,2,2013-06-04 04:12:00,82.6,0
official,train,2828__event_anchor_000,2828,ar2828,2828,2,2013-06-04 10:00:00,8.2,0
official,train,2829__event_anchor_000,2829,ar2829,2829,2,2013-06-04 17:36:00,45.0,0
official,train,2831__event_anchor_000,2831,ar2831,2831,2,2013-06-05 07:00:00,236.8,0
official,train,2832__event_anchor_000,2832,ar2832,2832,2,2013-06-05 08:36:00,311.8,0
official,train,2837__event_anchor_000,2837,ar2837,2837,2,2013-06-06 12:36:00,128.8,0
official,train,2838__event_anchor_000,2838,ar2838,2838,2,2013-06-07 02:00:00,289.0,0
official,train,2839__event_anchor_000,2839,ar2839,2839,2,2013-06-08 05:24:00,186.6,0
official,train,2844__event_anchor_000,2844,ar2844,2844,2,2013-06-09 21:24:00,182.0,0
official,train,2846__event_anchor_000,2846,ar2846,2846,2,2013-06-10 14:36:00,176.8,0
official,train,2847__event_anchor_000,2847,ar2847,2847,2,2013-06-11 01:00:00,95.4,0
official,train,2849__event_anchor_000,2849,ar2849,2849,2,2013-06-11 14:36:00,112.8,0
official,train,2851__event_anchor_000,2851,ar2851,2851,2,2013-06-12 02:48:00,134.2,0
official,train,2852__event_anchor_000,2852,ar2852,2852,2,2013-06-12 21:12:00,369.0,0
official,train,2858__event_anchor_000,2858,ar2858,2858,2,2013-06-14 08:12:00,16.6,0
official,train,2861__event_anchor_000,2861,ar2861,2861,2,2013-06-14 17:00:00,277.8,0
official,train,2862__event_anchor_000,2862,ar2862,2862,2,2013-06-14 19:48:00,36.6,0
official,train,2869__event_anchor_000,2869,ar2869,2869,2,2013-06-17 16:24:00,223.8,0
official,train,2871__event_anchor_000,2871,ar2871,2871,2,2013-06-17 20:36:00,3.8,0
official,train,2873__event_anchor_000,2873,ar2873,2873,2,2013-06-18 10:00:00,218.2,0
official,train,2875__event_anchor_000,2875,ar2875,2875,2,2013-06-18 15:24:00,177.6,0
official,train,2876__event_anchor_000,2876,ar2876,2876,2,2013-06-19 00:36:00,5.4,0
official,train,2878__event_anchor_000,2878,ar2878,2878,2,2013-06-19 20:00:00,30.5,1
official,train,2878__event_anchor_001,2878,ar2878,2878,2,2013-06-21 06:24:00,277.0,0
official,train,2880__event_anchor_000,2880,ar2880,2880,2,2013-06-20 10:36:00,207.6,0
official,train,2881__event_anchor_000,2881,ar2881,2881,2,2013-06-20 13:48:00,92.6,0
official,train,2884__event_anchor_000,2884,ar2884,2884,2,2013-06-21 02:00:00,34.0,0
official,train,2885__event_anchor_000,2885,ar2885,2885,2,2013-06-21 19:48:00,63.2,0
official,train,2887__event_anchor_000,2887,ar2887,2887,2,2013-06-22 09:00:00,35.8,1
official,train,2887__event_anchor_001,2887,ar2887,2887,2,2013-06-24 00:36:00,281.6,0
official,train,2888__event_anchor_000,2888,ar2888,2888,2,2013-06-22 09:12:00,185.6,0
official,train,2891__event_anchor_000,2891,ar2891,2891,2,2013-06-23 07:24:00,23.0,0
official,train,2892__event_anchor_000,2892,ar2892,2892,2,2013-06-23 15:48:00,21.6,0
official,train,2898__event_anchor_000,2898,ar2898,2898,2,2013-06-24 22:00:00,189.4,0
official,train,2899__event_anchor_000,2899,ar2899,2899,2,2013-06-25 01:24:00,3.4,0
official,train,2900__event_anchor_000,2900,ar2900,2900,2,2013-06-25 10:24:00,181.8,0
official,train,2901__event_anchor_000,2901,ar2901,2901,2,2013-06-25 22:48:00,12.6,0
official,train,2902__event_anchor_000,2902,ar2902,2902,2,2013-06-26 04:12:00,37.2,0
official,train,2903__event_anchor_000,2903,ar2903,2903,2,2013-06-26 10:00:00,14.4,0
official,train,2904__event_anchor_000,2904,ar2904,2904,2,2013-06-26 14:48:00,170.0,0
official,train,2905__event_anchor_000,2905,ar2905,2905,2,2013-06-27 06:36:00,9.8,0
official,train,2906__event_anchor_000,2906,ar2906,2906,2,2013-06-27 08:00:00,168.0,0
official,train,2907__event_anchor_000,2907,ar2907,2907,2,2013-06-27 10:36:00,73.0,0
official,train,2910__event_anchor_000,2910,ar2910,2910,2,2013-06-27 22:36:00,150.8,0
official,train,2911__event_anchor_000,2911,ar2911,2911,2,2013-06-27 23:48:00,0.6,0
official,train,2912__event_anchor_000,2912,ar2912,2912,2,2013-06-28 00:00:00,169.8,0
official,train,2913__event_anchor_000,2913,ar2913,2913,2,2013-06-28 12:36:00,33.8,0
official,train,2914__event_anchor_000,2914,ar2914,2914,2,2013-06-28 20:48:00,89.0,0
official,train,2915__event_anchor_000,2915,ar2915,2915,2,2013-06-29 06:12:00,21.8,0
official,train,2916__event_anchor_000,2916,ar2916,2916,2,2013-06-30 06:12:00,51.6,0
official,train,2917__event_anchor_000,2917,ar2917,2917,2,2013-06-30 14:12:00,107.0,0
official,train,2918__event_anchor_000,2918,ar2918,2918,2,2013-07-01 02:00:00,152.0,0
official,train,2920__event_anchor_000,2920,ar2920,2920,2,2013-07-01 09:48:00,45.2,1
official,train,2920__event_anchor_001,2920,ar2920,2920,2,2013-07-03 10:48:00,268.8,0
official,train,2922__event_anchor_000,2922,ar2922,2922,2,2013-07-01 14:24:00,218.6,0
official,train,2923__event_anchor_000,2923,ar2923,2923,2,2013-07-02 03:48:00,53.0,0
official,train,2925__event_anchor_000,2925,ar2925,2925,2,2013-07-02 08:36:00,203.2,0
official,train,2929__event_anchor_000,2929,ar2929,2929,2,2013-07-03 16:00:00,207.2,0
official,train,2930__event_anchor_000,2930,ar2930,2930,2,2013-07-03 21:12:00,66.8,0
official,train,2931__event_anchor_000,2931,ar2931,2931,2,2013-07-03 22:36:00,31.2,0
official,train,2933__event_anchor_000,2933,ar2933,2933,2,2013-07-04 06:24:00,2.2,0
official,train,2935__event_anchor_000,2935,ar2935,2935,2,2013-07-04 14:48:00,1.2,0
official,train,2937__event_anchor_000,2937,ar2937,2937,2,2013-07-04 22:48:00,228.6,0
official,train,2941__event_anchor_000,2941,ar2941,2941,2,2013-07-05 22:36:00,53.8,0
official,train,2942__event_anchor_000,2942,ar2942,2942,2,2013-07-06 17:24:00,176.2,0
official,train,2944__event_anchor_000,2944,ar2944,2944,2,2013-07-06 21:36:00,64.2,0
official,train,2945__event_anchor_000,2945,ar2945,2945,2,2013-07-06 22:36:00,239.8,0
official,train,2948__event_anchor_000,2948,ar2948,2948,2,2013-07-08 18:12:00,100.6,0
official,train,2949__event_anchor_000,2949,ar2949,2949,2,2013-07-09 13:00:00,55.0,0
official,train,2951__event_anchor_000,2951,ar2951,2951,2,2013-07-10 10:00:00,58.0,0
official,train,2952__event_anchor_000,2952,ar2952,2952,2,2013-07-10 13:24:00,274.6,0
official,train,2953__event_anchor_000,2953,ar2953,2953,2,2013-07-10 19:12:00,16.4,0
official,train,2954__event_anchor_000,2954,ar2954,2954,2,2013-07-11 02:00:00,262.8,0
official,train,2955__event_anchor_000,2955,ar2955,2955,2,2013-07-11 09:36:00,210.6,0
official,train,2956__event_anchor_000,2956,ar2956,2956,2,2013-07-11 22:12:00,197.8,0
official,train,2958__event_anchor_000,2958,ar2958,2958,2,2013-07-12 13:24:00,35.2,0
official,train,2960__event_anchor_000,2960,ar2960,2960,2,2013-07-12 18:00:00,18.2,0
official,train,2961__event_anchor_000,2961,ar2961,2961,2,2013-07-12 23:12:00,144.6,0
official,train,2964__event_anchor_000,2964,ar2964,2964,2,2013-07-13 06:24:00,273.8,0
official,train,2966__event_anchor_000,2966,ar2966,2966,2,2013-07-13 18:24:00,295.4,0
official,train,2968__event_anchor_000,2968,ar2968,2968,2,2013-07-13 22:48:00,320.8,0
official,train,2972__event_anchor_000,2972,ar2972,2972,2,2013-07-15 13:48:00,138.0,0
official,train,2974__event_anchor_000,2974,ar2974,2974,2,2013-07-15 17:24:00,162.0,0
official,train,2976__event_anchor_000,2976,ar2976,2976,2,2013-07-15 20:24:00,106.8,0
official,train,2978__event_anchor_000,2978,ar2978,2978,2,2013-07-16 06:36:00,22.0,0
official,train,2980__event_anchor_000,2980,ar2980,2980,2,2013-07-17 10:36:00,105.6,0
official,train,2981__event_anchor_000,2981,ar2981,2981,2,2013-07-17 17:00:00,348.2,0
official,train,2982__event_anchor_000,2982,ar2982,2982,2,2013-07-17 17:00:00,178.0,0
official,train,2983__event_anchor_000,2983,ar2983,2983,2,2013-07-17 23:48:00,4.4,0
official,train,2984__event_anchor_000,2984,ar2984,2984,2,2013-07-18 02:24:00,231.6,0
official,train,2993__event_anchor_000,2993,ar2993,2993,2,2013-07-20 09:24:00,96.0,0
official,train,2995__event_anchor_000,2995,ar2995,2995,2,2013-07-20 20:24:00,239.8,0
official,train,2996__event_anchor_000,2996,ar2996,2996,2,2013-07-21 02:48:00,1.2,0
official,train,2997__event_anchor_000,2997,ar2997,2997,2,2013-07-22 00:00:00,185.0,0
official,train,2998__event_anchor_000,2998,ar2998,2998,2,2013-07-22 08:12:00,206.2,0
official,train,2999__event_anchor_000,2999,ar2999,2999,2,2013-07-22 20:24:00,315.2,0
official,train,3000__event_anchor_000,3000,ar3000,3000,2,2013-07-23 02:24:00,5.2,0
official,train,3001__event_anchor_000,3001,ar3001,3001,2,2013-07-23 04:36:00,87.0,0
official,train,3002__event_anchor_000,3002,ar3002,3002,2,2013-07-23 09:00:00,0.6,0
official,train,3003__event_anchor_000,3003,ar3003,3003,2,2013-07-23 09:48:00,131.4,0
official,train,3004__event_anchor_000,3004,ar3004,3004,2,2013-07-23 14:00:00,118.8,0
official,train,3005__event_anchor_000,3005,ar3005,3005,2,2013-07-23 15:48:00,0.2,0
official,train,3010__event_anchor_000,3010,ar3010,3010,2,2013-07-25 03:48:00,46.6,0
official,train,3011__event_anchor_000,3011,ar3011,3011,2,2013-07-25 12:36:00,205.4,0
official,train,3012__event_anchor_000,3012,ar3012,3012,2,2013-07-26 06:48:00,292.4,0
official,train,3014__event_anchor_000,3014,ar3014,3014,2,2013-07-26 15:12:00,40.8,0
official,train,3015__event_anchor_000,3015,ar3015,3015,2,2013-07-27 11:12:00,86.0,0
official,train,3017__event_anchor_000,3017,ar3017,3017,2,2013-07-27 19:48:00,98.4,0
official,train,3018__event_anchor_000,3018,ar3018,3018,2,2013-07-28 04:36:00,264.4,0
official,train,3019__event_anchor_000,3019,ar3019,3019,2,2013-07-28 14:12:00,142.8,0
official,train,3021__event_anchor_000,3021,ar3021,3021,2,2013-07-29 00:36:00,22.0,0
official,train,3022__event_anchor_000,3022,ar3022,3022,2,2013-07-29 07:12:00,272.8,0
official,train,3025__event_anchor_000,3025,ar3025,3025,2,2013-07-29 14:48:00,159.0,0
official,train,3027__event_anchor_000,3027,ar3027,3027,2,2013-07-29 17:12:00,62.6,0
official,train,3028__event_anchor_000,3028,ar3028,3028,2,2013-07-30 12:48:00,334.6,0
official,train,3029__event_anchor_000,3029,ar3029,3029,2,2013-07-30 21:36:00,63.6,0
official,train,3030__event_anchor_000,3030,ar3030,3030,2,2013-07-31 02:00:00,206.2,0
official,train,3031__event_anchor_000,3031,ar3031,3031,2,2013-07-31 05:12:00,305.2,0
official,train,3032__event_anchor_000,3032,ar3032,3032,2,2013-07-31 09:12:00,217.2,0
official,train,3034__event_anchor_000,3034,ar3034,3034,2,2013-08-01 08:48:00,130.8,0
official,train,3037__event_anchor_000,3037,ar3037,3037,2,2013-08-02 01:36:00,19.2,0
official,train,3038__event_anchor_000,3038,ar3038,3038,2,2013-08-02 02:36:00,160.6,0
official,train,3040__event_anchor_000,3040,ar3040,3040,2,2013-08-03 01:48:00,72.0,0
official,train,3041__event_anchor_000,3041,ar3041,3041,2,2013-08-03 09:00:00,197.4,0
official,train,3042__event_anchor_000,3042,ar3042,3042,2,2013-08-03 22:24:00,165.8,0
official,train,3045__event_anchor_000,3045,ar3045,3045,2,2013-08-04 17:24:00,30.2,0
official,train,3046__event_anchor_000,3046,ar3046,3046,2,2013-08-04 21:48:00,7.8,0
official,train,3047__event_anchor_000,3047,ar3047,3047,2,2013-08-05 21:36:00,158.6,0
official,train,3048__event_anchor_000,3048,ar3048,3048,2,2013-08-06 14:48:00,139.55,1
official,train,3048__event_anchor_001,3048,ar3048,3048,2,2013-08-12 14:12:00,173.4,0
official,train,3049__event_anchor_000,3049,ar3049,3049,2,2013-08-06 18:00:00,137.6,0
official,train,3052__event_anchor_000,3052,ar3052,3052,2,2013-08-07 23:00:00,6.0,0
official,train,3053__event_anchor_000,3053,ar3053,3053,2,2013-08-08 06:12:00,177.2,0
official,train,3054__event_anchor_000,3054,ar3054,3054,2,2013-08-09 01:12:00,139.4,0
official,train,3055__event_anchor_000,3055,ar3055,3055,2,2013-08-09 05:24:00,17.6,0
official,train,3056__event_anchor_000,3056,ar3056,3056,2,2013-08-09 10:24:00,199.86666666666667,1
official,train,3056__event_anchor_001,3056,ar3056,3056,2,2013-08-17 22:12:00,95.8,0
official,train,3057__event_anchor_000,3057,ar3057,3057,2,2013-08-09 15:12:00,142.6,0
official,train,3059__event_anchor_000,3059,ar3059,3059,2,2013-08-09 21:48:00,0.8,0
official,train,3061__event_anchor_000,3061,ar3061,3061,2,2013-08-10 16:36:00,68.0,0
official,train,3062__event_anchor_000,3062,ar3062,3062,2,2013-08-11 08:12:00,58.4,0
official,train,3063__event_anchor_000,3063,ar3063,3063,2,2013-08-11 13:48:00,53.6,0
official,train,3064__event_anchor_000,3064,ar3064,3064,2,2013-08-11 22:00:00,176.6,0
official,train,3065__event_anchor_000,3065,ar3065,3065,2,2013-08-12 00:36:00,177.2,0
official,train,3066__event_anchor_000,3066,ar3066,3066,2,2013-08-12 02:00:00,319.8,0
official,train,3068__event_anchor_000,3068,ar3068,3068,2,2013-08-12 04:48:00,287.8,0
official,train,3071__event_anchor_000,3071,ar3071,3071,2,2013-08-12 15:12:00,153.2,0
official,train,3072__event_anchor_000,3072,ar3072,3072,2,2013-08-12 17:12:00,47.8,0
official,train,3073__event_anchor_000,3073,ar3073,3073,2,2013-08-12 20:12:00,186.4,0
official,train,3074__event_anchor_000,3074,ar3074,3074,2,2013-08-12 22:00:00,63.4,0
official,train,3077__event_anchor_000,3077,ar3077,3077,2,2013-08-13 15:12:00,117.8,0
official,train,3079__event_anchor_000,3079,ar3079,3079,2,2013-08-14 10:12:00,70.8,0
official,train,3082__event_anchor_000,3082,ar3082,3082,2,2013-08-15 00:24:00,303.4,0
official,train,3085__event_anchor_000,3085,ar3085,3085,2,2013-08-15 17:12:00,172.6,0
official,train,3091__event_anchor_000,3091,ar3091,3091,2,2013-08-17 04:48:00,243.2,0
official,train,3095__event_anchor_000,3095,ar3095,3095,2,2013-08-17 09:24:00,53.6,0
official,train,3097__event_anchor_000,3097,ar3097,3097,2,2013-08-17 10:00:00,117.2,0
official,train,3098__event_anchor_000,3098,ar3098,3098,2,2013-08-17 23:48:00,288.6,0
official,train,3102__event_anchor_000,3102,ar3102,3102,2,2013-08-18 09:48:00,13.8,0
official,train,3103__event_anchor_000,3103,ar3103,3103,2,2013-08-18 14:12:00,294.6,0
official,train,3104__event_anchor_000,3104,ar3104,3104,2,2013-08-18 14:24:00,230.8,0
official,train,3105__event_anchor_000,3105,ar3105,3105,2,2013-08-18 20:48:00,65.8,0
official,train,3107__event_anchor_000,3107,ar3107,3107,2,2013-08-19 06:24:00,2.0,0
official,train,3108__event_anchor_000,3108,ar3108,3108,2,2013-08-19 08:24:00,35.2,0
official,train,3109__event_anchor_000,3109,ar3109,3109,2,2013-08-19 17:36:00,77.4,0
official,train,3111__event_anchor_000,3111,ar3111,3111,2,2013-08-20 13:24:00,2.6,0
official,train,3112__event_anchor_000,3112,ar3112,3112,2,2013-08-20 15:12:00,5.4,0
official,train,3113__event_anchor_000,3113,ar3113,3113,2,2013-08-20 20:36:00,64.6,0
official,train,3114__event_anchor_000,3114,ar3114,3114,2,2013-08-21 09:00:00,86.0,0
official,train,3115__event_anchor_000,3115,ar3115,3115,2,2013-08-21 09:48:00,102.0,0
official,train,3116__event_anchor_000,3116,ar3116,3116,2,2013-08-22 12:12:00,90.8,0
official,train,3118__event_anchor_000,3118,ar3118,3118,2,2013-08-23 14:24:00,3.2,0
official,train,3119__event_anchor_000,3119,ar3119,3119,2,2013-08-23 22:48:00,314.6,0
official,train,3120__event_anchor_000,3120,ar3120,3120,2,2013-08-23 23:12:00,182.0,0
official,train,3122__event_anchor_000,3122,ar3122,3122,2,2013-08-24 14:48:00,300.4,0
official,train,3123__event_anchor_000,3123,ar3123,3123,2,2013-08-24 21:24:00,4.4,0
official,train,3124__event_anchor_000,3124,ar3124,3124,2,2013-08-25 01:36:00,240.4,0
official,train,3126__event_anchor_000,3126,ar3126,3126,2,2013-08-26 00:48:00,117.4,0
official,train,3128__event_anchor_000,3128,ar3128,3128,2,2013-08-26 15:12:00,38.2,0
official,train,3129__event_anchor_000,3129,ar3129,3129,2,2013-08-26 15:48:00,315.2,0
official,train,3130__event_anchor_000,3130,ar3130,3130,2,2013-08-26 16:24:00,158.4,0
official,train,3131__event_anchor_000,3131,ar3131,3131,2,2013-08-26 20:48:00,0.8,0
official,train,3134__event_anchor_000,3134,ar3134,3134,2,2013-08-27 05:12:00,140.0,0
official,train,3135__event_anchor_000,3135,ar3135,3135,2,2013-08-27 06:36:00,74.0,0
official,train,3140__event_anchor_000,3140,ar3140,3140,2,2013-08-28 06:48:00,218.0,0
official,train,3149__event_anchor_000,3149,ar3149,3149,2,2013-08-31 02:00:00,190.6,0
official,train,3151__event_anchor_000,3151,ar3151,3151,2,2013-09-02 05:24:00,105.2,0
official,train,3152__event_anchor_000,3152,ar3152,3152,2,2013-09-02 08:24:00,80.6,0
official,train,3153__event_anchor_000,3153,ar3153,3153,2,2013-09-04 01:24:00,237.6,0
official,train,3154__event_anchor_000,3154,ar3154,3154,2,2013-09-04 22:12:00,300.4,0
official,train,3158__event_anchor_000,3158,ar3158,3158,2,2013-09-05 20:48:00,41.8,0
official,train,3160__event_anchor_000,3160,ar3160,3160,2,2013-09-06 17:36:00,187.8,0
official,train,3163__event_anchor_000,3163,ar3163,3163,2,2013-09-07 05:00:00,77.4,0
official,train,3164__event_anchor_000,3164,ar3164,3164,2,2013-09-07 06:48:00,140.2,0
official,train,3165__event_anchor_000,3165,ar3165,3165,2,2013-09-07 12:00:00,159.0,0
official,train,3167__event_anchor_000,3167,ar3167,3167,2,2013-09-08 02:24:00,110.2,0
official,train,3168__event_anchor_000,3168,ar3168,3168,2,2013-09-09 04:24:00,177.6,0
official,train,3169__event_anchor_000,3169,ar3169,3169,2,2013-09-09 12:12:00,209.6,0
official,train,3171__event_anchor_000,3171,ar3171,3171,2,2013-09-10 12:00:00,108.8,0
official,train,3173__event_anchor_000,3173,ar3173,3173,2,2013-09-10 16:24:00,97.6,0
official,train,3174__event_anchor_000,3174,ar3174,3174,2,2013-09-10 17:00:00,143.6,0
official,train,3175__event_anchor_000,3175,ar3175,3175,2,2013-09-10 20:00:00,156.2,0
official,train,3176__event_anchor_000,3176,ar3176,3176,2,2013-09-10 23:24:00,245.6,0
official,train,3177__event_anchor_000,3177,ar3177,3177,2,2013-09-11 02:00:00,177.0,0
official,train,3179__event_anchor_000,3179,ar3179,3179,2,2013-09-11 08:00:00,78.0,0
official,train,3180__event_anchor_000,3180,ar3180,3180,2,2013-09-11 12:00:00,58.2,0
official,train,3181__event_anchor_000,3181,ar3181,3181,2,2013-09-11 12:48:00,93.6,0
official,train,3182__event_anchor_000,3182,ar3182,3182,2,2013-09-11 12:48:00,7.8,0
official,train,3183__event_anchor_000,3183,ar3183,3183,2,2013-09-11 13:48:00,166.2,0
official,train,3186__event_anchor_000,3186,ar3186,3186,2,2013-09-15 14:12:00,43.8,0
official,train,3187__event_anchor_000,3187,ar3187,3187,2,2013-09-15 19:48:00,18.0,0
official,train,3188__event_anchor_000,3188,ar3188,3188,2,2013-09-16 12:48:00,262.2,0
official,train,3189__event_anchor_000,3189,ar3189,3189,2,2013-09-16 15:24:00,25.6,0
official,train,3190__event_anchor_000,3190,ar3190,3190,2,2013-09-16 22:36:00,14.8,0
official,train,3192__event_anchor_000,3192,ar3192,3192,2,2013-09-17 04:24:00,239.8,0
official,train,3193__event_anchor_000,3193,ar3193,3193,2,2013-09-17 07:36:00,12.8,0
official,train,3194__event_anchor_000,3194,ar3194,3194,2,2013-09-17 09:24:00,308.0,0
official,train,3195__event_anchor_000,3195,ar3195,3195,2,2013-09-17 11:36:00,134.4,0
official,train,3196__event_anchor_000,3196,ar3196,3196,2,2013-09-17 14:00:00,12.6,0
official,train,3197__event_anchor_000,3197,ar3197,3197,2,2013-09-17 19:00:00,5.0,0
official,train,3199__event_anchor_000,3199,ar3199,3199,2,2013-09-18 13:48:00,322.0,0
official,train,3200__event_anchor_000,3200,ar3200,3200,2,2013-09-18 18:24:00,66.8,0
official,train,3201__event_anchor_000,3201,ar3201,3201,2,2013-09-18 21:24:00,1.2,0
official,train,3203__event_anchor_000,3203,ar3203,3203,2,2013-09-19 08:12:00,55.2,0
official,train,3205__event_anchor_000,3205,ar3205,3205,2,2013-09-19 15:24:00,234.6,0
official,train,3206__event_anchor_000,3206,ar3206,3206,2,2013-09-19 17:36:00,4.0,0
official,train,3207__event_anchor_000,3207,ar3207,3207,2,2013-09-20 08:12:00,20.4,0
official,train,3209__event_anchor_000,3209,ar3209,3209,2,2013-09-20 22:24:00,33.4,0
official,train,3212__event_anchor_000,3212,ar3212,3212,2,2013-09-21 08:12:00,167.6,0
official,train,3213__event_anchor_000,3213,ar3213,3213,2,2013-09-21 22:36:00,7.4,0
official,train,3214__event_anchor_000,3214,ar3214,3214,2,2013-09-21 22:48:00,191.6,0
official,train,3217__event_anchor_000,3217,ar3217,3217,2,2013-09-22 06:24:00,261.2,0
official,train,3220__event_anchor_000,3220,ar3220,3220,2,2013-09-23 13:36:00,287.6,0
official,train,3226__event_anchor_000,3226,ar3226,3226,2,2013-09-24 15:48:00,212.2,0
official,train,3229__event_anchor_000,3229,ar3229,3229,2,2013-09-25 14:00:00,232.4,0
official,train,3230__event_anchor_000,3230,ar3230,3230,2,2013-09-25 22:36:00,9.8,0
official,train,3232__event_anchor_000,3232,ar3232,3232,2,2013-09-26 04:36:00,6.2,0
official,train,3236__event_anchor_000,3236,ar3236,3236,2,2013-09-27 00:36:00,53.0,0
official,train,3239__event_anchor_000,3239,ar3239,3239,2,2013-09-27 19:12:00,10.4,0
official,train,3240__event_anchor_000,3240,ar3240,3240,2,2013-09-27 21:12:00,197.0,0
official,train,3241__event_anchor_000,3241,ar3241,3241,2,2013-09-29 08:12:00,111.2,0
official,train,3243__event_anchor_000,3243,ar3243,3243,2,2013-09-29 14:48:00,19.8,0
official,train,3244__event_anchor_000,3244,ar3244,3244,2,2013-09-29 22:00:00,183.0,0
official,train,3246__event_anchor_000,3246,ar3246,3246,2,2013-10-01 10:36:00,235.6,0
official,train,3247__event_anchor_000,3247,ar3247,3247,2,2013-10-01 21:12:00,304.6,0
official,train,3248__event_anchor_000,3248,ar3248,3248,2,2013-10-01 21:48:00,281.0,0
official,train,3250__event_anchor_000,3250,ar3250,3250,2,2013-10-02 18:12:00,131.6,0
official,train,3251__event_anchor_000,3251,ar3251,3251,2,2013-10-03 05:48:00,15.8,0
official,train,3252__event_anchor_000,3252,ar3252,3252,2,2013-10-03 08:24:00,221.0,0
official,train,3253__event_anchor_000,3253,ar3253,3253,2,2013-10-03 21:12:00,98.0,0
official,train,3254__event_anchor_000,3254,ar3254,3254,2,2013-10-04 14:48:00,18.6,0
official,train,3256__event_anchor_000,3256,ar3256,3256,2,2013-10-05 15:12:00,86.2,0
official,train,3257__event_anchor_000,3257,ar3257,3257,2,2013-10-05 15:36:00,11.0,0
official,train,3258__event_anchor_000,3258,ar3258,3258,2,2013-10-06 08:48:00,270.35,1
official,train,3258__event_anchor_001,3258,ar3258,3258,2,2013-10-17 19:00:00,53.2,0
official,train,3259__event_anchor_000,3259,ar3259,3259,2,2013-10-06 13:36:00,233.6,0
official,train,3260__event_anchor_000,3260,ar3260,3260,2,2013-10-06 13:48:00,184.0,0
official,train,3263__event_anchor_000,3263,ar3263,3263,2,2013-10-07 12:12:00,37.18333333333333,1
official,train,3263__event_anchor_001,3263,ar3263,3263,2,2013-10-09 05:12:00,91.0,1
official,train,3263__event_anchor_002,3263,ar3263,3263,2,2013-10-13 04:00:00,52.43333333333333,1
official,train,3263__event_anchor_003,3263,ar3263,3263,2,2013-10-15 12:24:00,11.116666666666667,1
official,train,3263__event_anchor_004,3263,ar3263,3263,2,2013-10-16 03:24:00,105.2,0
official,train,3265__event_anchor_000,3265,ar3265,3265,2,2013-10-08 05:24:00,36.2,0
official,train,3266__event_anchor_000,3266,ar3266,3266,2,2013-10-08 11:00:00,55.2,0
official,train,3267__event_anchor_000,3267,ar3267,3267,2,2013-10-09 07:48:00,224.2,0
official,train,3268__event_anchor_000,3268,ar3268,3268,2,2013-10-09 13:24:00,89.6,0
official,train,3271__event_anchor_000,3271,ar3271,3271,2,2013-10-11 06:00:00,18.4,0
official,train,3272__event_anchor_000,3272,ar3272,3272,2,2013-10-11 08:24:00,24.4,0
official,train,3273__event_anchor_000,3273,ar3273,3273,2,2013-10-12 10:48:00,303.0,0
official,train,3275__event_anchor_000,3275,ar3275,3275,2,2013-10-12 23:36:00,36.6,0
official,train,3277__event_anchor_000,3277,ar3277,3277,2,2013-10-13 09:12:00,14.4,0
official,train,3282__event_anchor_000,3282,ar3282,3282,2,2013-10-14 08:24:00,144.2,0
official,train,3284__event_anchor_000,3284,ar3284,3284,2,2013-10-14 17:48:00,109.6,0
official,train,3286__event_anchor_000,3286,ar3286,3286,2,2013-10-14 22:12:00,294.8,0
official,train,3287__event_anchor_000,3287,ar3287,3287,2,2013-10-15 02:24:00,76.0,0
official,train,3288__event_anchor_000,3288,ar3288,3288,2,2013-10-15 04:36:00,304.6,0
official,train,3291__event_anchor_000,3291,ar3291,3291,2,2013-10-16 19:36:00,124.63333333333334,1
official,train,3291__event_anchor_001,3291,ar3291,3291,2,2013-10-22 04:12:00,10.616666666666667,1
official,train,3291__event_anchor_002,3291,ar3291,3291,2,2013-10-22 18:48:00,2.45,1
official,train,3291__event_anchor_003,3291,ar3291,3291,2,2013-10-23 01:12:00,19.483333333333334,1
official,train,3291__event_anchor_004,3291,ar3291,3291,2,2013-10-24 00:36:00,9.383333333333333,1
official,train,3291__event_anchor_005,3291,ar3291,3291,2,2013-10-24 13:48:00,70.8,1
official,train,3291__event_anchor_006,3291,ar3291,3291,2,2013-10-27 16:24:00,9.283333333333333,1
official,train,3291__event_anchor_007,3291,ar3291,3291,2,2013-10-28 05:36:00,8.4,1
official,train,3291__event_anchor_008,3291,ar3291,3291,2,2013-10-28 17:48:00,3.0,1
official,train,3291__event_anchor_009,3291,ar3291,3291,2,2013-10-29 00:36:00,21.1,1
official,train,3292__event_anchor_000,3292,ar3292,3292,3,2013-10-16 22:48:00,45.2,0
official,train,3293__event_anchor_000,3293,ar3293,3293,3,2013-10-17 07:36:00,187.6,0
official,train,3295__event_anchor_000,3295,ar3295,3295,3,2013-10-18 07:48:00,136.55,1
official,train,3295__event_anchor_001,3295,ar3295,3295,3,2013-10-24 04:12:00,103.33333333333333,1
official,train,3295__event_anchor_002,3295,ar3295,3295,3,2013-10-28 15:24:00,70.2,1
official,train,3295__event_anchor_003,3295,ar3295,3295,3,2013-10-31 17:24:00,13.4,0
official,train,3297__event_anchor_000,3297,ar3297,3297,3,2013-10-19 08:24:00,137.6,0
official,train,3298__event_anchor_000,3298,ar3298,3298,3,2013-10-19 19:12:00,38.2,0
official,train,3302__event_anchor_000,3302,ar3302,3302,3,2013-10-21 06:12:00,88.8,0
official,train,3304__event_anchor_000,3304,ar3304,3304,3,2013-10-21 15:36:00,67.8,0
official,train,3306__event_anchor_000,3306,ar3306,3306,3,2013-10-22 12:12:00,189.8,0
official,train,3309__event_anchor_000,3309,ar3309,3309,3,2013-10-22 19:24:00,269.6,0
official,train,3311__event_anchor_000,3311,ar3311,3311,3,2013-10-24 04:36:00,22.2,1
official,train,3311__event_anchor_001,3311,ar3311,3311,3,2013-10-25 06:36:00,1.2833333333333334,1
official,train,3311__event_anchor_002,3311,ar3311,3311,3,2013-10-25 11:48:00,3.05,1
official,train,3311__event_anchor_003,3311,ar3311,3311,3,2013-10-25 18:48:00,0.2833333333333333,1
official,train,3311__event_anchor_004,3311,ar3311,3311,3,2013-10-25 23:00:00,6.983333333333333,1
official,train,3311__event_anchor_005,3311,ar3311,3311,3,2013-10-26 09:48:00,1.0,1
official,train,3311__event_anchor_006,3311,ar3311,3311,3,2013-10-26 14:36:00,5.216666666666667,1
official,train,3311__event_anchor_007,3311,ar3311,3311,3,2013-10-26 23:48:00,38.96666666666667,1
official,train,3311__event_anchor_008,3311,ar3311,3311,3,2013-10-28 18:36:00,195.2,0
official,train,3312__event_anchor_000,3312,ar3312,3312,3,2013-10-24 10:00:00,46.8,0
official,train,3313__event_anchor_000,3313,ar3313,3313,3,2013-10-24 10:36:00,187.4,0
official,train,3314__event_anchor_000,3314,ar3314,3314,3,2013-10-24 15:00:00,7.2,0
official,train,3315__event_anchor_000,3315,ar3315,3315,3,2013-10-25 11:24:00,1.4,0
official,train,3316__event_anchor_000,3316,ar3316,3316,3,2013-10-25 16:36:00,117.8,0
official,train,3320__event_anchor_000,3320,ar3320,3320,3,2013-10-26 05:00:00,256.8,0
official,train,3321__event_anchor_000,3321,ar3321,3321,3,2013-10-26 10:48:00,8.6,1
official,train,3321__event_anchor_001,3321,ar3321,3321,3,2013-10-26 23:12:00,140.56666666666666,1
official,train,3321__event_anchor_002,3321,ar3321,3321,3,2013-11-01 23:36:00,22.616666666666667,1
official,train,3321__event_anchor_003,3321,ar3321,3321,3,2013-11-03 02:12:00,3.066666666666667,1
official,train,3321__event_anchor_004,3321,ar3321,3321,3,2013-11-03 09:12:00,121.6,0
official,train,3323__event_anchor_000,3323,ar3323,3323,3,2013-10-27 19:36:00,188.6,0
official,train,3324__event_anchor_000,3324,ar3324,3324,3,2013-10-27 20:24:00,22.8,0
official,train,3326__event_anchor_000,3326,ar3326,3326,3,2013-10-28 08:12:00,143.2,0
official,train,3328__event_anchor_000,3328,ar3328,3328,3,2013-10-28 22:36:00,8.2,0
official,train,3330__event_anchor_000,3330,ar3330,3330,3,2013-10-29 22:36:00,289.2,0
official,train,3331__event_anchor_000,3331,ar3331,3331,3,2013-10-29 23:00:00,86.2,0
official,train,3332__event_anchor_000,3332,ar3332,3332,3,2013-10-30 13:24:00,17.2,0
official,train,3333__event_anchor_000,3333,ar3333,3333,3,2013-10-31 04:24:00,3.6,0
official,train,3334__event_anchor_000,3334,ar3334,3334,3,2013-10-31 15:48:00,270.0,0
official,train,3335__event_anchor_000,3335,ar3335,3335,3,2013-10-31 16:24:00,75.2,0
official,train,3336__event_anchor_000,3336,ar3336,3336,3,2013-11-01 03:36:00,206.4,0
official,train,3337__event_anchor_000,3337,ar3337,3337,3,2013-11-01 04:12:00,13.8,0
official,train,3338__event_anchor_000,3338,ar3338,3338,3,2013-11-01 04:36:00,33.8,0
official,train,3339__event_anchor_000,3339,ar3339,3339,3,2013-11-02 01:00:00,115.0,0
official,train,3341__event_anchor_000,3341,ar3341,3341,3,2013-11-02 03:00:00,77.2,1
official,train,3341__event_anchor_001,3341,ar3341,3341,3,2013-11-05 12:00:00,6.133333333333334,1
official,train,3341__event_anchor_002,3341,ar3341,3341,3,2013-11-05 22:00:00,0.11666666666666667,1
official,train,3341__event_anchor_003,3341,ar3341,3341,3,2013-11-06 02:00:00,11.65,1
official,train,3341__event_anchor_004,3341,ar3341,3341,3,2013-11-06 17:36:00,9.966666666666667,1
official,train,3341__event_anchor_005,3341,ar3341,3341,3,2013-11-07 07:24:00,6.85,1
official,train,3341__event_anchor_006,3341,ar3341,3341,3,2013-11-07 18:12:00,10.133333333333333,1
official,train,3341__event_anchor_007,3341,ar3341,3341,3,2013-11-08 08:12:00,44.93333333333333,1
official,train,3341__event_anchor_008,3341,ar3341,3341,3,2013-11-10 09:00:00,124.0,0
official,train,3343__event_anchor_000,3343,ar3343,3343,3,2013-11-02 11:24:00,85.2,0
official,train,3344__event_anchor_000,3344,ar3344,3344,3,2013-11-02 13:24:00,139.96666666666667,1
official,train,3344__event_anchor_001,3344,ar3344,3344,3,2013-11-08 13:12:00,61.0,0
official,train,3346__event_anchor_000,3346,ar3346,3346,3,2013-11-02 15:12:00,62.4,0
official,train,3347__event_anchor_000,3347,ar3347,3347,3,2013-11-03 13:24:00,253.0,0
official,train,3348__event_anchor_000,3348,ar3348,3348,3,2013-11-03 15:24:00,165.2,0
official,train,3350__event_anchor_000,3350,ar3350,3350,3,2013-11-04 05:36:00,195.8,0
official,train,3353__event_anchor_000,3353,ar3353,3353,3,2013-11-06 04:36:00,177.2,0
official,train,3354__event_anchor_000,3354,ar3354,3354,3,2013-11-06 04:48:00,4.6,0
official,train,3355__event_anchor_000,3355,ar3355,3355,3,2013-11-06 13:36:00,80.2,0
official,train,3356__event_anchor_000,3356,ar3356,3356,3,2013-11-06 18:00:00,193.8,0
official,train,3358__event_anchor_000,3358,ar3358,3358,3,2013-11-06 22:00:00,182.0,0
official,train,3362__event_anchor_000,3362,ar3362,3362,3,2013-11-07 12:36:00,62.0,0
official,train,3363__event_anchor_000,3363,ar3363,3363,3,2013-11-07 13:12:00,55.4,0
official,train,3364__event_anchor_000,3364,ar3364,3364,3,2013-11-07 17:12:00,203.58333333333334,1
official,train,3364__event_anchor_001,3364,ar3364,3364,3,2013-11-16 08:36:00,20.5,1
official,train,3364__event_anchor_002,3364,ar3364,3364,3,2013-11-17 09:00:00,49.233333333333334,1
official,train,3364__event_anchor_003,3364,ar3364,3364,3,2013-11-19 14:12:00,32.4,0
official,train,3365__event_anchor_000,3365,ar3365,3365,3,2013-11-09 04:24:00,50.8,0
official,train,3366__event_anchor_000,3366,ar3366,3366,3,2013-11-09 18:00:00,41.016666666666666,1
official,train,3366__event_anchor_001,3366,ar3366,3366,3,2013-11-11 15:00:00,47.95,1
official,train,3366__event_anchor_002,3366,ar3366,3366,3,2013-11-13 18:48:00,222.0,0
official,train,3367__event_anchor_000,3367,ar3367,3367,3,2013-11-09 23:12:00,175.4,0
official,train,3368__event_anchor_000,3368,ar3368,3368,3,2013-11-10 03:36:00,314.2,0
official,train,3370__event_anchor_000,3370,ar3370,3370,3,2013-11-10 10:48:00,167.6,0
official,train,3371__event_anchor_000,3371,ar3371,3371,3,2013-11-10 16:00:00,169.6,0
official,train,3376__event_anchor_000,3376,ar3376,3376,3,2013-11-12 05:48:00,68.53333333333333,1
official,train,3376__event_anchor_001,3376,ar3376,3376,3,2013-11-15 06:12:00,188.13333333333333,1
official,train,3376__event_anchor_002,3376,ar3376,3376,3,2013-11-23 06:12:00,6.616666666666666,1
official,train,3376__event_anchor_003,3376,ar3376,3376,3,2013-11-23 16:48:00,46.6,0
official,train,3379__event_anchor_000,3379,ar3379,3379,3,2013-11-12 15:48:00,26.2,0
official,train,3385__event_anchor_000,3385,ar3385,3385,3,2013-11-14 10:24:00,252.6,0
official,train,3386__event_anchor_000,3386,ar3386,3386,3,2013-11-14 11:12:00,101.4,0
official,train,3390__event_anchor_000,3390,ar3390,3390,3,2013-11-15 16:48:00,80.2,0
official,train,3391__event_anchor_000,3391,ar3391,3391,3,2013-11-15 17:24:00,119.8,0
official,train,3394__event_anchor_000,3394,ar3394,3394,3,2013-11-16 14:36:00,204.8,0
official,train,3395__event_anchor_000,3395,ar3395,3395,3,2013-11-16 16:00:00,227.8,0
official,train,3396__event_anchor_000,3396,ar3396,3396,3,2013-11-16 22:12:00,277.2,0
official,train,3397__event_anchor_000,3397,ar3397,3397,3,2013-11-17 01:48:00,52.2,0
official,train,3400__event_anchor_000,3400,ar3400,3400,3,2013-11-17 08:00:00,312.4,0
official,train,3401__event_anchor_000,3401,ar3401,3401,3,2013-11-17 11:48:00,175.6,0
official,train,3405__event_anchor_000,3405,ar3405,3405,3,2013-11-19 07:00:00,138.2,0
official,train,3407__event_anchor_000,3407,ar3407,3407,3,2013-11-19 11:24:00,141.6,0
official,train,3408__event_anchor_000,3408,ar3408,3408,3,2013-11-19 12:12:00,40.0,0
official,train,3411__event_anchor_000,3411,ar3411,3411,3,2013-11-20 10:00:00,4.6,0
official,train,3412__event_anchor_000,3412,ar3412,3412,3,2013-11-20 12:48:00,3.2,0
official,train,3414__event_anchor_000,3414,ar3414,3414,3,2013-11-21 07:36:00,39.0,0
official,train,3415__event_anchor_000,3415,ar3415,3415,3,2013-11-21 21:48:00,330.0,0
official,train,3416__event_anchor_000,3416,ar3416,3416,3,2013-11-21 22:00:00,38.0,0
official,train,3417__event_anchor_000,3417,ar3417,3417,3,2013-11-22 01:24:00,15.8,0
official,train,3419__event_anchor_000,3419,ar3419,3419,3,2013-11-22 11:24:00,55.2,0
official,train,3420__event_anchor_000,3420,ar3420,3420,3,2013-11-22 19:12:00,316.0,0
official,train,3422__event_anchor_000,3422,ar3422,3422,3,2013-11-22 20:24:00,3.6,0
official,train,3423__event_anchor_000,3423,ar3423,3423,3,2013-11-23 00:24:00,83.4,0
official,train,3427__event_anchor_000,3427,ar3427,3427,3,2013-11-24 15:24:00,46.8,0
official,train,3432__event_anchor_000,3432,ar3432,3432,3,2013-11-26 03:24:00,274.6,0
official,train,3436__event_anchor_000,3436,ar3436,3436,3,2013-11-26 20:24:00,119.0,0
official,train,3437__event_anchor_000,3437,ar3437,3437,3,2013-11-26 22:12:00,249.08333333333334,1
official,train,3437__event_anchor_001,3437,ar3437,3437,3,2013-12-07 11:12:00,55.4,0
official,train,3439__event_anchor_000,3439,ar3439,3439,3,2013-11-27 06:00:00,208.6,0
official,train,3441__event_anchor_000,3441,ar3441,3441,3,2013-11-27 15:36:00,140.4,0
official,train,3443__event_anchor_000,3443,ar3443,3443,3,2013-11-29 01:12:00,173.4,0
official,train,3444__event_anchor_000,3444,ar3444,3444,3,2013-11-29 14:00:00,158.0,0
official,train,3446__event_anchor_000,3446,ar3446,3446,3,2013-11-30 04:24:00,152.6,0
official,train,3447__event_anchor_000,3447,ar3447,3447,3,2013-11-30 08:12:00,98.0,0
official,train,3448__event_anchor_000,3448,ar3448,3448,3,2013-11-30 10:12:00,305.6,0
official,train,3449__event_anchor_000,3449,ar3449,3449,3,2013-11-30 12:12:00,211.6,0
official,train,3451__event_anchor_000,3451,ar3451,3451,3,2013-11-30 18:00:00,52.4,0
official,train,3452__event_anchor_000,3452,ar3452,3452,3,2013-11-30 19:12:00,205.2,0
official,train,3453__event_anchor_000,3453,ar3453,3453,3,2013-12-01 00:00:00,90.2,0
official,train,3454__event_anchor_000,3454,ar3454,3454,3,2013-12-01 02:00:00,7.0,0
official,train,3455__event_anchor_000,3455,ar3455,3455,3,2013-12-01 12:00:00,0.2,0
official,train,3456__event_anchor_000,3456,ar3456,3456,3,2013-12-01 17:12:00,8.6,0
official,train,3457__event_anchor_000,3457,ar3457,3457,3,2013-12-01 20:24:00,308.4,0
official,train,3459__event_anchor_000,3459,ar3459,3459,3,2013-12-02 09:24:00,57.2,0
official,train,3460__event_anchor_000,3460,ar3460,3460,3,2013-12-02 21:00:00,26.6,0
official,train,3461__event_anchor_000,3461,ar3461,3461,3,2013-12-03 00:36:00,153.0,0
official,train,3464__event_anchor_000,3464,ar3464,3464,3,2013-12-04 02:48:00,72.8,0
official,train,3465__event_anchor_000,3465,ar3465,3465,3,2013-12-04 11:00:00,284.0,0
official,train,3466__event_anchor_000,3466,ar3466,3466,3,2013-12-04 13:12:00,5.0,0
official,train,3473__event_anchor_000,3473,ar3473,3473,3,2013-12-06 17:12:00,341.4,0
official,train,3474__event_anchor_000,3474,ar3474,3474,3,2013-12-07 08:48:00,259.6,0
official,train,3475__event_anchor_000,3475,ar3475,3475,3,2013-12-08 02:24:00,13.8,0
official,train,3480__event_anchor_000,3480,ar3480,3480,3,2013-12-08 13:24:00,151.4,0
official,train,3481__event_anchor_000,3481,ar3481,3481,3,2013-12-08 15:00:00,241.6,0
official,train,3482__event_anchor_000,3482,ar3482,3482,3,2013-12-08 17:12:00,129.4,0
official,train,3483__event_anchor_000,3483,ar3483,3483,3,2013-12-09 00:24:00,322.2,0
official,train,3490__event_anchor_000,3490,ar3490,3490,3,2013-12-10 04:12:00,135.2,0
official,train,3492__event_anchor_000,3492,ar3492,3492,3,2013-12-10 06:48:00,76.6,0
official,train,3494__event_anchor_000,3494,ar3494,3494,3,2013-12-11 05:36:00,66.4,0
official,train,3497__event_anchor_000,3497,ar3497,3497,3,2013-12-11 22:12:00,249.88333333333333,1
official,train,3497__event_anchor_001,3497,ar3497,3497,3,2013-12-22 12:00:00,3.1,1
official,train,3497__event_anchor_002,3497,ar3497,3497,3,2013-12-22 19:00:00,2.3833333333333333,1
official,train,3497__event_anchor_003,3497,ar3497,3497,3,2013-12-23 01:12:00,7.783333333333333,1
official,train,3497__event_anchor_004,3497,ar3497,3497,3,2013-12-23 12:48:00,45.0,0
official,train,3503__event_anchor_000,3503,ar3503,3503,3,2013-12-14 05:24:00,165.8,0
official,train,3505__event_anchor_000,3505,ar3505,3505,3,2013-12-14 12:48:00,53.4,0
official,train,3508__event_anchor_000,3508,ar3508,3508,3,2013-12-15 02:24:00,0.4,0
official,train,3510__event_anchor_000,3510,ar3510,3510,3,2013-12-15 22:00:00,89.6,0
official,train,3511__event_anchor_000,3511,ar3511,3511,3,2013-12-16 05:12:00,12.8,0
official,train,3512__event_anchor_000,3512,ar3512,3512,3,2013-12-16 12:36:00,8.6,0
official,train,3513__event_anchor_000,3513,ar3513,3513,3,2013-12-16 15:12:00,265.2,0
official,train,3514__event_anchor_000,3514,ar3514,3514,3,2013-12-16 18:12:00,57.8,0
official,train,3515__event_anchor_000,3515,ar3515,3515,3,2013-12-17 01:12:00,256.4,0
official,train,3516__event_anchor_000,3516,ar3516,3516,3,2013-12-17 03:00:00,15.2,0
official,train,3519__event_anchor_000,3519,ar3519,3519,3,2013-12-17 18:48:00,111.6,0
official,train,3520__event_anchor_000,3520,ar3520,3520,3,2013-12-18 05:24:00,41.7,1
official,train,3520__event_anchor_001,3520,ar3520,3520,3,2013-12-20 03:00:00,8.583333333333334,1
official,train,3520__event_anchor_002,3520,ar3520,3520,3,2013-12-20 15:24:00,47.0,1
official,train,3520__event_anchor_003,3520,ar3520,3520,3,2013-12-22 18:12:00,244.6,0
official,train,3522__event_anchor_000,3522,ar3522,3522,3,2013-12-18 21:48:00,45.2,0
official,train,3528__event_anchor_000,3528,ar3528,3528,3,2013-12-21 03:36:00,13.4,0
official,train,3529__event_anchor_000,3529,ar3529,3529,3,2013-12-21 09:36:00,113.2,0
official,train,3530__event_anchor_000,3530,ar3530,3530,3,2013-12-21 15:12:00,14.2,0
official,train,3532__event_anchor_000,3532,ar3532,3532,3,2013-12-21 22:00:00,190.0,0
official,train,3535__event_anchor_000,3535,ar3535,3535,3,2013-12-22 22:36:00,153.21666666666667,1
official,train,3535__event_anchor_001,3535,ar3535,3535,3,2013-12-29 11:48:00,57.95,1
official,train,3535__event_anchor_002,3535,ar3535,3535,3,2014-01-01 01:36:00,17.066666666666666,1
official,train,3535__event_anchor_003,3535,ar3535,3535,3,2014-01-01 22:36:00,71.6,1
official,train,3535__event_anchor_004,3535,ar3535,3535,3,2014-01-05 02:00:00,8.4,0
official,train,3536__event_anchor_000,3536,ar3536,3536,3,2013-12-23 21:00:00,4.4,0
official,train,3537__event_anchor_000,3537,ar3537,3537,3,2013-12-23 22:00:00,160.4,0
official,train,3538__event_anchor_000,3538,ar3538,3538,3,2013-12-24 04:24:00,43.8,0
official,train,3540__event_anchor_000,3540,ar3540,3540,3,2013-12-24 10:12:00,177.6,0
official,train,3541__event_anchor_000,3541,ar3541,3541,3,2013-12-24 11:36:00,194.8,0
official,train,3542__event_anchor_000,3542,ar3542,3542,3,2013-12-25 05:00:00,324.2,0
official,train,3549__event_anchor_000,3549,ar3549,3549,3,2013-12-27 20:48:00,71.2,0
official,train,3550__event_anchor_000,3550,ar3550,3550,3,2013-12-28 07:12:00,78.6,0
official,train,3551__event_anchor_000,3551,ar3551,3551,3,2013-12-28 11:00:00,46.2,0
official,train,3553__event_anchor_000,3553,ar3553,3553,3,2013-12-28 18:24:00,140.4,0
official,train,3554__event_anchor_000,3554,ar3554,3554,3,2013-12-28 19:36:00,9.8,0
official,train,3556__event_anchor_000,3556,ar3556,3556,3,2013-12-29 10:48:00,108.8,0
official,train,3557__event_anchor_000,3557,ar3557,3557,3,2013-12-29 20:24:00,168.8,0
official,train,3558__event_anchor_000,3558,ar3558,3558,3,2013-12-29 23:48:00,128.6,0
official,train,3560__event_anchor_000,3560,ar3560,3560,3,2013-12-30 14:12:00,250.2,0
official,train,3561__event_anchor_000,3561,ar3561,3561,3,2013-12-30 18:00:00,216.0,0
official,train,3562__event_anchor_000,3562,ar3562,3562,3,2013-12-30 22:12:00,0.6,0
official,train,3563__event_anchor_000,3563,ar3563,3563,3,2013-12-31 00:48:00,49.6,1
official,train,3563__event_anchor_001,3563,ar3563,3563,3,2014-01-02 06:12:00,16.0,1
official,train,3563__event_anchor_002,3563,ar3563,3563,3,2014-01-03 02:00:00,10.683333333333334,1
official,train,3563__event_anchor_003,3563,ar3563,3563,3,2014-01-03 16:36:00,4.55,1
official,train,3563__event_anchor_004,3563,ar3563,3563,3,2014-01-04 01:00:00,9.266666666666667,1
official,train,3563__event_anchor_005,3563,ar3563,3563,3,2014-01-04 14:12:00,4.583333333333333,1
official,train,3563__event_anchor_006,3563,ar3563,3563,3,2014-01-04 22:36:00,59.516666666666666,1
official,train,3563__event_anchor_007,3563,ar3563,3563,3,2014-01-07 14:00:00,4.066666666666666,1
official,train,3563__event_anchor_008,3563,ar3563,3563,3,2014-01-07 22:00:00,143.8,1
official,train,3563__event_anchor_009,3563,ar3563,3563,3,2014-01-14 01:36:00,25.8,0
official,train,3569__event_anchor_000,3569,ar3569,3569,3,2014-01-02 09:48:00,156.4,0
official,train,3572__event_anchor_000,3572,ar3572,3572,3,2014-01-03 02:12:00,45.6,0
official,train,3574__event_anchor_000,3574,ar3574,3574,3,2014-01-03 10:24:00,138.6,0
official,train,3575__event_anchor_000,3575,ar3575,3575,3,2014-01-03 20:48:00,224.0,0
official,train,3576__event_anchor_000,3576,ar3576,3576,3,2014-01-03 21:00:00,161.4,0
official,train,3578__event_anchor_000,3578,ar3578,3578,3,2014-01-04 05:24:00,204.4,0
official,train,3580__event_anchor_000,3580,ar3580,3580,3,2014-01-04 08:48:00,67.01666666666667,1
official,train,3580__event_anchor_001,3580,ar3580,3580,3,2014-01-07 07:48:00,165.8,0
official,train,3584__event_anchor_000,3584,ar3584,3584,3,2014-01-05 02:12:00,92.4,0
official,train,3586__event_anchor_000,3586,ar3586,3586,3,2014-01-05 15:36:00,304.4,0
official,train,3587__event_anchor_000,3587,ar3587,3587,3,2014-01-05 17:12:00,58.45,1
official,train,3587__event_anchor_001,3587,ar3587,3587,3,2014-01-08 07:36:00,3.8,0
official,train,3589__event_anchor_000,3589,ar3589,3589,3,2014-01-06 07:12:00,86.0,0
official,train,3590__event_anchor_000,3590,ar3590,3590,3,2014-01-06 13:00:00,178.2,0
official,train,3591__event_anchor_000,3591,ar3591,3591,3,2014-01-06 14:48:00,204.2,0
official,train,3595__event_anchor_000,3595,ar3595,3595,3,2014-01-07 07:12:00,201.0,0
official,train,3597__event_anchor_000,3597,ar3597,3597,3,2014-01-07 12:24:00,58.0,0
official,train,3600__event_anchor_000,3600,ar3600,3600,3,2014-01-07 15:12:00,51.2,0
official,train,3601__event_anchor_000,3601,ar3601,3601,3,2014-01-07 17:12:00,329.0,0
official,train,3604__event_anchor_000,3604,ar3604,3604,3,2014-01-08 07:00:00,246.4,0
official,train,3608__event_anchor_000,3608,ar3608,3608,3,2014-01-08 23:24:00,254.4,0
official,train,3610__event_anchor_000,3610,ar3610,3610,3,2014-01-09 10:36:00,242.2,0
official,train,3611__event_anchor_000,3611,ar3611,3611,3,2014-01-09 12:12:00,250.2,0
official,train,3612__event_anchor_000,3612,ar3612,3612,3,2014-01-09 13:12:00,147.0,0
official,train,3613__event_anchor_000,3613,ar3613,3613,3,2014-01-09 15:36:00,107.6,0
official,train,3619__event_anchor_000,3619,ar3619,3619,3,2014-01-10 19:48:00,61.6,0
official,train,3620__event_anchor_000,3620,ar3620,3620,3,2014-01-10 21:00:00,334.8,0
official,train,3624__event_anchor_000,3624,ar3624,3624,3,2014-01-11 23:24:00,46.4,0
official,train,3626__event_anchor_000,3626,ar3626,3626,3,2014-01-12 08:36:00,12.4,0
official,train,3628__event_anchor_000,3628,ar3628,3628,3,2014-01-12 23:00:00,42.6,0
official,train,3629__event_anchor_000,3629,ar3629,3629,3,2014-01-13 06:00:00,65.4,0
official,train,3630__event_anchor_000,3630,ar3630,3630,3,2014-01-14 04:00:00,2.2,0
official,train,3631__event_anchor_000,3631,ar3631,3631,3,2014-01-14 11:00:00,333.8,0
official,train,3632__event_anchor_000,3632,ar3632,3632,3,2014-01-14 19:12:00,1.0,0
official,train,3635__event_anchor_000,3635,ar3635,3635,3,2014-01-15 04:36:00,235.4,0
official,train,3638__event_anchor_000,3638,ar3638,3638,3,2014-01-15 12:24:00,4.8,0
official,train,3647__event_anchor_000,3647,ar3647,3647,3,2014-01-17 12:48:00,363.0,0
official,train,3648__event_anchor_000,3648,ar3648,3648,3,2014-01-17 15:00:00,251.6,0
official,train,3654__event_anchor_000,3654,ar3654,3654,3,2014-01-18 06:00:00,26.2,0
official,train,3657__event_anchor_000,3657,ar3657,3657,3,2014-01-19 03:48:00,34.0,0
official,train,3658__event_anchor_000,3658,ar3658,3658,3,2014-01-19 11:00:00,155.2,0
official,train,3664__event_anchor_000,3664,ar3664,3664,3,2014-01-20 08:36:00,144.0,0
official,train,3666__event_anchor_000,3666,ar3666,3666,3,2014-01-20 12:36:00,7.6,0
official,train,3668__event_anchor_000,3668,ar3668,3668,3,2014-01-21 03:24:00,280.0,0
official,train,3670__event_anchor_000,3670,ar3670,3670,3,2014-01-21 09:12:00,4.8,0
official,train,3671__event_anchor_000,3671,ar3671,3671,3,2014-01-21 12:24:00,24.0,0
official,train,3672__event_anchor_000,3672,ar3672,3672,3,2014-01-21 16:36:00,0.2,0
official,train,3677__event_anchor_000,3677,ar3677,3677,3,2014-01-23 02:48:00,88.2,0
official,train,3680__event_anchor_000,3680,ar3680,3680,3,2014-01-24 06:36:00,24.8,0
official,train,3681__event_anchor_000,3681,ar3681,3681,3,2014-01-24 07:24:00,109.2,0
official,train,3682__event_anchor_000,3682,ar3682,3682,3,2014-01-25 20:12:00,22.2,0
official,train,3683__event_anchor_000,3683,ar3683,3683,3,2014-01-26 13:24:00,106.0,0
official,train,3685__event_anchor_000,3685,ar3685,3685,3,2014-01-26 23:00:00,44.6,0
official,train,3686__event_anchor_000,3686,ar3686,3686,3,2014-01-27 02:48:00,19.283333333333335,1
official,train,3686__event_anchor_001,3686,ar3686,3686,3,2014-01-28 02:00:00,2.033333333333333,1
official,train,3686__event_anchor_002,3686,ar3686,3686,3,2014-01-28 08:00:00,3.566666666666667,1
official,train,3686__event_anchor_003,3686,ar3686,3686,3,2014-01-28 15:24:00,3.6,1
official,train,3686__event_anchor_004,3686,ar3686,3686,3,2014-01-28 22:48:00,31.75,1
official,train,3686__event_anchor_005,3686,ar3686,3686,3,2014-01-30 10:24:00,5.4,1
official,train,3686__event_anchor_006,3686,ar3686,3686,3,2014-01-30 19:36:00,29.716666666666665,1
official,train,3686__event_anchor_007,3686,ar3686,3686,3,2014-02-01 05:12:00,2.033333333333333,1
official,train,3686__event_anchor_008,3686,ar3686,3686,3,2014-02-01 11:12:00,20.083333333333332,1
official,train,3686__event_anchor_009,3686,ar3686,3686,3,2014-02-02 11:12:00,2.816666666666667,1
official,train,3686__event_anchor_010,3686,ar3686,3686,3,2014-02-02 18:00:00,0.08333333333333333,1
official,train,3686__event_anchor_011,3686,ar3686,3686,3,2014-02-02 22:00:00,29.95,1
official,train,3686__event_anchor_012,3686,ar3686,3686,3,2014-02-04 07:48:00,1.8333333333333333,1
official,train,3686__event_anchor_013,3686,ar3686,3686,3,2014-02-04 13:36:00,1.8166666666666667,1
official,train,3686__event_anchor_014,3686,ar3686,3686,3,2014-02-04 19:24:00,20.783333333333335,1
official,train,3686__event_anchor_015,3686,ar3686,3686,3,2014-02-05 20:00:00,26.933333333333334,1
official,train,3686__event_anchor_016,3686,ar3686,3686,3,2014-02-07 02:48:00,1.9833333333333334,1
official,train,3686__event_anchor_017,3686,ar3686,3686,3,2014-02-07 08:36:00,72.6,0
official,train,3687__event_anchor_000,3687,ar3687,3687,3,2014-01-27 10:00:00,122.0,0
official,train,3688__event_anchor_000,3688,ar3688,3688,3,2014-01-27 11:48:00,99.73333333333333,1
official,train,3688__event_anchor_001,3688,ar3688,3688,3,2014-01-31 19:24:00,35.0,1
official,train,3688__event_anchor_002,3688,ar3688,3688,3,2014-02-02 10:12:00,6.2,1
official,train,3688__event_anchor_003,3688,ar3688,3688,3,2014-02-02 20:12:00,29.066666666666666,1
official,train,3688__event_anchor_004,3688,ar3688,3688,3,2014-02-04 05:12:00,77.21666666666667,1
official,train,3688__event_anchor_005,3688,ar3688,3688,3,2014-02-07 14:24:00,66.4,0
official,train,3694__event_anchor_000,3694,ar3694,3694,3,2014-01-29 09:00:00,25.8,0
official,train,3695__event_anchor_000,3695,ar3695,3695,3,2014-01-30 01:00:00,4.8,0
official,train,3697__event_anchor_000,3697,ar3697,3697,3,2014-01-30 03:00:00,3.4,0
official,train,3700__event_anchor_000,3700,ar3700,3700,3,2014-01-30 22:12:00,143.4,0
official,train,3701__event_anchor_000,3701,ar3701,3701,3,2014-01-30 22:36:00,75.4,0
official,train,3703__event_anchor_000,3703,ar3703,3703,3,2014-02-01 11:24:00,273.4,0
official,train,3704__event_anchor_000,3704,ar3704,3704,3,2014-02-01 13:24:00,39.8,0
official,train,3705__event_anchor_000,3705,ar3705,3705,3,2014-02-01 20:00:00,202.2,0
official,train,3706__event_anchor_000,3706,ar3706,3706,3,2014-02-02 02:00:00,221.2,0
official,train,3710__event_anchor_000,3710,ar3710,3710,3,2014-02-02 14:24:00,0.8,0
official,train,3711__event_anchor_000,3711,ar3711,3711,3,2014-02-02 21:36:00,289.6,0
official,train,3716__event_anchor_000,3716,ar3716,3716,3,2014-02-03 18:00:00,3.2,0
official,train,3719__event_anchor_000,3719,ar3719,3719,3,2014-02-04 16:00:00,305.4,0
official,train,3721__event_anchor_000,3721,ar3721,3721,3,2014-02-05 03:12:00,144.16666666666666,1
official,train,3721__event_anchor_001,3721,ar3721,3721,3,2014-02-11 07:12:00,9.366666666666667,1
official,train,3721__event_anchor_002,3721,ar3721,3721,3,2014-02-11 20:24:00,7.466666666666667,1
official,train,3721__event_anchor_003,3721,ar3721,3721,3,2014-02-12 07:48:00,7.883333333333334,1
official,train,3721__event_anchor_004,3721,ar3721,3721,3,2014-02-12 19:36:00,5.933333333333334,1
official,train,3721__event_anchor_005,3721,ar3721,3721,3,2014-02-13 05:24:00,0.4166666666666667,1
official,train,3721__event_anchor_006,3721,ar3721,3721,3,2014-02-13 09:48:00,5.95,1
official,train,3721__event_anchor_007,3721,ar3721,3721,3,2014-02-13 19:36:00,7.066666666666666,1
official,train,3721__event_anchor_008,3721,ar3721,3721,3,2014-02-14 06:36:00,5.883333333333334,1
official,train,3721__event_anchor_009,3721,ar3721,3721,3,2014-02-14 16:24:00,0.15,1
official,train,3721__event_anchor_010,3721,ar3721,3721,3,2014-02-14 20:24:00,108.2,0
official,train,3723__event_anchor_000,3723,ar3723,3723,3,2014-02-05 11:48:00,187.4,0
official,train,3724__event_anchor_000,3724,ar3724,3724,3,2014-02-05 20:24:00,24.8,0
official,train,3726__event_anchor_000,3726,ar3726,3726,3,2014-02-06 02:36:00,188.2,0
official,train,3727__event_anchor_000,3727,ar3727,3727,3,2014-02-06 03:48:00,179.6,0
official,train,3728__event_anchor_000,3728,ar3728,3728,3,2014-02-07 15:00:00,13.6,0
official,train,3729__event_anchor_000,3729,ar3729,3729,3,2014-02-07 20:36:00,70.4,0
official,train,3730__event_anchor_000,3730,ar3730,3730,3,2014-02-08 01:24:00,294.03333333333336,1
official,train,3730__event_anchor_001,3730,ar3730,3730,3,2014-02-20 11:24:00,24.2,0
official,train,3733__event_anchor_000,3733,ar3733,3733,3,2014-02-08 18:48:00,22.2,0
official,train,3734__event_anchor_000,3734,ar3734,3734,3,2014-02-08 18:48:00,93.4,0
official,train,3735__event_anchor_000,3735,ar3735,3735,3,2014-02-08 20:36:00,97.2,0
official,train,3736__event_anchor_000,3736,ar3736,3736,3,2014-02-09 02:36:00,14.8,0
official,train,3739__event_anchor_000,3739,ar3739,3739,3,2014-02-09 08:48:00,66.6,0
official,train,3740__event_anchor_000,3740,ar3740,3740,3,2014-02-10 04:24:00,148.93333333333334,1
official,train,3740__event_anchor_001,3740,ar3740,3740,3,2014-02-16 13:12:00,158.8,0
official,train,3741__event_anchor_000,3741,ar3741,3741,3,2014-02-10 10:00:00,105.2,0
official,train,3742__event_anchor_000,3742,ar3742,3742,3,2014-02-10 18:48:00,54.8,0
official,train,3743__event_anchor_000,3743,ar3743,3743,3,2014-02-10 20:00:00,63.0,0
official,train,3744__event_anchor_000,3744,ar3744,3744,3,2014-02-11 21:12:00,24.2,0
official,train,3746__event_anchor_000,3746,ar3746,3746,3,2014-02-12 15:24:00,95.4,0
official,train,3748__event_anchor_000,3748,ar3748,3748,3,2014-02-13 00:48:00,12.2,0
official,train,3749__event_anchor_000,3749,ar3749,3749,3,2014-02-13 18:00:00,207.2,0
official,train,3750__event_anchor_000,3750,ar3750,3750,3,2014-02-13 20:00:00,7.4,0
official,train,3753__event_anchor_000,3753,ar3753,3753,3,2014-02-14 18:24:00,217.4,0
official,train,3754__event_anchor_000,3754,ar3754,3754,3,2014-02-14 23:12:00,89.0,0
official,train,3756__event_anchor_000,3756,ar3756,3756,3,2014-02-15 02:24:00,257.6,0
official,train,3759__event_anchor_000,3759,ar3759,3759,3,2014-02-15 14:48:00,9.4,0
official,train,3763__event_anchor_000,3763,ar3763,3763,3,2014-02-16 10:24:00,233.2,0
official,train,3764__event_anchor_000,3764,ar3764,3764,3,2014-02-16 12:12:00,188.2,0
official,train,3765__event_anchor_000,3765,ar3765,3765,3,2014-02-16 15:12:00,152.2,0
official,train,3766__event_anchor_000,3766,ar3766,3766,3,2014-02-16 18:00:00,236.86666666666667,1
official,train,3766__event_anchor_001,3766,ar3766,3766,3,2014-02-26 18:48:00,66.5,1
official,train,3766__event_anchor_002,3766,ar3766,3766,3,2014-03-01 17:12:00,9.2,0
official,train,3772__event_anchor_000,3772,ar3772,3772,3,2014-02-17 17:48:00,27.8,0
official,train,3773__event_anchor_000,3773,ar3773,3773,3,2014-02-17 19:12:00,96.0,0
official,train,3775__event_anchor_000,3775,ar3775,3775,3,2014-02-18 00:12:00,141.0,0
official,train,3779__event_anchor_000,3779,ar3779,3779,3,2014-02-19 03:12:00,283.98333333333335,1
official,train,3779__event_anchor_001,3779,ar3779,3779,3,2014-03-03 03:00:00,16.2,0
official,train,3783__event_anchor_000,3783,ar3783,3783,3,2014-02-21 07:12:00,12.0,0
official,train,3784__event_anchor_000,3784,ar3784,3784,3,2014-02-21 08:24:00,247.5,1
official,train,3784__event_anchor_001,3784,ar3784,3784,3,2014-03-03 19:48:00,169.8,0
official,train,3785__event_anchor_000,3785,ar3785,3785,3,2014-02-22 02:48:00,226.8,0
official,train,3789__event_anchor_000,3789,ar3789,3789,3,2014-02-23 00:24:00,133.0,0
official,train,3790__event_anchor_000,3790,ar3790,3790,3,2014-02-23 01:24:00,14.8,0
official,train,3793__event_anchor_000,3793,ar3793,3793,3,2014-02-23 17:48:00,17.25,1
official,train,3793__event_anchor_001,3793,ar3793,3793,3,2014-02-24 15:00:00,9.65,1
official,train,3793__event_anchor_002,3793,ar3793,3793,3,2014-02-25 04:36:00,300.0,0
official,train,3795__event_anchor_000,3795,ar3795,3795,3,2014-02-24 08:48:00,5.0,0
official,train,3797__event_anchor_000,3797,ar3797,3797,3,2014-02-24 22:48:00,44.6,0
official,train,3804__event_anchor_000,3804,ar3804,3804,3,2014-02-25 10:48:00,61.93333333333333,1
official,train,3804__event_anchor_001,3804,ar3804,3804,3,2014-02-28 04:36:00,117.5,1
official,train,3804__event_anchor_002,3804,ar3804,3804,3,2014-03-05 06:00:00,149.96666666666667,1
official,train,3805__event_anchor_000,3805,ar3805,3805,3,2014-02-25 13:36:00,72.6,0
official,train,3806__event_anchor_000,3806,ar3806,3806,3,2014-02-25 21:12:00,153.2,0
official,train,3807__event_anchor_000,3807,ar3807,3807,3,2014-02-25 23:12:00,17.2,0
official,train,3812__event_anchor_000,3812,ar3812,3812,3,2014-03-01 01:36:00,196.6,0
official,train,3813__event_anchor_000,3813,ar3813,3813,3,2014-03-01 04:12:00,234.55,1
official,train,3813__event_anchor_001,3813,ar3813,3813,3,2014-03-11 02:36:00,1.1333333333333333,1
official,train,3813__event_anchor_002,3813,ar3813,3813,3,2014-03-11 07:36:00,27.316666666666666,1
official,train,3813__event_anchor_003,3813,ar3813,3813,3,2014-03-12 14:48:00,7.666666666666667,1
official,train,3813__event_anchor_004,3813,ar3813,3813,3,2014-03-13 02:24:00,16.0,0
official,train,3814__event_anchor_000,3814,ar3814,3814,3,2014-03-01 13:00:00,152.0,0
official,train,3817__event_anchor_000,3817,ar3817,3817,3,2014-03-02 13:00:00,195.0,0
official,train,3819__event_anchor_000,3819,ar3819,3819,3,2014-03-02 17:48:00,175.4,0
official,train,3821__event_anchor_000,3821,ar3821,3821,3,2014-03-03 03:00:00,264.2,0
official,train,3823__event_anchor_000,3823,ar3823,3823,3,2014-03-04 13:00:00,34.4,0
official,train,3824__event_anchor_000,3824,ar3824,3824,3,2014-03-04 14:00:00,295.2,0
official,train,3826__event_anchor_000,3826,ar3826,3826,3,2014-03-05 07:24:00,238.8,0
official,train,3827__event_anchor_000,3827,ar3827,3827,3,2014-03-05 13:00:00,23.4,0
official,train,3835__event_anchor_000,3835,ar3835,3835,3,2014-03-07 07:00:00,56.0,0
official,train,3836__event_anchor_000,3836,ar3836,3836,3,2014-03-07 09:12:00,38.233333333333334,1
official,train,3836__event_anchor_001,3836,ar3836,3836,3,2014-03-09 03:24:00,10.466666666666667,1
official,train,3836__event_anchor_002,3836,ar3836,3836,3,2014-03-09 17:48:00,2.4166666666666665,1
official,train,3836__event_anchor_003,3836,ar3836,3836,3,2014-03-10 00:12:00,0.11666666666666667,1
official,train,3836__event_anchor_004,3836,ar3836,3836,3,2014-03-10 04:12:00,11.15,1
official,train,3836__event_anchor_005,3836,ar3836,3836,3,2014-03-10 19:12:00,221.6,0
official,train,3837__event_anchor_000,3837,ar3837,3837,3,2014-03-07 13:00:00,4.0,0
official,train,3838__event_anchor_000,3838,ar3838,3838,3,2014-03-07 23:24:00,3.6,0
official,train,3839__event_anchor_000,3839,ar3839,3839,3,2014-03-08 07:36:00,68.4,0
official,train,3841__event_anchor_000,3841,ar3841,3841,3,2014-03-08 15:24:00,182.8,0
official,train,3842__event_anchor_000,3842,ar3842,3842,3,2014-03-09 06:24:00,59.0,0
official,train,3843__event_anchor_000,3843,ar3843,3843,3,2014-03-09 08:12:00,310.8,0
official,train,3845__event_anchor_000,3845,ar3845,3845,3,2014-03-09 19:24:00,170.8,0
official,train,3847__event_anchor_000,3847,ar3847,3847,3,2014-03-11 08:24:00,49.2,0
official,train,3848__event_anchor_000,3848,ar3848,3848,3,2014-03-11 23:48:00,311.0,0
official,train,3849__event_anchor_000,3849,ar3849,3849,3,2014-03-12 19:12:00,185.8,0
official,train,3851__event_anchor_000,3851,ar3851,3851,3,2014-03-13 17:12:00,21.6,0
official,train,3853__event_anchor_000,3853,ar3853,3853,3,2014-03-14 01:00:00,157.8,0
official,train,3855__event_anchor_000,3855,ar3855,3855,3,2014-03-14 13:00:00,21.0,0
official,train,3856__event_anchor_000,3856,ar3856,3856,3,2014-03-15 01:12:00,122.5,1
official,train,3856__event_anchor_001,3856,ar3856,3856,3,2014-03-20 07:36:00,248.2,0
official,train,3858__event_anchor_000,3858,ar3858,3858,3,2014-03-15 02:12:00,132.6,0
official,train,3860__event_anchor_000,3860,ar3860,3860,3,2014-03-15 07:00:00,29.6,0
official,train,3862__event_anchor_000,3862,ar3862,3862,3,2014-03-15 17:12:00,42.0,0
official,train,3865__event_anchor_000,3865,ar3865,3865,3,2014-03-16 14:24:00,31.4,0
official,train,3866__event_anchor_000,3866,ar3866,3866,3,2014-03-16 19:36:00,137.8,0
official,train,3870__event_anchor_000,3870,ar3870,3870,3,2014-03-17 08:24:00,181.4,0
official,train,3874__event_anchor_000,3874,ar3874,3874,3,2014-03-17 23:12:00,271.6,0
official,train,3875__event_anchor_000,3875,ar3875,3875,3,2014-03-17 23:12:00,217.6,0
official,train,3877__event_anchor_000,3877,ar3877,3877,3,2014-03-18 12:24:00,90.56666666666666,1
official,train,3877__event_anchor_001,3877,ar3877,3877,3,2014-03-22 10:48:00,38.4,0
official,train,3878__event_anchor_000,3878,ar3878,3878,3,2014-03-18 12:24:00,155.4,0
official,train,3879__event_anchor_000,3879,ar3879,3879,3,2014-03-19 01:36:00,293.73333333333335,1
official,train,3879__event_anchor_001,3879,ar3879,3879,3,2014-03-31 11:12:00,19.6,0
official,train,3880__event_anchor_000,3880,ar3880,3880,3,2014-03-19 03:48:00,129.8,0
official,train,3882__event_anchor_000,3882,ar3882,3882,3,2014-03-19 09:00:00,21.0,0
official,train,3886__event_anchor_000,3886,ar3886,3886,3,2014-03-19 20:36:00,25.6,0
official,train,3894__event_anchor_000,3894,ar3894,3894,3,2014-03-21 09:48:00,177.26666666666668,1
official,train,3894__event_anchor_001,3894,ar3894,3894,3,2014-03-28 23:00:00,0.7333333333333333,1
official,train,3894__event_anchor_002,3894,ar3894,3894,3,2014-03-29 03:36:00,13.983333333333333,1
official,train,3894__event_anchor_003,3894,ar3894,3894,3,2014-03-29 21:24:00,14.4,1
official,train,3894__event_anchor_004,3894,ar3894,3894,3,2014-03-30 15:36:00,54.4,0
official,train,3895__event_anchor_000,3895,ar3895,3895,3,2014-03-21 15:36:00,13.2,0
official,train,3896__event_anchor_000,3896,ar3896,3896,3,2014-03-22 00:48:00,221.2,0
official,train,3897__event_anchor_000,3897,ar3897,3897,3,2014-03-22 11:24:00,100.8,0
official,train,3898__event_anchor_000,3898,ar3898,3898,3,2014-03-22 13:24:00,13.4,0
official,train,3899__event_anchor_000,3899,ar3899,3899,3,2014-03-23 02:36:00,90.8,0
official,train,3900__event_anchor_000,3900,ar3900,3900,3,2014-03-23 09:00:00,138.6,0
official,train,3901__event_anchor_000,3901,ar3901,3901,3,2014-03-23 12:36:00,257.4,0
official,train,3907__event_anchor_000,3907,ar3907,3907,3,2014-03-25 00:00:00,268.4,0
official,train,3912__event_anchor_000,3912,ar3912,3912,3,2014-03-25 15:36:00,334.8,0
official,train,3914__event_anchor_000,3914,ar3914,3914,3,2014-03-25 17:12:00,44.6,0
official,train,3915__event_anchor_000,3915,ar3915,3915,3,2014-03-26 02:48:00,225.2,0
official,train,3918__event_anchor_000,3918,ar3918,3918,3,2014-03-26 12:12:00,126.6,0
official,train,3920__event_anchor_000,3920,ar3920,3920,3,2014-03-26 17:48:00,118.4,0
official,train,3921__event_anchor_000,3921,ar3921,3921,3,2014-03-26 20:00:00,259.8,0
official,train,3923__event_anchor_000,3923,ar3923,3923,3,2014-03-27 05:00:00,140.4,0
official,train,3926__event_anchor_000,3926,ar3926,3926,3,2014-03-27 16:12:00,263.2,0
official,train,3927__event_anchor_000,3927,ar3927,3927,3,2014-03-27 17:00:00,49.0,0
official,train,3928__event_anchor_000,3928,ar3928,3928,3,2014-03-27 19:24:00,7.8,0
official,train,3929__event_anchor_000,3929,ar3929,3929,3,2014-03-28 00:12:00,1.2,0
official,train,3930__event_anchor_000,3930,ar3930,3930,3,2014-03-28 00:48:00,14.8,0
official,train,3932__event_anchor_000,3932,ar3932,3932,3,2014-03-28 09:24:00,98.4,0
official,train,3933__event_anchor_000,3933,ar3933,3933,3,2014-03-28 10:24:00,22.0,0
official,train,3937__event_anchor_000,3937,ar3937,3937,3,2014-03-29 01:12:00,29.0,0
official,train,3941__event_anchor_000,3941,ar3941,3941,3,2014-03-30 04:12:00,81.1,1
official,train,3941__event_anchor_001,3941,ar3941,3941,3,2014-04-02 17:12:00,242.8,0
official,train,3942__event_anchor_000,3942,ar3942,3942,3,2014-03-30 08:24:00,305.0,0
official,train,3946__event_anchor_000,3946,ar3946,3946,3,2014-03-30 18:12:00,158.2,0
official,train,3953__event_anchor_000,3953,ar3953,3953,3,2014-03-31 13:24:00,62.0,0
official,train,3956__event_anchor_000,3956,ar3956,3956,3,2014-04-01 08:12:00,98.0,0
official,train,3957__event_anchor_000,3957,ar3957,3957,3,2014-04-01 10:24:00,208.0,0
official,train,3959__event_anchor_000,3959,ar3959,3959,3,2014-04-01 20:36:00,13.8,0
official,train,3961__event_anchor_000,3961,ar3961,3961,3,2014-04-02 19:24:00,31.8,0
official,train,3964__event_anchor_000,3964,ar3964,3964,3,2014-04-03 05:24:00,6.8,0
official,train,3965__event_anchor_000,3965,ar3965,3965,3,2014-04-03 08:24:00,215.4,0
official,train,3967__event_anchor_000,3967,ar3967,3967,3,2014-04-03 10:24:00,105.6,0
official,train,3970__event_anchor_000,3970,ar3970,3970,3,2014-04-03 17:24:00,66.6,0
official,train,3971__event_anchor_000,3971,ar3971,3971,3,2014-04-04 12:00:00,11.4,0
official,train,3973__event_anchor_000,3973,ar3973,3973,3,2014-04-04 23:12:00,68.6,0
official,train,3974__event_anchor_000,3974,ar3974,3974,3,2014-04-04 23:24:00,238.8,0
official,train,3978__event_anchor_000,3978,ar3978,3978,3,2014-04-05 12:00:00,235.4,0
official,train,3980__event_anchor_000,3980,ar3980,3980,3,2014-04-06 07:24:00,63.6,0
official,train,3981__event_anchor_000,3981,ar3981,3981,3,2014-04-06 23:24:00,1.8,0
official,train,3982__event_anchor_000,3982,ar3982,3982,3,2014-04-07 01:24:00,202.6,0
official,train,3984__event_anchor_000,3984,ar3984,3984,3,2014-04-07 08:24:00,219.6,0
official,train,3985__event_anchor_000,3985,ar3985,3985,3,2014-04-07 11:12:00,326.6,0
official,train,3986__event_anchor_000,3986,ar3986,3986,3,2014-04-07 12:24:00,53.2,0
official,train,3987__event_anchor_000,3987,ar3987,3987,3,2014-04-07 22:00:00,109.8,0
official,train,3990__event_anchor_000,3990,ar3990,3990,3,2014-04-08 19:00:00,203.8,0
official,train,3991__event_anchor_000,3991,ar3991,3991,3,2014-04-08 19:24:00,36.8,0
official,train,3994__event_anchor_000,3994,ar3994,3994,3,2014-04-09 05:00:00,90.8,0
official,train,3996__event_anchor_000,3996,ar3996,3996,3,2014-04-10 01:48:00,306.0,0
official,train,3999__event_anchor_000,3999,ar3999,3999,3,2014-04-10 22:36:00,181.91666666666666,1
official,train,3999__event_anchor_001,3999,ar3999,3999,3,2014-04-18 16:24:00,100.0,0
official,train,4000__event_anchor_000,4000,ar4000,4000,3,2014-04-11 02:48:00,137.1,1
official,train,4000__event_anchor_001,4000,ar4000,4000,3,2014-04-16 23:48:00,192.48333333333332,1
official,train,4000__event_anchor_002,4000,ar4000,4000,3,2014-04-25 04:12:00,40.6,0
official,train,4002__event_anchor_000,4002,ar4002,4002,3,2014-04-11 18:00:00,1.4,0
official,train,4011__event_anchor_000,4011,ar4011,4011,3,2014-04-13 10:12:00,225.6,0
official,train,4014__event_anchor_000,4014,ar4014,4014,3,2014-04-13 20:24:00,84.0,0
official,train,4017__event_anchor_000,4017,ar4017,4017,3,2014-04-14 01:36:00,16.2,0
official,train,4020__event_anchor_000,4020,ar4020,4020,3,2014-04-14 20:12:00,29.4,0
official,train,4022__event_anchor_000,4022,ar4022,4022,3,2014-04-15 18:36:00,124.0,0
official,train,4023__event_anchor_000,4023,ar4023,4023,3,2014-04-15 19:12:00,70.8,0
official,train,4025__event_anchor_000,4025,ar4025,4025,3,2014-04-15 21:24:00,302.8,0
official,train,4032__event_anchor_000,4032,ar4032,4032,3,2014-04-16 13:48:00,98.6,0
official,train,4033__event_anchor_000,4033,ar4033,4033,3,2014-04-16 19:24:00,160.6,0
official,train,4034__event_anchor_000,4034,ar4034,4034,3,2014-04-16 19:36:00,181.6,0
official,train,4036__event_anchor_000,4036,ar4036,4036,3,2014-04-17 08:00:00,165.6,0
official,train,4038__event_anchor_000,4038,ar4038,4038,3,2014-04-17 14:48:00,235.4,0
official,train,4040__event_anchor_000,4040,ar4040,4040,3,2014-04-18 06:36:00,265.6,0
official,train,4041__event_anchor_000,4041,ar4041,4041,3,2014-04-19 01:24:00,167.2,0
official,train,4042__event_anchor_000,4042,ar4042,4042,3,2014-04-19 01:24:00,329.8,0
official,train,4043__event_anchor_000,4043,ar4043,4043,3,2014-04-19 06:36:00,132.0,0
official,train,4047__event_anchor_000,4047,ar4047,4047,3,2014-04-20 00:48:00,171.2,0
official,train,4050__event_anchor_000,4050,ar4050,4050,3,2014-04-20 13:48:00,128.4,0
official,train,4051__event_anchor_000,4051,ar4051,4051,3,2014-04-20 19:24:00,130.8,0
official,train,4052__event_anchor_000,4052,ar4052,4052,3,2014-04-21 05:24:00,159.4,0
official,train,4053__event_anchor_000,4053,ar4053,4053,3,2014-04-22 09:24:00,145.2,0
official,train,4057__event_anchor_000,4057,ar4057,4057,3,2014-04-23 04:00:00,196.4,0
official,train,4058__event_anchor_000,4058,ar4058,4058,3,2014-04-23 08:36:00,138.8,0
official,train,4060__event_anchor_000,4060,ar4060,4060,3,2014-04-23 16:12:00,49.4,0
official,train,4061__event_anchor_000,4061,ar4061,4061,3,2014-04-24 02:12:00,169.2,0
official,train,4064__event_anchor_000,4064,ar4064,4064,3,2014-04-24 19:36:00,203.6,0
official,train,4065__event_anchor_000,4065,ar4065,4065,3,2014-04-24 20:24:00,159.2,0
official,train,4066__event_anchor_000,4066,ar4066,4066,3,2014-04-24 22:12:00,223.0,0
official,train,4067__event_anchor_000,4067,ar4067,4067,3,2014-04-25 11:48:00,205.2,0
official,train,4068__event_anchor_000,4068,ar4068,4068,3,2014-04-25 16:48:00,111.4,0
official,train,4069__event_anchor_000,4069,ar4069,4069,3,2014-04-25 18:48:00,92.0,0
official,train,4070__event_anchor_000,4070,ar4070,4070,3,2014-04-25 21:00:00,58.8,0
official,train,4071__event_anchor_000,4071,ar4071,4071,3,2014-04-26 04:48:00,243.88333333333333,1
official,train,4071__event_anchor_001,4071,ar4071,4071,3,2014-05-06 12:36:00,9.416666666666666,1
official,train,4071__event_anchor_002,4071,ar4071,4071,3,2014-05-07 02:00:00,16.0,0
official,train,4073__event_anchor_000,4073,ar4073,4073,3,2014-04-26 23:24:00,314.6,0
official,train,4074__event_anchor_000,4074,ar4074,4074,3,2014-04-27 06:12:00,15.2,0
official,train,4075__event_anchor_000,4075,ar4075,4075,3,2014-04-27 06:24:00,260.8,0
official,train,4076__event_anchor_000,4076,ar4076,4076,3,2014-04-27 09:48:00,222.6,0
official,train,4077__event_anchor_000,4077,ar4077,4077,3,2014-04-27 14:24:00,15.6,0
official,train,4080__event_anchor_000,4080,ar4080,4080,3,2014-04-27 21:00:00,52.8,0
official,train,4082__event_anchor_000,4082,ar4082,4082,3,2014-04-28 07:36:00,179.8,0
official,train,4083__event_anchor_000,4083,ar4083,4083,3,2014-04-28 09:00:00,120.0,0
official,train,4084__event_anchor_000,4084,ar4084,4084,3,2014-04-28 17:12:00,157.0,0
official,train,4086__event_anchor_000,4086,ar4086,4086,3,2014-05-01 07:24:00,181.4,0
official,train,4087__event_anchor_000,4087,ar4087,4087,3,2014-05-01 14:12:00,30.2,0
official,train,4088__event_anchor_000,4088,ar4088,4088,3,2014-05-02 01:00:00,254.6,0
official,train,4090__event_anchor_000,4090,ar4090,4090,3,2014-05-02 10:36:00,11.8,0
official,train,4092__event_anchor_000,4092,ar4092,4092,3,2014-05-03 09:12:00,228.6,0
official,train,4093__event_anchor_000,4093,ar4093,4093,3,2014-05-03 11:00:00,274.2,0
official,train,4094__event_anchor_000,4094,ar4094,4094,3,2014-05-03 16:24:00,34.6,0
official,train,4095__event_anchor_000,4095,ar4095,4095,3,2014-05-04 10:24:00,177.0,0
official,train,4097__event_anchor_000,4097,ar4097,4097,3,2014-05-04 17:12:00,70.91666666666667,1
official,train,4097__event_anchor_001,4097,ar4097,4097,3,2014-05-07 20:00:00,13.983333333333333,1
official,train,4097__event_anchor_002,4097,ar4097,4097,3,2014-05-08 13:48:00,249.8,0
official,train,4101__event_anchor_000,4101,ar4101,4101,3,2014-05-05 13:24:00,55.2,0
official,train,4102__event_anchor_000,4102,ar4102,4102,3,2014-05-05 15:24:00,157.4,0
official,train,4105__event_anchor_000,4105,ar4105,4105,3,2014-05-05 16:24:00,7.0,0
official,train,4108__event_anchor_000,4108,ar4108,4108,3,2014-05-06 16:48:00,219.2,0
official,train,4109__event_anchor_000,4109,ar4109,4109,3,2014-05-07 03:48:00,154.8,0
official,train,4111__event_anchor_000,4111,ar4111,4111,3,2014-05-07 17:36:00,330.0,0
official,train,4114__event_anchor_000,4114,ar4114,4114,3,2014-05-08 11:48:00,209.4,0
official,train,4116__event_anchor_000,4116,ar4116,4116,3,2014-05-08 15:36:00,208.4,0
official,train,4118__event_anchor_000,4118,ar4118,4118,3,2014-05-09 10:48:00,3.0,0
official,train,4123__event_anchor_000,4123,ar4123,4123,3,2014-05-10 19:00:00,319.6,0
official,train,4124__event_anchor_000,4124,ar4124,4124,3,2014-05-10 21:24:00,78.0,0
official,train,4127__event_anchor_000,4127,ar4127,4127,3,2014-05-11 06:36:00,47.0,0
official,train,4128__event_anchor_000,4128,ar4128,4128,3,2014-05-11 21:12:00,98.0,0
official,train,4129__event_anchor_000,4129,ar4129,4129,3,2014-05-12 05:24:00,87.4,0
official,train,4131__event_anchor_000,4131,ar4131,4131,3,2014-05-13 10:00:00,244.6,0
official,train,4132__event_anchor_000,4132,ar4132,4132,3,2014-05-13 16:48:00,78.4,0
official,train,4133__event_anchor_000,4133,ar4133,4133,3,2014-05-13 18:00:00,211.4,0
official,train,4134__event_anchor_000,4134,ar4134,4134,3,2014-05-13 21:12:00,89.0,0
official,train,4135__event_anchor_000,4135,ar4135,4135,3,2014-05-14 02:36:00,168.8,0
official,train,4136__event_anchor_000,4136,ar4136,4136,3,2014-05-14 04:12:00,62.6,0
official,train,4138__event_anchor_000,4138,ar4138,4138,3,2014-05-14 17:24:00,241.03333333333333,1
official,train,4138__event_anchor_001,4138,ar4138,4138,3,2014-05-24 22:24:00,85.6,0
official,train,4143__event_anchor_000,4143,ar4143,4143,3,2014-05-16 13:24:00,96.8,0
official,train,4147__event_anchor_000,4147,ar4147,4147,3,2014-05-17 00:48:00,213.8,0
official,train,4148__event_anchor_000,4148,ar4148,4148,3,2014-05-17 01:00:00,99.6,0
official,train,4150__event_anchor_000,4150,ar4150,4150,3,2014-05-18 04:24:00,0.6,0
official,train,4151__event_anchor_000,4151,ar4151,4151,3,2014-05-18 10:24:00,85.4,0
official,train,4152__event_anchor_000,4152,ar4152,4152,3,2014-05-18 19:36:00,252.2,0
official,train,4153__event_anchor_000,4153,ar4153,4153,3,2014-05-18 23:00:00,48.0,0
official,train,4154__event_anchor_000,4154,ar4154,4154,3,2014-05-18 23:24:00,17.4,0
official,train,4155__event_anchor_000,4155,ar4155,4155,3,2014-05-19 01:36:00,82.0,0
official,train,4156__event_anchor_000,4156,ar4156,4156,3,2014-05-19 16:36:00,309.6,0
official,train,4159__event_anchor_000,4159,ar4159,4159,3,2014-05-20 15:24:00,17.8,0
official,train,4160__event_anchor_000,4160,ar4160,4160,3,2014-05-21 04:00:00,95.2,0
official,train,4161__event_anchor_000,4161,ar4161,4161,3,2014-05-22 16:48:00,41.8,0
official,train,4163__event_anchor_000,4163,ar4163,4163,3,2014-05-22 21:00:00,98.8,0
official,train,4164__event_anchor_000,4164,ar4164,4164,3,2014-05-23 05:12:00,112.0,0
official,train,4166__event_anchor_000,4166,ar4166,4166,3,2014-05-23 14:00:00,276.4,0
official,train,4167__event_anchor_000,4167,ar4167,4167,3,2014-05-23 23:12:00,12.0,0
official,train,4169__event_anchor_000,4169,ar4169,4169,3,2014-05-25 22:12:00,168.8,0
official,train,4173__event_anchor_000,4173,ar4173,4173,3,2014-05-26 09:24:00,174.4,0
official,train,4174__event_anchor_000,4174,ar4174,4174,3,2014-05-26 15:24:00,17.0,0
official,train,4177__event_anchor_000,4177,ar4177,4177,3,2014-05-27 16:12:00,31.2,0
official,train,4178__event_anchor_000,4178,ar4178,4178,3,2014-05-28 08:48:00,2.4,0
official,train,4179__event_anchor_000,4179,ar4179,4179,3,2014-05-28 18:36:00,241.2,0
official,train,4180__event_anchor_000,4180,ar4180,4180,3,2014-05-28 20:36:00,12.2,0
official,train,4181__event_anchor_000,4181,ar4181,4181,3,2014-05-29 06:36:00,10.4,0
official,train,4182__event_anchor_000,4182,ar4182,4182,3,2014-05-29 07:12:00,30.0,0
official,train,4183__event_anchor_000,4183,ar4183,4183,3,2014-05-29 10:48:00,41.4,0
official,train,4184__event_anchor_000,4184,ar4184,4184,3,2014-05-29 11:36:00,24.2,0
official,train,4185__event_anchor_000,4185,ar4185,4185,3,2014-05-29 14:12:00,44.8,0
official,train,4186__event_anchor_000,4186,ar4186,4186,3,2014-05-30 04:12:00,95.76666666666667,1
official,train,4186__event_anchor_001,4186,ar4186,4186,3,2014-06-03 07:48:00,194.2,0
official,train,4187__event_anchor_000,4187,ar4187,4187,3,2014-05-30 12:12:00,24.0,0
official,train,4188__event_anchor_000,4188,ar4188,4188,3,2014-05-30 22:36:00,5.0,0
official,train,4189__event_anchor_000,4189,ar4189,4189,3,2014-05-31 04:00:00,182.0,0
official,train,4190__event_anchor_000,4190,ar4190,4190,3,2014-05-31 15:24:00,309.8,0
official,train,4192__event_anchor_000,4192,ar4192,4192,3,2014-05-31 19:48:00,53.0,0
official,train,4194__event_anchor_000,4194,ar4194,4194,3,2014-06-01 13:00:00,8.6,0
official,train,4195__event_anchor_000,4195,ar4195,4195,3,2014-06-01 00:36:00,83.2,0
official,train,4196__event_anchor_000,4196,ar4196,4196,3,2014-06-02 01:24:00,115.2,0
official,train,4197__event_anchor_000,4197,ar4197,4197,3,2014-06-02 03:12:00,112.23333333333333,1
official,train,4197__event_anchor_001,4197,ar4197,4197,3,2014-06-06 23:24:00,102.1,1
official,train,4197__event_anchor_002,4197,ar4197,4197,3,2014-06-11 09:24:00,23.983333333333334,1
official,train,4197__event_anchor_003,4197,ar4197,4197,3,2014-06-12 13:12:00,8.366666666666667,1
official,train,4197__event_anchor_004,4197,ar4197,4197,3,2014-06-13 01:24:00,57.766666666666666,1
official,train,4197__event_anchor_005,4197,ar4197,4197,3,2014-06-15 15:00:00,2.0,0
official,validation,4201__event_anchor_000,4201,ar4201,4201,4,2014-06-02 23:12:00,224.8,0
official,validation,4205__event_anchor_000,4205,ar4205,4205,4,2014-06-03 22:36:00,277.4,0
official,validation,4214__event_anchor_000,4214,ar4214,4214,4,2014-06-06 04:00:00,68.0,0
official,validation,4216__event_anchor_000,4216,ar4216,4216,4,2014-06-06 17:48:00,24.2,0
official,validation,4218__event_anchor_000,4218,ar4218,4218,4,2014-06-06 17:48:00,289.0,0
official,validation,4221__event_anchor_000,4221,ar4221,4221,4,2014-06-07 13:00:00,74.0,0
official,validation,4222__event_anchor_000,4222,ar4222,4222,4,2014-06-08 11:24:00,101.6,0
official,validation,4223__event_anchor_000,4223,ar4223,4223,4,2014-06-08 23:00:00,113.6,0
official,validation,4224__event_anchor_000,4224,ar4224,4224,4,2014-06-09 12:36:00,157.0,0
official,validation,4225__event_anchor_000,4225,ar4225,4225,4,2014-06-09 19:24:00,16.2,1
official,validation,4225__event_anchor_001,4225,ar4225,4225,4,2014-06-10 15:24:00,16.6,1
official,validation,4225__event_anchor_002,4225,ar4225,4225,4,2014-06-11 11:48:00,9.083333333333334,1
official,validation,4225__event_anchor_003,4225,ar4225,4225,4,2014-06-12 00:48:00,3.433333333333333,1
official,validation,4225__event_anchor_004,4225,ar4225,4225,4,2014-06-12 08:12:00,2.033333333333333,1
official,validation,4225__event_anchor_005,4225,ar4225,4225,4,2014-06-12 14:12:00,3.85,1
official,validation,4225__event_anchor_006,4225,ar4225,4225,4,2014-06-12 22:00:00,9.816666666666666,1
official,validation,4225__event_anchor_007,4225,ar4225,4225,4,2014-06-13 11:48:00,60.03333333333333,1
official,validation,4225__event_anchor_008,4225,ar4225,4225,4,2014-06-16 03:48:00,187.6,0
official,validation,4227__event_anchor_000,4227,ar4227,4227,4,2014-06-10 10:12:00,42.4,0
official,validation,4228__event_anchor_000,4228,ar4228,4228,4,2014-06-10 12:12:00,319.8,0
official,validation,4229__event_anchor_000,4229,ar4229,4229,4,2014-06-10 12:12:00,119.6,0
official,validation,4230__event_anchor_000,4230,ar4230,4230,4,2014-06-10 20:12:00,8.0,0
official,validation,4231__event_anchor_000,4231,ar4231,4231,4,2014-06-11 00:12:00,43.733333333333334,1
official,validation,4231__event_anchor_001,4231,ar4231,4231,4,2014-06-12 23:48:00,166.4,0
official,validation,4232__event_anchor_000,4232,ar4232,4232,4,2014-06-11 04:36:00,8.6,0
official,validation,4239__event_anchor_000,4239,ar4239,4239,4,2014-06-12 01:12:00,76.6,0
official,validation,4241__event_anchor_000,4241,ar4241,4241,4,2014-06-12 01:48:00,83.6,0
official,validation,4242__event_anchor_000,4242,ar4242,4242,4,2014-06-12 16:12:00,163.4,0
official,validation,4243__event_anchor_000,4243,ar4243,4243,4,2014-06-12 17:36:00,32.2,0
official,validation,4244__event_anchor_000,4244,ar4244,4244,4,2014-06-13 04:12:00,29.6,0
official,validation,4245__event_anchor_000,4245,ar4245,4245,4,2014-06-13 20:00:00,45.6,0
official,validation,4246__event_anchor_000,4246,ar4246,4246,4,2014-06-13 21:24:00,227.8,0
official,validation,4247__event_anchor_000,4247,ar4247,4247,4,2014-06-14 00:48:00,129.2,0
official,validation,4249__event_anchor_000,4249,ar4249,4249,4,2014-06-14 07:24:00,34.0,0
official,validation,4251__event_anchor_000,4251,ar4251,4251,4,2014-06-14 20:12:00,3.2,0
official,validation,4252__event_anchor_000,4252,ar4252,4252,4,2014-06-15 08:12:00,295.0,0
official,validation,4254__event_anchor_000,4254,ar4254,4254,4,2014-06-15 19:24:00,95.4,0
official,validation,4255__event_anchor_000,4255,ar4255,4255,4,2014-06-15 20:48:00,151.6,0
official,validation,4256__event_anchor_000,4256,ar4256,4256,4,2014-06-16 00:36:00,274.0,0
official,validation,4261__event_anchor_000,4261,ar4261,4261,4,2014-06-17 12:24:00,82.0,0
official,validation,4265__event_anchor_000,4265,ar4265,4265,4,2014-06-17 19:12:00,58.2,0
official,validation,4266__event_anchor_000,4266,ar4266,4266,4,2014-06-17 22:00:00,30.6,0
official,validation,4268__event_anchor_000,4268,ar4268,4268,4,2014-06-19 22:24:00,165.8,0
official,validation,4269__event_anchor_000,4269,ar4269,4269,4,2014-06-20 05:48:00,172.6,0
official,validation,4271__event_anchor_000,4271,ar4271,4271,4,2014-06-21 08:36:00,13.2,0
official,validation,4272__event_anchor_000,4272,ar4272,4272,4,2014-06-21 23:24:00,269.0,0
official,validation,4274__event_anchor_000,4274,ar4274,4274,4,2014-06-22 15:36:00,23.4,0
official,validation,4284__event_anchor_000,4284,ar4284,4284,4,2014-06-23 19:12:00,174.0,0
official,validation,4285__event_anchor_000,4285,ar4285,4285,4,2014-06-23 22:48:00,14.0,0
official,validation,4286__event_anchor_000,4286,ar4286,4286,4,2014-06-25 17:24:00,4.0,0
official,validation,4287__event_anchor_000,4287,ar4287,4287,4,2014-06-25 18:48:00,39.4,0
official,validation,4288__event_anchor_000,4288,ar4288,4288,4,2014-06-25 20:12:00,290.8,0
official,validation,4290__event_anchor_000,4290,ar4290,4290,4,2014-06-26 14:36:00,59.4,0
official,validation,4291__event_anchor_000,4291,ar4291,4291,4,2014-06-26 18:00:00,31.8,0
official,validation,4292__event_anchor_000,4292,ar4292,4292,4,2014-06-27 01:12:00,1.0,0
official,validation,4293__event_anchor_000,4293,ar4293,4293,4,2014-06-27 14:12:00,151.4,0
official,validation,4294__event_anchor_000,4294,ar4294,4294,4,2014-06-27 20:24:00,86.68333333333334,1
official,validation,4294__event_anchor_001,4294,ar4294,4294,4,2014-07-01 15:00:00,223.48333333333332,1
official,validation,4294__event_anchor_002,4294,ar4294,4294,4,2014-07-11 02:24:00,35.2,0
official,validation,4295__event_anchor_000,4295,ar4295,4295,4,2014-06-28 04:36:00,242.6,0
official,validation,4296__event_anchor_000,4296,ar4296,4296,4,2014-06-28 08:36:00,342.6,0
official,validation,4302__event_anchor_000,4302,ar4302,4302,4,2014-06-29 02:48:00,153.8,0
official,validation,4304__event_anchor_000,4304,ar4304,4304,4,2014-06-29 14:48:00,6.2,0
official,validation,4312__event_anchor_000,4312,ar4312,4312,4,2014-06-30 13:48:00,59.6,0
official,validation,4315__event_anchor_000,4315,ar4315,4315,4,2014-06-30 22:12:00,313.8,0
official,validation,4317__event_anchor_000,4317,ar4317,4317,4,2014-07-01 12:00:00,11.0,0
official,validation,4318__event_anchor_000,4318,ar4318,4318,4,2014-07-01 17:48:00,3.2,0
official,validation,4321__event_anchor_000,4321,ar4321,4321,4,2014-07-02 02:12:00,315.0,0
official,validation,4328__event_anchor_000,4328,ar4328,4328,4,2014-07-03 09:24:00,281.6,0
official,validation,4330__event_anchor_000,4330,ar4330,4330,4,2014-07-03 14:00:00,32.6,0
official,validation,4334__event_anchor_000,4334,ar4334,4334,4,2014-07-04 09:36:00,47.4,0
official,validation,4335__event_anchor_000,4335,ar4335,4335,4,2014-07-04 20:24:00,227.6,0
official,validation,4336__event_anchor_000,4336,ar4336,4336,4,2014-07-05 03:36:00,41.6,0
official,validation,4337__event_anchor_000,4337,ar4337,4337,4,2014-07-05 07:36:00,235.6,0
official,validation,4338__event_anchor_000,4338,ar4338,4338,4,2014-07-05 11:36:00,191.8,0
official,validation,4339__event_anchor_000,4339,ar4339,4339,4,2014-07-05 12:00:00,15.0,0
official,validation,4343__event_anchor_000,4343,ar4343,4343,4,2014-07-06 02:24:00,148.8,0
official,validation,4344__event_anchor_000,4344,ar4344,4344,4,2014-07-06 08:24:00,55.7,1
official,validation,4344__event_anchor_001,4344,ar4344,4344,4,2014-07-08 20:00:00,4.333333333333333,1
official,validation,4344__event_anchor_002,4344,ar4344,4344,4,2014-07-09 04:12:00,228.2,0
official,validation,4345__event_anchor_000,4345,ar4345,4345,4,2014-07-06 11:36:00,0.2,0
official,validation,4346__event_anchor_000,4346,ar4346,4346,4,2014-07-06 22:36:00,34.6,0
official,validation,4350__event_anchor_000,4350,ar4350,4350,4,2014-07-07 07:36:00,40.0,0
official,validation,4351__event_anchor_000,4351,ar4351,4351,4,2014-07-07 15:00:00,272.8,0
official,validation,4353__event_anchor_000,4353,ar4353,4353,4,2014-07-08 00:00:00,0.8,0
official,validation,4358__event_anchor_000,4358,ar4358,4358,4,2014-07-10 03:12:00,3.6,0
official,validation,4359__event_anchor_000,4359,ar4359,4359,4,2014-07-10 16:36:00,190.2,0
official,validation,4360__event_anchor_000,4360,ar4360,4360,4,2014-07-11 21:00:00,118.6,0
official,validation,4361__event_anchor_000,4361,ar4361,4361,4,2014-07-13 16:00:00,81.2,0
official,validation,4362__event_anchor_000,4362,ar4362,4362,4,2014-07-13 20:48:00,36.8,0
official,validation,4363__event_anchor_000,4363,ar4363,4363,4,2014-07-13 23:48:00,176.4,0
official,validation,4364__event_anchor_000,4364,ar4364,4364,4,2014-07-14 01:00:00,104.6,0
official,validation,4365__event_anchor_000,4365,ar4365,4365,4,2014-07-14 03:48:00,104.2,0
official,validation,4367__event_anchor_000,4367,ar4367,4367,4,2014-07-14 18:24:00,204.8,0
official,validation,4370__event_anchor_000,4370,ar4370,4370,4,2014-07-16 04:00:00,35.6,0
official,validation,4372__event_anchor_000,4372,ar4372,4372,4,2014-07-16 22:12:00,217.2,0
official,validation,4373__event_anchor_000,4373,ar4373,4373,4,2014-07-17 12:36:00,2.4,0
official,validation,4374__event_anchor_000,4374,ar4374,4374,4,2014-07-17 20:24:00,79.8,0
official,validation,4375__event_anchor_000,4375,ar4375,4375,4,2014-07-18 13:24:00,183.4,0
official,validation,4376__event_anchor_000,4376,ar4376,4376,4,2014-07-18 19:12:00,64.2,0
official,validation,4377__event_anchor_000,4377,ar4377,4377,4,2014-07-20 10:24:00,187.0,0
official,validation,4378__event_anchor_000,4378,ar4378,4378,4,2014-07-20 17:36:00,7.2,0
official,validation,4379__event_anchor_000,4379,ar4379,4379,4,2014-07-21 15:36:00,306.8,0
official,validation,4380__event_anchor_000,4380,ar4380,4380,4,2014-07-21 17:36:00,163.4,0
official,validation,4381__event_anchor_000,4381,ar4381,4381,4,2014-07-22 00:48:00,177.6,0
official,validation,4383__event_anchor_000,4383,ar4383,4383,4,2014-07-22 15:12:00,292.0,0
official,validation,4384__event_anchor_000,4384,ar4384,4384,4,2014-07-22 22:48:00,25.2,0
official,validation,4385__event_anchor_000,4385,ar4385,4385,4,2014-07-23 15:12:00,1.4,0
official,validation,4386__event_anchor_000,4386,ar4386,4386,4,2014-07-24 11:00:00,9.0,0
official,validation,4387__event_anchor_000,4387,ar4387,4387,4,2014-07-24 18:00:00,41.2,0
official,validation,4388__event_anchor_000,4388,ar4388,4388,4,2014-07-24 21:48:00,113.8,0
official,validation,4390__event_anchor_000,4390,ar4390,4390,4,2014-07-25 13:36:00,328.2,0
official,validation,4392__event_anchor_000,4392,ar4392,4392,4,2014-07-26 04:36:00,161.4,0
official,validation,4396__event_anchor_000,4396,ar4396,4396,4,2014-07-27 04:48:00,102.21666666666667,1
official,validation,4396__event_anchor_001,4396,ar4396,4396,4,2014-07-31 15:00:00,23.716666666666665,1
official,validation,4396__event_anchor_002,4396,ar4396,4396,4,2014-08-01 18:36:00,248.6,0
official,validation,4397__event_anchor_000,4397,ar4397,4397,4,2014-07-27 08:12:00,198.2,0
official,validation,4398__event_anchor_000,4398,ar4398,4398,4,2014-07-27 09:24:00,292.6,0
official,validation,4399__event_anchor_000,4399,ar4399,4399,4,2014-07-27 09:48:00,239.6,0
official,validation,4410__event_anchor_000,4410,ar4410,4410,4,2014-07-28 16:24:00,6.4,0
official,validation,4413__event_anchor_000,4413,ar4413,4413,4,2014-07-30 02:48:00,58.0,0
official,validation,4414__event_anchor_000,4414,ar4414,4414,4,2014-07-30 08:36:00,82.6,0
official,validation,4418__event_anchor_000,4418,ar4418,4418,4,2014-07-31 11:12:00,148.8,0
official,validation,4421__event_anchor_000,4421,ar4421,4421,4,2014-08-01 04:00:00,82.8,0
official,validation,4422__event_anchor_000,4422,ar4422,4422,4,2014-08-01 04:24:00,183.8,0
official,validation,4423__event_anchor_000,4423,ar4423,4423,4,2014-08-01 11:36:00,182.6,0
official,validation,4424__event_anchor_000,4424,ar4424,4424,4,2014-08-01 14:00:00,333.0,0
official,validation,4425__event_anchor_000,4425,ar4425,4425,4,2014-08-01 14:36:00,16.0,0
official,validation,4428__event_anchor_000,4428,ar4428,4428,4,2014-08-01 21:24:00,26.0,0
official,validation,4431__event_anchor_000,4431,ar4431,4431,4,2014-08-03 12:24:00,105.6,0
official,validation,4432__event_anchor_000,4432,ar4432,4432,4,2014-08-03 15:48:00,173.4,0
official,validation,4435__event_anchor_000,4435,ar4435,4435,4,2014-08-04 10:12:00,162.0,0
official,validation,4436__event_anchor_000,4436,ar4436,4436,4,2014-08-04 10:48:00,145.0,0
official,validation,4438__event_anchor_000,4438,ar4438,4438,4,2014-08-05 05:12:00,229.8,0
official,validation,4440__event_anchor_000,4440,ar4440,4440,4,2014-08-06 13:00:00,278.6,0
official,validation,4443__event_anchor_000,4443,ar4443,4443,4,2014-08-08 05:36:00,66.4,0
official,validation,4444__event_anchor_000,4444,ar4444,4444,4,2014-08-09 14:48:00,67.6,0
official,validation,4447__event_anchor_000,4447,ar4447,4447,4,2014-08-10 08:00:00,235.2,0
official,validation,4448__event_anchor_000,4448,ar4448,4448,4,2014-08-10 14:12:00,306.4,0
official,validation,4450__event_anchor_000,4450,ar4450,4450,4,2014-08-11 07:12:00,50.2,0
official,validation,4451__event_anchor_000,4451,ar4451,4451,4,2014-08-11 23:24:00,190.2,0
official,validation,4453__event_anchor_000,4453,ar4453,4453,4,2014-08-13 04:24:00,20.8,0
official,validation,4454__event_anchor_000,4454,ar4454,4454,4,2014-08-13 05:24:00,297.8,0
official,validation,4455__event_anchor_000,4455,ar4455,4455,4,2014-08-14 03:12:00,284.4,0
official,validation,4456__event_anchor_000,4456,ar4456,4456,4,2014-08-14 04:00:00,16.8,0
official,validation,4459__event_anchor_000,4459,ar4459,4459,4,2014-08-14 21:00:00,17.2,0
official,validation,4460__event_anchor_000,4460,ar4460,4460,4,2014-08-15 05:36:00,95.6,0
official,validation,4461__event_anchor_000,4461,ar4461,4461,4,2014-08-15 11:24:00,73.8,0
official,validation,4463__event_anchor_000,4463,ar4463,4463,4,2014-08-15 21:36:00,5.6,0
official,validation,4465__event_anchor_000,4465,ar4465,4465,4,2014-08-16 03:24:00,13.6,0
official,validation,4466__event_anchor_000,4466,ar4466,4466,4,2014-08-16 06:48:00,223.96666666666667,1
official,validation,4466__event_anchor_001,4466,ar4466,4466,4,2014-08-25 18:36:00,1.5,1
official,validation,4466__event_anchor_002,4466,ar4466,4466,4,2014-08-26 00:00:00,112.4,0
official,validation,4467__event_anchor_000,4467,ar4467,4467,4,2014-08-16 10:36:00,11.8,0
official,validation,4469__event_anchor_000,4469,ar4469,4469,4,2014-08-17 08:36:00,268.4,0
official,validation,4470__event_anchor_000,4470,ar4470,4470,4,2014-08-17 18:48:00,156.2,0
official,validation,4471__event_anchor_000,4471,ar4471,4471,4,2014-08-18 07:48:00,5.0,0
official,validation,4475__event_anchor_000,4475,ar4475,4475,4,2014-08-19 14:36:00,16.4,0
official,validation,4477__event_anchor_000,4477,ar4477,4477,4,2014-08-21 07:48:00,5.516666666666667,1
official,validation,4477__event_anchor_001,4477,ar4477,4477,4,2014-08-21 17:12:00,13.1,1
official,validation,4477__event_anchor_002,4477,ar4477,4477,4,2014-08-22 10:12:00,279.2,0
official,validation,4478__event_anchor_000,4478,ar4478,4478,4,2014-08-22 07:48:00,52.2,1
official,validation,4478__event_anchor_001,4478,ar4478,4478,4,2014-08-24 15:48:00,269.4,0
official,validation,4480__event_anchor_000,4480,ar4480,4480,4,2014-08-22 16:48:00,0.4,0
official,validation,4494__event_anchor_000,4494,ar4494,4494,4,2014-08-24 21:12:00,213.6,0
official,validation,4497__event_anchor_000,4497,ar4497,4497,4,2014-08-26 03:12:00,120.4,0
official,validation,4498__event_anchor_000,4498,ar4498,4498,4,2014-08-26 06:36:00,5.4,0
official,validation,4501__event_anchor_000,4501,ar4501,4501,4,2014-08-26 12:00:00,37.4,0
official,validation,4502__event_anchor_000,4502,ar4502,4502,4,2014-08-27 00:12:00,300.2,0
official,validation,4503__event_anchor_000,4503,ar4503,4503,4,2014-08-27 02:00:00,8.8,0
official,validation,4505__event_anchor_000,4505,ar4505,4505,4,2014-08-27 13:24:00,245.6,0
official,validation,4507__event_anchor_000,4507,ar4507,4507,4,2014-08-28 15:00:00,49.6,0
official,validation,4508__event_anchor_000,4508,ar4508,4508,4,2014-08-28 16:36:00,185.6,0
official,validation,4510__event_anchor_000,4510,ar4510,4510,4,2014-08-29 02:36:00,240.4,0
official,validation,4511__event_anchor_000,4511,ar4511,4511,4,2014-08-29 02:36:00,90.2,0
official,validation,4512__event_anchor_000,4512,ar4512,4512,4,2014-08-29 04:24:00,203.6,0
official,validation,4515__event_anchor_000,4515,ar4515,4515,4,2014-08-29 18:00:00,176.6,0
official,validation,4516__event_anchor_000,4516,ar4516,4516,4,2014-08-30 05:24:00,39.4,0
official,validation,4517__event_anchor_000,4517,ar4517,4517,4,2014-08-30 12:36:00,185.6,0
official,validation,4518__event_anchor_000,4518,ar4518,4518,4,2014-08-30 19:00:00,11.4,0
official,validation,4519__event_anchor_000,4519,ar4519,4519,4,2014-08-31 04:24:00,179.4,0
official,validation,4520__event_anchor_000,4520,ar4520,4520,4,2014-08-31 06:12:00,172.4,0
official,validation,4521__event_anchor_000,4521,ar4521,4521,4,2014-08-31 06:24:00,26.8,0
official,validation,4522__event_anchor_000,4522,ar4522,4522,4,2014-08-31 06:48:00,12.6,0
official,validation,4523__event_anchor_000,4523,ar4523,4523,4,2014-08-31 16:36:00,248.0,0
official,validation,4524__event_anchor_000,4524,ar4524,4524,4,2014-08-31 18:36:00,47.4,0
official,validation,4525__event_anchor_000,4525,ar4525,4525,4,2014-09-01 23:00:00,7.4,0
official,validation,4527__event_anchor_000,4527,ar4527,4527,4,2014-09-02 12:36:00,231.2,0
official,validation,4528__event_anchor_000,4528,ar4528,4528,4,2014-09-02 15:24:00,94.8,0
official,validation,4529__event_anchor_000,4529,ar4529,4529,4,2014-09-03 04:24:00,80.6,0
official,validation,4530__event_anchor_000,4530,ar4530,4530,4,2014-09-03 06:24:00,6.933333333333334,1
official,validation,4530__event_anchor_001,4530,ar4530,4530,4,2014-09-03 17:12:00,71.63333333333334,1
official,validation,4530__event_anchor_002,4530,ar4530,4530,4,2014-09-06 20:48:00,173.25,1
official,validation,4530__event_anchor_003,4530,ar4530,4530,4,2014-09-14 06:00:00,63.4,0
official,validation,4532__event_anchor_000,4532,ar4532,4532,4,2014-09-03 15:36:00,197.4,0
official,validation,4533__event_anchor_000,4533,ar4533,4533,4,2014-09-03 22:36:00,42.8,0
official,validation,4536__event_anchor_000,4536,ar4536,4536,4,2014-09-04 09:48:00,109.4,1
official,validation,4536__event_anchor_001,4536,ar4536,4536,4,2014-09-09 03:00:00,38.35,1
official,validation,4536__event_anchor_002,4536,ar4536,4536,4,2014-09-10 21:12:00,169.6,0
official,validation,4537__event_anchor_000,4537,ar4537,4537,4,2014-09-04 09:48:00,6.4,0
official,validation,4538__event_anchor_000,4538,ar4538,4538,4,2014-09-04 21:36:00,160.2,0
official,validation,4539__event_anchor_000,4539,ar4539,4539,4,2014-09-05 13:00:00,273.2,0
official,validation,4540__event_anchor_000,4540,ar4540,4540,4,2014-09-05 20:24:00,143.4,0
official,validation,4541__event_anchor_000,4541,ar4541,4541,4,2014-09-06 02:12:00,81.6,0
official,validation,4543__event_anchor_000,4543,ar4543,4543,4,2014-09-06 13:48:00,268.4,0
official,validation,4546__event_anchor_000,4546,ar4546,4546,4,2014-09-07 23:12:00,197.2,0
official,validation,4548__event_anchor_000,4548,ar4548,4548,4,2014-09-08 21:48:00,216.0,0
official,validation,4549__event_anchor_000,4549,ar4549,4549,4,2014-09-10 03:24:00,250.8,0
official,validation,4551__event_anchor_000,4551,ar4551,4551,4,2014-09-10 08:24:00,209.0,0
official,validation,4552__event_anchor_000,4552,ar4552,4552,4,2014-09-10 13:48:00,266.2,0
official,validation,4556__event_anchor_000,4556,ar4556,4556,4,2014-09-11 21:36:00,309.4,0
official,validation,4557__event_anchor_000,4557,ar4557,4557,4,2014-09-11 22:48:00,135.6,0
official,validation,4559__event_anchor_000,4559,ar4559,4559,4,2014-09-12 02:00:00,41.0,0
official,validation,4562__event_anchor_000,4562,ar4562,4562,4,2014-09-12 18:24:00,128.8,0
official,validation,4565__event_anchor_000,4565,ar4565,4565,4,2014-09-14 00:24:00,42.0,0
official,validation,4566__event_anchor_000,4566,ar4566,4566,4,2014-09-14 04:00:00,260.8,0
official,validation,4568__event_anchor_000,4568,ar4568,4568,4,2014-09-15 03:24:00,143.8,0
official,validation,4570__event_anchor_000,4570,ar4570,4570,4,2014-09-15 13:48:00,128.2,0
official,validation,4572__event_anchor_000,4572,ar4572,4572,4,2014-09-16 01:12:00,1.6,0
official,validation,4574__event_anchor_000,4574,ar4574,4574,4,2014-09-16 16:36:00,40.016666666666666,1
official,validation,4574__event_anchor_001,4574,ar4574,4574,4,2014-09-18 12:36:00,239.8,0
official,validation,4576__event_anchor_000,4576,ar4576,4576,4,2014-09-16 23:00:00,202.6,0
official,validation,4578__event_anchor_000,4578,ar4578,4578,4,2014-09-18 08:24:00,214.2,0
official,validation,4579__event_anchor_000,4579,ar4579,4579,4,2014-09-18 09:00:00,131.0,0
official,validation,4580__event_anchor_000,4580,ar4580,4580,4,2014-09-18 16:12:00,126.85,1
official,validation,4580__event_anchor_001,4580,ar4580,4580,4,2014-09-24 03:00:00,95.65,1
official,validation,4580__event_anchor_002,4580,ar4580,4580,4,2014-09-28 06:36:00,9.966666666666667,1
official,validation,4580__event_anchor_003,4580,ar4580,4580,4,2014-09-28 20:24:00,92.76666666666667,1
official,validation,4580__event_anchor_004,4580,ar4580,4580,4,2014-10-02 21:00:00,17.6,0
official,validation,4583__event_anchor_000,4583,ar4583,4583,4,2014-09-19 19:00:00,9.4,0
official,validation,4584__event_anchor_000,4584,ar4584,4584,4,2014-09-19 22:24:00,159.0,0
official,validation,4588__event_anchor_000,4588,ar4588,4588,4,2014-09-19 07:48:00,104.0,0
official,validation,4589__event_anchor_000,4589,ar4589,4589,4,2014-09-20 08:36:00,80.2,0
official,validation,4591__event_anchor_000,4591,ar4591,4591,4,2014-09-20 22:36:00,271.8,0
official,validation,4596__event_anchor_000,4596,ar4596,4596,4,2014-09-22 01:24:00,5.0,0
official,validation,4597__event_anchor_000,4597,ar4597,4597,4,2014-09-22 05:48:00,151.6,0
official,validation,4598__event_anchor_000,4598,ar4598,4598,4,2014-09-22 11:00:00,132.6,0
official,validation,4600__event_anchor_000,4600,ar4600,4600,4,2014-09-22 18:36:00,80.4,0
official,validation,4601__event_anchor_000,4601,ar4601,4601,4,2014-09-22 22:24:00,115.6,0
official,validation,4602__event_anchor_000,4602,ar4602,4602,4,2014-09-23 06:48:00,33.0,0
official,validation,4603__event_anchor_000,4603,ar4603,4603,4,2014-09-23 07:24:00,289.0,0
official,validation,4606__event_anchor_000,4606,ar4606,4606,4,2014-09-24 07:36:00,82.0,0
official,validation,4609__event_anchor_000,4609,ar4609,4609,4,2014-09-25 09:00:00,207.6,0
official,validation,4610__event_anchor_000,4610,ar4610,4610,4,2014-09-25 12:24:00,292.8,0
official,validation,4613__event_anchor_000,4613,ar4613,4613,4,2014-09-25 19:48:00,182.6,0
official,validation,4614__event_anchor_000,4614,ar4614,4614,4,2014-09-26 03:36:00,70.0,0
official,validation,4616__event_anchor_000,4616,ar4616,4616,4,2014-09-27 06:24:00,299.2,0
official,validation,4617__event_anchor_000,4617,ar4617,4617,4,2014-09-27 08:48:00,102.8,0
official,validation,4618__event_anchor_000,4618,ar4618,4618,4,2014-09-27 14:36:00,91.6,0
official,validation,4619__event_anchor_000,4619,ar4619,4619,4,2014-09-27 18:00:00,158.0,0
official,validation,4623__event_anchor_000,4623,ar4623,4623,4,2014-09-28 13:24:00,244.2,0
official,validation,4629__event_anchor_000,4629,ar4629,4629,4,2014-09-29 12:24:00,5.6,0
official,validation,4631__event_anchor_000,4631,ar4631,4631,4,2014-09-29 17:00:00,170.6,0
official,validation,4634__event_anchor_000,4634,ar4634,4634,4,2014-09-30 03:12:00,57.2,0
official,validation,4635__event_anchor_000,4635,ar4635,4635,4,2014-09-30 03:24:00,51.6,0
official,validation,4638__event_anchor_000,4638,ar4638,4638,4,2014-10-01 14:12:00,27.2,0
official,validation,4639__event_anchor_000,4639,ar4639,4639,4,2014-10-01 16:36:00,176.9,1
official,validation,4639__event_anchor_001,4639,ar4639,4639,4,2014-10-09 05:24:00,1.4,1
official,validation,4639__event_anchor_002,4639,ar4639,4639,4,2014-10-09 10:36:00,121.4,0
official,validation,4640__event_anchor_000,4640,ar4640,4640,4,2014-10-01 18:48:00,260.6,0
official,validation,4642__event_anchor_000,4642,ar4642,4642,4,2014-10-01 21:36:00,1.4,0
official,validation,4644__event_anchor_000,4644,ar4644,4644,4,2014-10-02 11:48:00,19.4,0
official,validation,4645__event_anchor_000,4645,ar4645,4645,4,2014-10-02 15:00:00,91.4,0
official,validation,4655__event_anchor_000,4655,ar4655,4655,4,2014-10-03 23:00:00,300.6,0
official,validation,4657__event_anchor_000,4657,ar4657,4657,4,2014-10-05 02:12:00,19.6,0
official,validation,4659__event_anchor_000,4659,ar4659,4659,4,2014-10-05 16:00:00,118.8,0
official,validation,4660__event_anchor_000,4660,ar4660,4660,4,2014-10-05 21:24:00,129.2,0
official,validation,4661__event_anchor_000,4661,ar4661,4661,4,2014-10-06 00:00:00,278.2,0
official,validation,4662__event_anchor_000,4662,ar4662,4662,4,2014-10-06 10:12:00,76.0,0
official,validation,4667__event_anchor_000,4667,ar4667,4667,4,2014-10-07 07:24:00,311.8,0
official,validation,4669__event_anchor_000,4669,ar4669,4669,4,2014-10-08 04:00:00,149.0,0
official,validation,4670__event_anchor_000,4670,ar4670,4670,4,2014-10-09 04:48:00,11.8,0
official,validation,4671__event_anchor_000,4671,ar4671,4671,4,2014-10-09 05:00:00,78.8,0
official,validation,4673__event_anchor_000,4673,ar4673,4673,4,2014-10-10 04:00:00,238.2,0
official,validation,4675__event_anchor_000,4675,ar4675,4675,4,2014-10-10 16:36:00,6.4,0
official,validation,4677__event_anchor_000,4677,ar4677,4677,4,2014-10-11 12:00:00,36.4,0
official,validation,4678__event_anchor_000,4678,ar4678,4678,4,2014-10-11 15:00:00,76.11666666666666,1
official,validation,4678__event_anchor_001,4678,ar4678,4678,4,2014-10-14 23:00:00,237.0,0
official,validation,4679__event_anchor_000,4679,ar4679,4679,4,2014-10-12 16:12:00,196.8,0
official,validation,4683__event_anchor_000,4683,ar4683,4683,4,2014-10-13 10:12:00,106.4,0
official,validation,4685__event_anchor_000,4685,ar4685,4685,4,2014-10-13 18:12:00,58.0,0
official,validation,4686__event_anchor_000,4686,ar4686,4686,4,2014-10-13 19:36:00,19.0,0
official,validation,4687__event_anchor_000,4687,ar4687,4687,4,2014-10-14 00:12:00,246.2,0
official,validation,4690__event_anchor_000,4690,ar4690,4690,4,2014-10-14 11:48:00,179.8,0
official,validation,4691__event_anchor_000,4691,ar4691,4691,4,2014-10-15 00:12:00,24.0,0
official,validation,4696__event_anchor_000,4696,ar4696,4696,4,2014-10-16 07:36:00,212.6,0
official,validation,4698__event_anchor_000,4698,ar4698,4698,4,2014-10-16 13:00:00,42.03333333333333,1
official,validation,4698__event_anchor_001,4698,ar4698,4698,4,2014-10-18 11:00:00,17.283333333333335,1
official,validation,4698__event_anchor_002,4698,ar4698,4698,4,2014-10-19 08:12:00,24.8,1
official,validation,4698__event_anchor_003,4698,ar4698,4698,4,2014-10-20 12:48:00,3.2,1
official,validation,4698__event_anchor_004,4698,ar4698,4698,4,2014-10-20 19:48:00,0.08333333333333333,1
official,validation,4698__event_anchor_005,4698,ar4698,4698,4,2014-10-20 23:48:00,13.783333333333333,1
official,validation,4698__event_anchor_006,4698,ar4698,4698,4,2014-10-21 17:24:00,7.866666666666666,1
official,validation,4698__event_anchor_007,4698,ar4698,4698,4,2014-10-22 05:12:00,8.833333333333334,1
official,validation,4698__event_anchor_008,4698,ar4698,4698,4,2014-10-22 18:00:00,15.733333333333333,1
official,validation,4698__event_anchor_009,4698,ar4698,4698,4,2014-10-23 13:36:00,18.016666666666666,1
official,validation,4698__event_anchor_010,4698,ar4698,4698,4,2014-10-24 11:36:00,9.516666666666667,1
official,validation,4698__event_anchor_011,4698,ar4698,4698,4,2014-10-25 01:00:00,15.916666666666666,1
official,validation,4698__event_anchor_012,4698,ar4698,4698,4,2014-10-25 20:48:00,13.266666666666667,1
official,validation,4698__event_anchor_013,4698,ar4698,4698,4,2014-10-26 14:00:00,3.1333333333333333,1
official,validation,4698__event_anchor_014,4698,ar4698,4698,4,2014-10-26 21:00:00,3.1,1
official,validation,4698__event_anchor_015,4698,ar4698,4698,4,2014-10-27 04:00:00,5.983333333333333,1
official,validation,4698__event_anchor_016,4698,ar4698,4698,4,2014-10-27 13:48:00,0.4,1
official,validation,4698__event_anchor_017,4698,ar4698,4698,4,2014-10-27 18:00:00,8.25,1
official,validation,4698__event_anchor_018,4698,ar4698,4698,4,2014-10-28 06:12:00,7.7,1
official,validation,4698__event_anchor_019,4698,ar4698,4698,4,2014-10-28 17:48:00,12.25,1
official,validation,4698__event_anchor_020,4698,ar4698,4698,4,2014-10-29 10:00:00,4.4,1
official,validation,4698__event_anchor_021,4698,ar4698,4698,4,2014-10-29 18:12:00,0.5833333333333334,1
official,validation,4698__event_anchor_022,4698,ar4698,4698,4,2014-10-29 22:36:00,1.9666666666666666,1
official,validation,4698__event_anchor_023,4698,ar4698,4698,4,2014-10-30 04:24:00,14.0,0
official,validation,4699__event_anchor_000,4699,ar4699,4699,4,2014-10-16 17:48:00,134.2,0
official,validation,4700__event_anchor_000,4700,ar4700,4700,4,2014-10-16 19:12:00,73.0,0
official,validation,4702__event_anchor_000,4702,ar4702,4702,4,2014-10-16 20:36:00,214.0,0
official,validation,4703__event_anchor_000,4703,ar4703,4703,4,2014-10-17 00:00:00,50.4,0
official,validation,4704__event_anchor_000,4704,ar4704,4704,4,2014-10-17 04:12:00,239.6,0
official,validation,4705__event_anchor_000,4705,ar4705,4705,4,2014-10-17 07:12:00,18.2,0
official,validation,4711__event_anchor_000,4711,ar4711,4711,4,2014-10-17 22:12:00,222.0,0
official,validation,4714__event_anchor_000,4714,ar4714,4714,4,2014-10-18 13:00:00,126.6,0
official,validation,4715__event_anchor_000,4715,ar4715,4715,4,2014-10-18 13:36:00,123.2,0
official,validation,4718__event_anchor_000,4718,ar4718,4718,4,2014-10-20 00:24:00,303.8,0
official,validation,4719__event_anchor_000,4719,ar4719,4719,4,2014-10-20 07:12:00,8.2,0
official,validation,4723__event_anchor_000,4723,ar4723,4723,4,2014-10-21 06:00:00,57.6,0
official,validation,4724__event_anchor_000,4724,ar4724,4724,4,2014-10-21 08:12:00,230.2,0
official,validation,4725__event_anchor_000,4725,ar4725,4725,4,2014-10-21 12:36:00,102.0,0
official,validation,4726__event_anchor_000,4726,ar4726,4726,4,2014-10-21 23:24:00,308.2,0
official,validation,4731__event_anchor_000,4731,ar4731,4731,4,2014-10-22 17:12:00,37.8,0
official,validation,4733__event_anchor_000,4733,ar4733,4733,4,2014-10-23 19:00:00,273.8,0
official,validation,4734__event_anchor_000,4734,ar4734,4734,4,2014-10-23 21:36:00,309.6,0
official,validation,4737__event_anchor_000,4737,ar4737,4737,4,2014-10-24 21:24:00,2.4,0
official,validation,4744__event_anchor_000,4744,ar4744,4744,4,2014-10-26 15:00:00,0.4,0
official,validation,4745__event_anchor_000,4745,ar4745,4745,4,2014-10-26 17:24:00,120.6,0
official,validation,4747__event_anchor_000,4747,ar4747,4747,4,2014-10-27 08:36:00,188.8,0
official,validation,4748__event_anchor_000,4748,ar4748,4748,4,2014-10-28 04:48:00,84.4,0
official,validation,4750__event_anchor_000,4750,ar4750,4750,4,2014-10-28 14:24:00,203.4,0
official,validation,4751__event_anchor_000,4751,ar4751,4751,4,2014-10-28 16:12:00,290.0,0
official,validation,4754__event_anchor_000,4754,ar4754,4754,4,2014-10-28 19:36:00,6.8,0
official,validation,4756__event_anchor_000,4756,ar4756,4756,4,2014-10-28 21:36:00,21.0,0
official,validation,4757__event_anchor_000,4757,ar4757,4757,4,2014-10-29 02:24:00,105.2,0
official,validation,4758__event_anchor_000,4758,ar4758,4758,4,2014-10-29 03:00:00,10.0,0
official,validation,4759__event_anchor_000,4759,ar4759,4759,4,2014-10-29 14:00:00,129.6,0
official,validation,4760__event_anchor_000,4760,ar4760,4760,4,2014-10-29 17:48:00,270.4,0
official,validation,4761__event_anchor_000,4761,ar4761,4761,4,2014-10-29 19:12:00,200.0,0
official,validation,4762__event_anchor_000,4762,ar4762,4762,4,2014-10-29 22:00:00,1.2,0
official,validation,4763__event_anchor_000,4763,ar4763,4763,4,2014-10-30 12:36:00,2.6,0
official,validation,4764__event_anchor_000,4764,ar4764,4764,4,2014-10-30 16:24:00,222.4,0
official,validation,4765__event_anchor_000,4765,ar4765,4765,4,2014-10-30 23:00:00,122.8,0
official,validation,4767__event_anchor_000,4767,ar4767,4767,4,2014-10-31 17:24:00,256.8,0
official,validation,4770__event_anchor_000,4770,ar4770,4770,4,2014-11-01 02:00:00,115.2,0
official,validation,4771__event_anchor_000,4771,ar4771,4771,4,2014-11-01 11:12:00,135.0,0
official,validation,4775__event_anchor_000,4775,ar4775,4775,4,2014-11-02 14:36:00,190.8,0
official,validation,4776__event_anchor_000,4776,ar4776,4776,4,2014-11-02 18:00:00,152.8,0
official,validation,4777__event_anchor_000,4777,ar4777,4777,4,2014-11-02 19:00:00,147.8,0
official,validation,4778__event_anchor_000,4778,ar4778,4778,4,2014-11-03 00:24:00,114.6,0
official,validation,4780__event_anchor_000,4780,ar4780,4780,4,2014-11-03 11:36:00,5.8,0
official,validation,4781__event_anchor_000,4781,ar4781,4781,4,2014-11-03 16:48:00,5.45,1
official,validation,4781__event_anchor_001,4781,ar4781,4781,4,2014-11-04 02:12:00,5.783333333333333,1
official,validation,4781__event_anchor_002,4781,ar4781,4781,4,2014-11-04 11:48:00,21.633333333333333,1
official,validation,4781__event_anchor_003,4781,ar4781,4781,4,2014-11-05 13:24:00,5.433333333333334,1
official,validation,4781__event_anchor_004,4781,ar4781,4781,4,2014-11-05 22:48:00,2.683333333333333,1
official,validation,4781__event_anchor_005,4781,ar4781,4781,4,2014-11-06 05:24:00,16.483333333333334,1
official,validation,4781__event_anchor_006,4781,ar4781,4781,4,2014-11-07 01:48:00,0.2833333333333333,1
official,validation,4781__event_anchor_007,4781,ar4781,4781,4,2014-11-07 06:00:00,4.216666666666667,1
official,validation,4781__event_anchor_008,4781,ar4781,4781,4,2014-11-07 14:12:00,2.683333333333333,1
official,validation,4781__event_anchor_009,4781,ar4781,4781,4,2014-11-07 20:48:00,42.6,1
official,validation,4781__event_anchor_010,4781,ar4781,4781,4,2014-11-09 19:12:00,165.6,0
official,validation,4782__event_anchor_000,4782,ar4782,4782,4,2014-11-03 17:48:00,24.4,0
official,validation,4783__event_anchor_000,4783,ar4783,4783,4,2014-11-04 06:48:00,267.0,0
official,validation,4784__event_anchor_000,4784,ar4784,4784,4,2014-11-04 07:24:00,183.8,0
official,validation,4786__event_anchor_000,4786,ar4786,4786,4,2014-11-04 22:12:00,56.6,0
official,validation,4789__event_anchor_000,4789,ar4789,4789,4,2014-11-05 22:12:00,11.4,0
official,validation,4790__event_anchor_000,4790,ar4790,4790,4,2014-11-06 03:48:00,10.8,0
official,validation,4792__event_anchor_000,4792,ar4792,4792,4,2014-11-06 11:48:00,288.6,0
official,validation,4794__event_anchor_000,4794,ar4794,4794,4,2014-11-06 17:36:00,3.2,0
official,validation,4796__event_anchor_000,4796,ar4796,4796,4,2014-11-07 04:12:00,16.4,0
official,validation,4799__event_anchor_000,4799,ar4799,4799,4,2014-11-07 14:12:00,215.4,0
official,validation,4800__event_anchor_000,4800,ar4800,4800,4,2014-11-07 18:24:00,332.4,0
official,validation,4801__event_anchor_000,4801,ar4801,4801,4,2014-11-07 20:36:00,218.0,0
official,validation,4802__event_anchor_000,4802,ar4802,4802,4,2014-11-08 05:48:00,47.2,0
official,validation,4810__event_anchor_000,4810,ar4810,4810,4,2014-11-10 05:12:00,243.2,0
official,validation,4813__event_anchor_000,4813,ar4813,4813,4,2014-11-10 19:12:00,35.8,0
official,validation,4814__event_anchor_000,4814,ar4814,4814,4,2014-11-11 08:12:00,203.8,0
official,validation,4815__event_anchor_000,4815,ar4815,4815,4,2014-11-11 09:00:00,24.4,0
official,validation,4816__event_anchor_000,4816,ar4816,4816,4,2014-11-11 23:00:00,179.4,0
official,validation,4817__event_anchor_000,4817,ar4817,4817,4,2014-11-12 12:00:00,71.66666666666667,1
official,validation,4817__event_anchor_001,4817,ar4817,4817,4,2014-11-15 15:36:00,5.033333333333333,1
official,validation,4817__event_anchor_002,4817,ar4817,4817,4,2014-11-16 00:36:00,16.983333333333334,1
official,validation,4817__event_anchor_003,4817,ar4817,4817,4,2014-11-16 21:24:00,243.6,0
official,validation,4820__event_anchor_000,4820,ar4820,4820,4,2014-11-12 17:36:00,90.0,0
official,validation,4828__event_anchor_000,4828,ar4828,4828,4,2014-11-14 10:00:00,91.8,0
official,validation,4829__event_anchor_000,4829,ar4829,4829,4,2014-11-14 15:48:00,172.2,0
official,validation,4832__event_anchor_000,4832,ar4832,4832,4,2014-11-15 06:00:00,103.2,0
official,validation,4838__event_anchor_000,4838,ar4838,4838,4,2014-11-15 12:24:00,5.4,0
official,validation,4839__event_anchor_000,4839,ar4839,4839,4,2014-11-15 15:00:00,227.8,0
official,validation,4840__event_anchor_000,4840,ar4840,4840,4,2014-11-15 15:36:00,21.0,0
official,validation,4841__event_anchor_000,4841,ar4841,4841,4,2014-11-15 20:36:00,21.6,0
official,validation,4842__event_anchor_000,4842,ar4842,4842,4,2014-11-16 00:00:00,156.6,0
official,validation,4848__event_anchor_000,4848,ar4848,4848,4,2014-11-18 18:12:00,10.4,0
official,validation,4849__event_anchor_000,4849,ar4849,4849,4,2014-11-18 21:24:00,69.0,0
official,validation,4850__event_anchor_000,4850,ar4850,4850,4,2014-11-19 09:36:00,14.0,0
official,validation,4851__event_anchor_000,4851,ar4851,4851,4,2014-11-19 11:36:00,321.0,0
official,validation,4852__event_anchor_000,4852,ar4852,4852,4,2014-11-19 15:00:00,299.6,0
official,validation,4855__event_anchor_000,4855,ar4855,4855,4,2014-11-20 11:48:00,197.8,0
official,validation,4856__event_anchor_000,4856,ar4856,4856,4,2014-11-20 12:24:00,115.4,0
official,validation,4857__event_anchor_000,4857,ar4857,4857,4,2014-11-22 06:36:00,14.2,0
official,validation,4859__event_anchor_000,4859,ar4859,4859,4,2014-11-22 13:12:00,123.4,0
official,validation,4860__event_anchor_000,4860,ar4860,4860,4,2014-11-22 13:12:00,71.8,0
official,validation,4861__event_anchor_000,4861,ar4861,4861,4,2014-11-22 17:48:00,49.4,0
official,validation,4862__event_anchor_000,4862,ar4862,4862,4,2014-11-22 19:36:00,340.8,0
official,validation,4863__event_anchor_000,4863,ar4863,4863,4,2014-11-23 04:36:00,37.4,0
official,validation,4864__event_anchor_000,4864,ar4864,4864,4,2014-11-23 08:12:00,327.0,0
official,validation,4868__event_anchor_000,4868,ar4868,4868,4,2014-11-24 10:00:00,203.0,0
official,validation,4869__event_anchor_000,4869,ar4869,4869,4,2014-11-24 13:36:00,171.4,0
official,validation,4870__event_anchor_000,4870,ar4870,4870,4,2014-11-25 00:12:00,71.2,0
official,validation,4871__event_anchor_000,4871,ar4871,4871,4,2014-11-25 05:24:00,49.4,0
official,validation,4872__event_anchor_000,4872,ar4872,4872,4,2014-11-25 20:00:00,295.8,0
official,validation,4873__event_anchor_000,4873,ar4873,4873,4,2014-11-25 23:48:00,44.8,0
official,validation,4874__event_anchor_000,4874,ar4874,4874,4,2014-11-26 07:12:00,119.23333333333333,1
official,validation,4874__event_anchor_001,4874,ar4874,4874,4,2014-12-01 10:24:00,69.6,1
official,validation,4874__event_anchor_002,4874,ar4874,4874,4,2014-12-04 11:48:00,6.283333333333333,1
official,validation,4874__event_anchor_003,4874,ar4874,4874,4,2014-12-04 22:00:00,13.55,1
official,validation,4874__event_anchor_004,4874,ar4874,4874,4,2014-12-05 15:24:00,82.8,0
official,validation,4875__event_anchor_000,4875,ar4875,4875,4,2014-11-26 09:48:00,241.0,0
official,validation,4878__event_anchor_000,4878,ar4878,4878,4,2014-11-26 20:12:00,42.6,0
official,validation,4879__event_anchor_000,4879,ar4879,4879,4,2014-11-27 08:00:00,115.8,0
official,validation,4880__event_anchor_000,4880,ar4880,4880,4,2014-11-28 05:36:00,199.2,0
official,validation,4882__event_anchor_000,4882,ar4882,4882,4,2014-11-29 08:48:00,263.6,0
official,validation,4883__event_anchor_000,4883,ar4883,4883,4,2014-11-29 13:24:00,9.4,0
official,validation,4884__event_anchor_000,4884,ar4884,4884,4,2014-11-29 22:36:00,189.2,0
official,validation,4888__event_anchor_000,4888,ar4888,4888,4,2014-12-02 05:12:00,308.6,0
official,validation,4889__event_anchor_000,4889,ar4889,4889,4,2014-12-02 07:12:00,245.2,0
official,validation,4893__event_anchor_000,4893,ar4893,4893,4,2014-12-03 15:00:00,17.4,0
official,validation,4895__event_anchor_000,4895,ar4895,4895,4,2014-12-03 17:00:00,121.4,0
official,validation,4896__event_anchor_000,4896,ar4896,4896,4,2014-12-04 03:00:00,68.2,0
official,validation,4898__event_anchor_000,4898,ar4898,4898,4,2014-12-04 20:24:00,171.2,0
official,validation,4899__event_anchor_000,4899,ar4899,4899,4,2014-12-04 21:36:00,2.2,0
official,validation,4900__event_anchor_000,4900,ar4900,4900,4,2014-12-05 03:24:00,309.4,0
official,validation,4901__event_anchor_000,4901,ar4901,4901,4,2014-12-05 08:00:00,136.0,0
official,validation,4905__event_anchor_000,4905,ar4905,4905,4,2014-12-06 13:48:00,38.6,0
official,validation,4906__event_anchor_000,4906,ar4906,4906,4,2014-12-06 17:48:00,56.4,0
official,validation,4908__event_anchor_000,4908,ar4908,4908,4,2014-12-07 05:36:00,276.0,0
official,validation,4913__event_anchor_000,4913,ar4913,4913,4,2014-12-08 07:48:00,34.6,0
official,validation,4914__event_anchor_000,4914,ar4914,4914,4,2014-12-08 08:12:00,97.4,0
official,validation,4915__event_anchor_000,4915,ar4915,4915,4,2014-12-08 09:00:00,146.4,0
official,validation,4919__event_anchor_000,4919,ar4919,4919,4,2014-12-09 07:36:00,192.6,0
official,validation,4920__event_anchor_000,4920,ar4920,4920,4,2014-12-09 09:00:00,130.41666666666666,1
official,validation,4920__event_anchor_001,4920,ar4920,4920,4,2014-12-14 23:24:00,49.55,1
official,validation,4920__event_anchor_002,4920,ar4920,4920,4,2014-12-17 04:48:00,52.71666666666667,1
official,validation,4920__event_anchor_003,4920,ar4920,4920,4,2014-12-19 13:24:00,10.783333333333333,1
official,validation,4920__event_anchor_004,4920,ar4920,4920,4,2014-12-20 04:00:00,27.3,1
official,validation,4920__event_anchor_005,4920,ar4920,4920,4,2014-12-21 11:12:00,14.35,1
official,validation,4920__event_anchor_006,4920,ar4920,4920,4,2014-12-22 05:24:00,56.0,0
official,validation,4921__event_anchor_000,4921,ar4921,4921,4,2014-12-09 10:24:00,212.4,0
official,validation,4932__event_anchor_000,4932,ar4932,4932,4,2014-12-11 02:48:00,317.8,0
official,validation,4935__event_anchor_000,4935,ar4935,4935,4,2014-12-11 06:12:00,117.8,0
official,validation,4938__event_anchor_000,4938,ar4938,4938,4,2014-12-11 11:12:00,207.8,0
official,validation,4941__event_anchor_000,4941,ar4941,4941,4,2014-12-13 00:48:00,4.416666666666667,1
official,validation,4941__event_anchor_001,4941,ar4941,4941,4,2014-12-13 09:12:00,88.48333333333333,1
official,validation,4941__event_anchor_002,4941,ar4941,4941,4,2014-12-17 05:36:00,13.3,1
official,validation,4941__event_anchor_003,4941,ar4941,4941,4,2014-12-17 22:48:00,22.883333333333333,1
official,validation,4941__event_anchor_004,4941,ar4941,4941,4,2014-12-19 01:36:00,57.8,1
official,validation,4941__event_anchor_005,4941,ar4941,4941,4,2014-12-21 15:12:00,103.6,0
official,validation,4942__event_anchor_000,4942,ar4942,4942,4,2014-12-13 03:12:00,241.4,0
official,validation,4943__event_anchor_000,4943,ar4943,4943,4,2014-12-13 05:12:00,272.0,0
official,validation,4954__event_anchor_000,4954,ar4954,4954,4,2014-12-17 10:48:00,242.6,0
official,validation,4955__event_anchor_000,4955,ar4955,4955,4,2014-12-17 13:12:00,228.85,1
official,validation,4955__event_anchor_001,4955,ar4955,4955,4,2014-12-27 06:00:00,75.6,0
official,validation,4962__event_anchor_000,4962,ar4962,4962,4,2014-12-18 22:24:00,219.2,0
official,validation,4963__event_anchor_000,4963,ar4963,4963,4,2014-12-19 00:48:00,246.8,0
official,validation,4964__event_anchor_000,4964,ar4964,4964,4,2014-12-19 07:00:00,196.4,0
official,validation,4965__event_anchor_000,4965,ar4965,4965,4,2014-12-19 08:00:00,14.6,0
official,validation,4968__event_anchor_000,4968,ar4968,4968,4,2014-12-19 17:48:00,14.8,0
official,validation,4969__event_anchor_000,4969,ar4969,4969,4,2014-12-20 05:24:00,274.2,0
official,validation,4973__event_anchor_000,4973,ar4973,4973,4,2014-12-21 09:00:00,312.8,0
official,validation,4977__event_anchor_000,4977,ar4977,4977,4,2014-12-21 23:36:00,204.4,0
official,validation,4978__event_anchor_000,4978,ar4978,4978,4,2014-12-22 02:48:00,346.8,0
official,validation,4981__event_anchor_000,4981,ar4981,4981,4,2014-12-23 01:48:00,191.8,0
official,validation,4984__event_anchor_000,4984,ar4984,4984,4,2014-12-23 11:12:00,66.4,0
official,validation,4985__event_anchor_000,4985,ar4985,4985,4,2014-12-23 12:36:00,29.2,0
official,validation,4986__event_anchor_000,4986,ar4986,4986,4,2014-12-23 19:00:00,173.2,0
official,validation,4988__event_anchor_000,4988,ar4988,4988,4,2014-12-24 01:24:00,199.6,0
official,validation,4991__event_anchor_000,4991,ar4991,4991,4,2014-12-24 14:24:00,212.0,0
official,validation,4994__event_anchor_000,4994,ar4994,4994,4,2014-12-25 06:24:00,184.0,0
official,validation,4995__event_anchor_000,4995,ar4995,4995,4,2014-12-25 09:24:00,145.6,0
official,validation,4997__event_anchor_000,4997,ar4997,4997,4,2014-12-25 12:36:00,22.2,0
official,validation,4998__event_anchor_000,4998,ar4998,4998,4,2014-12-25 13:12:00,136.6,0
official,validation,5001__event_anchor_000,5001,ar5001,5001,4,2014-12-26 00:24:00,31.0,0
official,validation,5002__event_anchor_000,5002,ar5002,5002,4,2014-12-26 06:12:00,303.2,0
official,validation,5003__event_anchor_000,5003,ar5003,5003,4,2014-12-27 05:24:00,87.0,0
official,validation,5004__event_anchor_000,5004,ar5004,5004,4,2014-12-27 09:48:00,287.6,0
official,validation,5005__event_anchor_000,5005,ar5005,5005,4,2014-12-28 04:00:00,211.2,0
official,validation,5006__event_anchor_000,5006,ar5006,5006,4,2014-12-28 05:48:00,60.0,0
official,validation,5011__event_anchor_000,5011,ar5011,5011,4,2014-12-29 11:24:00,118.26666666666667,1
official,validation,5011__event_anchor_001,5011,ar5011,5011,4,2015-01-03 13:36:00,25.7,1
official,validation,5011__event_anchor_002,5011,ar5011,5011,4,2015-01-04 19:12:00,158.0,0
official,validation,5012__event_anchor_000,5012,ar5012,5012,4,2014-12-29 13:36:00,218.4,0
official,validation,5013__event_anchor_000,5013,ar5013,5013,4,2014-12-30 07:24:00,16.0,0
official,validation,5015__event_anchor_000,5015,ar5015,5015,4,2014-12-30 14:24:00,27.2,0
official,validation,5019__event_anchor_000,5019,ar5019,5019,4,2014-12-31 01:24:00,171.0,0
official,validation,5020__event_anchor_000,5020,ar5020,5020,4,2014-12-31 09:36:00,125.6,0
official,validation,5022__event_anchor_000,5022,ar5022,5022,4,2015-01-01 09:36:00,328.2,0
official,validation,5026__event_anchor_000,5026,ar5026,5026,4,2015-01-04 07:36:00,212.61666666666667,1
official,validation,5026__event_anchor_001,5026,ar5026,5026,4,2015-01-13 08:12:00,28.3,1
official,validation,5028__event_anchor_000,5028,ar5028,5028,4,2015-01-05 00:48:00,268.2,0
official,validation,5031__event_anchor_000,5031,ar5031,5031,4,2015-01-05 18:36:00,143.4,0
official,validation,5032__event_anchor_000,5032,ar5032,5032,4,2015-01-05 21:12:00,13.0,0
official,validation,5036__event_anchor_000,5036,ar5036,5036,4,2015-01-06 05:12:00,289.6,0
official,validation,5039__event_anchor_000,5039,ar5039,5039,4,2015-01-07 00:12:00,337.0,0
official,validation,5049__event_anchor_000,5049,ar5049,5049,4,2015-01-07 19:36:00,79.0,0
official,validation,5051__event_anchor_000,5051,ar5051,5051,4,2015-01-08 14:12:00,203.4,0
official,validation,5053__event_anchor_000,5053,ar5053,5053,4,2015-01-09 00:00:00,164.8,0
official,validation,5054__event_anchor_000,5054,ar5054,5054,4,2015-01-09 00:36:00,268.0,0
official,validation,5057__event_anchor_000,5057,ar5057,5057,4,2015-01-09 21:48:00,5.6,0
official,validation,5063__event_anchor_000,5063,ar5063,5063,4,2015-01-11 02:00:00,180.6,0
official,validation,5067__event_anchor_000,5067,ar5067,5067,4,2015-01-11 20:12:00,166.8,0
official,validation,5069__event_anchor_000,5069,ar5069,5069,4,2015-01-12 09:24:00,132.6,0
official,validation,5071__event_anchor_000,5071,ar5071,5071,4,2015-01-12 21:00:00,2.2,0
official,validation,5072__event_anchor_000,5072,ar5072,5072,4,2015-01-12 22:48:00,127.0,0
official,validation,5073__event_anchor_000,5073,ar5073,5073,4,2015-01-13 23:12:00,274.4,0
official,validation,5075__event_anchor_000,5075,ar5075,5075,4,2015-01-14 07:24:00,280.2,0
official,validation,5076__event_anchor_000,5076,ar5076,5076,4,2015-01-14 13:36:00,88.0,0
official,validation,5079__event_anchor_000,5079,ar5079,5079,4,2015-01-14 19:48:00,49.6,0
official,validation,5080__event_anchor_000,5080,ar5080,5080,4,2015-01-14 21:36:00,31.6,0
official,validation,5081__event_anchor_000,5081,ar5081,5081,4,2015-01-15 00:48:00,4.6,0
official,validation,5082__event_anchor_000,5082,ar5082,5082,4,2015-01-15 03:00:00,24.6,0
official,validation,5083__event_anchor_000,5083,ar5083,5083,4,2015-01-15 08:36:00,189.4,0
official,validation,5084__event_anchor_000,5084,ar5084,5084,4,2015-01-15 11:36:00,5.0,0
official,validation,5085__event_anchor_000,5085,ar5085,5085,4,2015-01-15 19:24:00,33.8,0
official,validation,5086__event_anchor_000,5086,ar5086,5086,4,2015-01-15 23:48:00,6.6,0
official,validation,5089__event_anchor_000,5089,ar5089,5089,4,2015-01-16 21:12:00,152.6,0
official,validation,5090__event_anchor_000,5090,ar5090,5090,4,2015-01-17 00:36:00,177.4,0
official,validation,5091__event_anchor_000,5091,ar5091,5091,4,2015-01-17 17:00:00,98.4,0
official,validation,5092__event_anchor_000,5092,ar5092,5092,4,2015-01-17 18:12:00,119.2,0
official,validation,5093__event_anchor_000,5093,ar5093,5093,4,2015-01-17 18:48:00,192.6,0
official,validation,5094__event_anchor_000,5094,ar5094,5094,4,2015-01-17 20:48:00,2.2,0
official,validation,5096__event_anchor_000,5096,ar5096,5096,4,2015-01-17 00:48:00,206.6,0
official,validation,5098__event_anchor_000,5098,ar5098,5098,4,2015-01-18 05:00:00,28.0,0
official,validation,5099__event_anchor_000,5099,ar5099,5099,4,2015-01-18 05:24:00,216.0,0
official,validation,5101__event_anchor_000,5101,ar5101,5101,4,2015-01-18 23:24:00,11.4,0
official,validation,5103__event_anchor_000,5103,ar5103,5103,4,2015-01-19 08:12:00,273.2,0
official,validation,5104__event_anchor_000,5104,ar5104,5104,4,2015-01-20 10:24:00,4.0,0
official,validation,5105__event_anchor_000,5105,ar5105,5105,4,2015-01-21 01:48:00,40.0,0
official,validation,5106__event_anchor_000,5106,ar5106,5106,4,2015-01-21 15:12:00,192.4,0
official,validation,5107__event_anchor_000,5107,ar5107,5107,4,2015-01-21 19:36:00,9.116666666666667,1
official,validation,5107__event_anchor_001,5107,ar5107,5107,4,2015-01-22 08:36:00,104.16666666666667,1
official,validation,5107__event_anchor_002,5107,ar5107,5107,4,2015-01-26 20:36:00,31.75,1
official,validation,5107__event_anchor_003,5107,ar5107,5107,4,2015-01-28 08:12:00,27.333333333333332,1
official,validation,5107__event_anchor_004,5107,ar5107,5107,4,2015-01-29 15:24:00,9.133333333333333,1
official,validation,5107__event_anchor_005,5107,ar5107,5107,4,2015-01-30 04:24:00,1.0833333333333333,1
official,validation,5107__event_anchor_006,5107,ar5107,5107,4,2015-01-30 09:24:00,130.8,0
official,validation,5108__event_anchor_000,5108,ar5108,5108,4,2015-01-22 00:00:00,161.2,0
official,validation,5111__event_anchor_000,5111,ar5111,5111,4,2015-01-24 10:12:00,220.2,0
official,validation,5112__event_anchor_000,5112,ar5112,5112,4,2015-01-24 14:48:00,192.2,0
official,validation,5113__event_anchor_000,5113,ar5113,5113,4,2015-01-25 07:36:00,286.4,0
official,validation,5114__event_anchor_000,5114,ar5114,5114,4,2015-01-25 11:00:00,257.0,0
official,validation,5115__event_anchor_000,5115,ar5115,5115,4,2015-01-25 13:48:00,18.4,0
official,validation,5116__event_anchor_000,5116,ar5116,5116,4,2015-01-25 14:24:00,8.4,0
official,validation,5118__event_anchor_000,5118,ar5118,5118,4,2015-01-25 21:36:00,173.8,0
official,validation,5120__event_anchor_000,5120,ar5120,5120,4,2015-01-26 04:24:00,51.2,0
official,validation,5124__event_anchor_000,5124,ar5124,5124,4,2015-01-26 14:00:00,177.2,0
official,validation,5125__event_anchor_000,5125,ar5125,5125,4,2015-01-27 05:12:00,136.4,0
official,validation,5126__event_anchor_000,5126,ar5126,5126,4,2015-01-27 12:36:00,11.6,0
official,validation,5127__event_anchor_000,5127,ar5127,5127,4,2015-01-27 16:24:00,29.133333333333333,1
official,validation,5127__event_anchor_001,5127,ar5127,5127,4,2015-01-29 01:24:00,34.766666666666666,1
official,validation,5127__event_anchor_002,5127,ar5127,5127,4,2015-01-30 16:00:00,106.13333333333334,1
official,validation,5127__event_anchor_003,5127,ar5127,5127,4,2015-02-04 06:00:00,161.4,0
official,validation,5130__event_anchor_000,5130,ar5130,5130,4,2015-01-28 00:24:00,193.0,0
official,validation,5131__event_anchor_000,5131,ar5131,5131,4,2015-01-28 20:00:00,167.8,0
official,validation,5132__event_anchor_000,5132,ar5132,5132,4,2015-01-29 03:00:00,191.0,0
official,validation,5134__event_anchor_000,5134,ar5134,5134,4,2015-01-30 16:36:00,139.0,0
official,validation,5135__event_anchor_000,5135,ar5135,5135,4,2015-01-30 19:48:00,245.2,0
official,validation,5138__event_anchor_000,5138,ar5138,5138,4,2015-01-31 08:12:00,72.6,0
official,validation,5139__event_anchor_000,5139,ar5139,5139,4,2015-01-31 17:36:00,75.2,0
official,validation,5140__event_anchor_000,5140,ar5140,5140,4,2015-01-31 23:00:00,226.4,0
official,validation,5141__event_anchor_000,5141,ar5141,5141,4,2015-02-01 01:12:00,196.2,0
official,validation,5144__event_anchor_000,5144,ar5144,5144,4,2015-02-01 17:36:00,196.71666666666667,1
official,validation,5144__event_anchor_001,5144,ar5144,5144,4,2015-02-10 02:12:00,85.2,0
official,validation,5149__event_anchor_000,5149,ar5149,5149,4,2015-02-02 19:00:00,73.4,0
official,validation,5150__event_anchor_000,5150,ar5150,5150,4,2015-02-02 20:00:00,181.4,0
official,validation,5151__event_anchor_000,5151,ar5151,5151,4,2015-02-03 06:12:00,284.4,0
official,validation,5152__event_anchor_000,5152,ar5152,5152,4,2015-02-03 08:00:00,239.2,0
official,validation,5153__event_anchor_000,5153,ar5153,5153,4,2015-02-03 09:24:00,6.4,0
official,validation,5154__event_anchor_000,5154,ar5154,5154,4,2015-02-03 11:00:00,141.6,0
official,validation,5155__event_anchor_000,5155,ar5155,5155,4,2015-02-03 23:00:00,44.4,0
official,validation,5157__event_anchor_000,5157,ar5157,5157,4,2015-02-04 06:00:00,174.4,0
official,validation,5159__event_anchor_000,5159,ar5159,5159,4,2015-02-04 11:00:00,91.6,0
official,validation,5160__event_anchor_000,5160,ar5160,5160,4,2015-02-04 11:12:00,32.6,0
official,validation,5161__event_anchor_000,5161,ar5161,5161,4,2015-02-04 20:00:00,161.8,0
official,validation,5163__event_anchor_000,5163,ar5163,5163,4,2015-02-05 01:24:00,269.2,0
official,validation,5172__event_anchor_000,5172,ar5172,5172,4,2015-02-05 22:12:00,220.6,0
official,validation,5173__event_anchor_000,5173,ar5173,5173,4,2015-02-06 00:00:00,82.4,0
official,validation,5178__event_anchor_000,5178,ar5178,5178,4,2015-02-06 19:36:00,30.0,0
official,validation,5181__event_anchor_000,5181,ar5181,5181,4,2015-02-07 05:36:00,66.4,0
official,validation,5182__event_anchor_000,5182,ar5182,5182,4,2015-02-07 07:36:00,47.8,0
official,validation,5183__event_anchor_000,5183,ar5183,5183,4,2015-02-07 14:00:00,315.2,0
official,validation,5185__event_anchor_000,5185,ar5185,5185,4,2015-02-07 15:12:00,43.2,0
official,validation,5186__event_anchor_000,5186,ar5186,5186,4,2015-02-07 16:12:00,54.78333333333333,1
official,validation,5186__event_anchor_001,5186,ar5186,5186,4,2015-02-10 02:48:00,252.6,0
official,validation,5189__event_anchor_000,5189,ar5189,5189,4,2015-02-08 19:00:00,124.6,0
official,validation,5191__event_anchor_000,5191,ar5191,5191,4,2015-02-09 08:00:00,74.8,0
official,validation,5196__event_anchor_000,5196,ar5196,5196,4,2015-02-10 12:12:00,47.4,0
official,validation,5197__event_anchor_000,5197,ar5197,5197,4,2015-02-10 18:36:00,28.2,0
official,validation,5198__event_anchor_000,5198,ar5198,5198,4,2015-02-11 07:24:00,268.0,0
official,validation,5200__event_anchor_000,5200,ar5200,5200,4,2015-02-11 08:24:00,197.8,0
official,validation,5201__event_anchor_000,5201,ar5201,5201,4,2015-02-11 08:48:00,80.8,0
official,validation,5204__event_anchor_000,5204,ar5204,5204,4,2015-02-11 17:48:00,94.4,0
official,validation,5206__event_anchor_000,5206,ar5206,5206,4,2015-02-11 21:00:00,37.8,0
official,validation,5208__event_anchor_000,5208,ar5208,5208,4,2015-02-12 06:00:00,224.2,0
official,validation,5211__event_anchor_000,5211,ar5211,5211,4,2015-02-12 12:48:00,81.4,0
official,validation,5212__event_anchor_000,5212,ar5212,5212,4,2015-02-12 19:12:00,215.6,0
official,validation,5213__event_anchor_000,5213,ar5213,5213,4,2015-02-12 21:48:00,49.2,0
official,validation,5214__event_anchor_000,5214,ar5214,5214,4,2015-02-13 11:36:00,55.2,0
official,validation,5215__event_anchor_000,5215,ar5215,5215,4,2015-02-14 12:36:00,65.4,0
official,validation,5216__event_anchor_000,5216,ar5216,5216,4,2015-02-14 19:12:00,22.4,0
official,validation,5217__event_anchor_000,5217,ar5217,5217,4,2015-02-14 19:48:00,1.4,0
official,validation,5218__event_anchor_000,5218,ar5218,5218,4,2015-02-14 22:48:00,195.6,0
official,validation,5219__event_anchor_000,5219,ar5219,5219,4,2015-02-15 04:24:00,41.6,0
official,validation,5220__event_anchor_000,5220,ar5220,5220,4,2015-02-15 06:48:00,72.2,0
official,validation,5221__event_anchor_000,5221,ar5221,5221,4,2015-02-15 07:36:00,5.6,0
official,validation,5223__event_anchor_000,5223,ar5223,5223,4,2015-02-15 14:48:00,28.4,0
official,validation,5225__event_anchor_000,5225,ar5225,5225,4,2015-02-16 14:12:00,213.0,0
official,validation,5229__event_anchor_000,5229,ar5229,5229,4,2015-02-18 00:36:00,182.8,0
official,validation,5230__event_anchor_000,5230,ar5230,5230,4,2015-02-18 01:24:00,286.4,0
official,validation,5232__event_anchor_000,5232,ar5232,5232,4,2015-02-18 03:12:00,181.4,0
official,validation,5233__event_anchor_000,5233,ar5233,5233,4,2015-02-18 04:48:00,289.71666666666664,1
official,validation,5233__event_anchor_001,5233,ar5233,5233,4,2015-03-02 10:24:00,4.0,0
official,validation,5236__event_anchor_000,5236,ar5236,5236,4,2015-02-18 15:24:00,148.0,0
official,validation,5237__event_anchor_000,5237,ar5237,5237,4,2015-02-18 19:00:00,70.2,0
official,validation,5238__event_anchor_000,5238,ar5238,5238,4,2015-02-19 03:48:00,113.8,0
official,validation,5239__event_anchor_000,5239,ar5239,5239,4,2015-02-19 04:24:00,41.8,0
official,validation,5242__event_anchor_000,5242,ar5242,5242,4,2015-02-20 14:12:00,226.2,0
official,validation,5246__event_anchor_000,5246,ar5246,5246,4,2015-02-22 14:24:00,279.2,0
official,validation,5249__event_anchor_000,5249,ar5249,5249,4,2015-02-23 09:00:00,308.4,0
official,validation,5254__event_anchor_000,5254,ar5254,5254,4,2015-02-25 18:48:00,192.2,0
official,validation,5257__event_anchor_000,5257,ar5257,5257,4,2015-02-26 07:24:00,12.0,0
official,validation,5265__event_anchor_000,5265,ar5265,5265,4,2015-02-28 13:24:00,252.8,0
official,validation,5266__event_anchor_000,5266,ar5266,5266,4,2015-03-01 01:12:00,190.4,0
official,validation,5268__event_anchor_000,5268,ar5268,5268,4,2015-03-01 07:24:00,151.2,0
official,validation,5270__event_anchor_000,5270,ar5270,5270,4,2015-03-01 15:24:00,78.2,0
official,validation,5274__event_anchor_000,5274,ar5274,5274,4,2015-03-01 23:24:00,147.4,0
official,validation,5275__event_anchor_000,5275,ar5275,5275,4,2015-03-02 06:48:00,301.2,0
official,validation,5277__event_anchor_000,5277,ar5277,5277,4,2015-03-02 23:24:00,99.2,0
official,validation,5279__event_anchor_000,5279,ar5279,5279,4,2015-03-03 16:24:00,7.8,0
official,validation,5280__event_anchor_000,5280,ar5280,5280,4,2015-03-03 17:36:00,53.0,0
official,validation,5281__event_anchor_000,5281,ar5281,5281,4,2015-03-04 03:36:00,194.6,0
official,validation,5282__event_anchor_000,5282,ar5282,5282,4,2015-03-04 06:24:00,7.4,0
official,validation,5284__event_anchor_000,5284,ar5284,5284,4,2015-03-04 13:24:00,267.0,0
official,validation,5285__event_anchor_000,5285,ar5285,5285,4,2015-03-04 16:24:00,12.6,0
official,validation,5286__event_anchor_000,5286,ar5286,5286,4,2015-03-04 18:12:00,10.2,0
official,validation,5287__event_anchor_000,5287,ar5287,5287,4,2015-03-04 18:48:00,179.0,0
official,validation,5288__event_anchor_000,5288,ar5288,5288,4,2015-03-04 23:24:00,13.4,0
official,validation,5290__event_anchor_000,5290,ar5290,5290,4,2015-03-05 07:24:00,183.6,0
official,validation,5293__event_anchor_000,5293,ar5293,5293,4,2015-03-05 13:00:00,231.6,0
official,validation,5295__event_anchor_000,5295,ar5295,5295,4,2015-03-05 13:24:00,21.4,0
official,validation,5296__event_anchor_000,5296,ar5296,5296,4,2015-03-05 15:00:00,27.6,0
official,validation,5297__event_anchor_000,5297,ar5297,5297,4,2015-03-06 00:00:00,78.2,0
official,validation,5298__event_anchor_000,5298,ar5298,5298,4,2015-03-06 03:12:00,1.0333333333333334,1
official,validation,5298__event_anchor_001,5298,ar5298,5298,4,2015-03-06 08:12:00,37.55,1
official,validation,5298__event_anchor_002,5298,ar5298,5298,4,2015-03-08 01:36:00,36.766666666666666,1
official,validation,5298__event_anchor_003,5298,ar5298,5298,4,2015-03-09 18:12:00,5.283333333333333,1
official,validation,5298__event_anchor_004,5298,ar5298,5298,4,2015-03-10 03:24:00,20.366666666666667,1
official,validation,5298__event_anchor_005,5298,ar5298,5298,4,2015-03-11 03:36:00,3.566666666666667,1
official,validation,5298__event_anchor_006,5298,ar5298,5298,4,2015-03-11 11:00:00,5.183333333333334,1
official,validation,5298__event_anchor_007,5298,ar5298,5298,4,2015-03-11 20:00:00,8.683333333333334,1
official,validation,5298__event_anchor_008,5298,ar5298,5298,4,2015-03-12 08:36:00,3.033333333333333,1
official,validation,5298__event_anchor_009,5298,ar5298,5298,4,2015-03-12 15:36:00,6.133333333333334,1
official,validation,5298__event_anchor_010,5298,ar5298,5298,4,2015-03-13 01:36:00,2.183333333333333,1
official,validation,5298__event_anchor_011,5298,ar5298,5298,4,2015-03-13 07:36:00,20.783333333333335,1
official,validation,5298__event_anchor_012,5298,ar5298,5298,4,2015-03-14 08:12:00,25.4,1
official,validation,5298__event_anchor_013,5298,ar5298,5298,4,2015-03-15 13:24:00,9.3,1
official,validation,5298__event_anchor_014,5298,ar5298,5298,4,2015-03-16 02:36:00,8.05,1
official,validation,5298__event_anchor_015,5298,ar5298,5298,4,2015-03-16 14:36:00,32.21666666666667,1
official,validation,5298__event_anchor_016,5298,ar5298,5298,4,2015-03-18 02:48:00,54.8,0
official,test,5307__event_anchor_000,5307,ar5307,5307,5,2015-03-07 13:48:00,7.6,0
official,test,5308__event_anchor_000,5308,ar5308,5308,5,2015-03-07 13:48:00,16.4,0
official,test,5309__event_anchor_000,5309,ar5309,5309,5,2015-03-08 09:24:00,36.6,0
official,test,5311__event_anchor_000,5311,ar5311,5311,5,2015-03-08 19:48:00,119.6,0
official,test,5312__event_anchor_000,5312,ar5312,5312,5,2015-03-08 21:24:00,148.4,0
official,test,5313__event_anchor_000,5313,ar5313,5313,5,2015-03-09 00:12:00,129.6,0
official,test,5314__event_anchor_000,5314,ar5314,5314,5,2015-03-09 14:00:00,25.4,0
official,test,5315__event_anchor_000,5315,ar5315,5315,5,2015-03-09 23:24:00,243.0,0
official,test,5316__event_anchor_000,5316,ar5316,5316,5,2015-03-10 01:00:00,60.4,0
official,test,5318__event_anchor_000,5318,ar5318,5318,5,2015-03-10 15:00:00,75.8,0
official,test,5319__event_anchor_000,5319,ar5319,5319,5,2015-03-10 17:12:00,153.4,0
official,test,5320__event_anchor_000,5320,ar5320,5320,5,2015-03-10 22:24:00,87.4,0
official,test,5321__event_anchor_000,5321,ar5321,5321,5,2015-03-10 23:48:00,78.4,0
official,test,5322__event_anchor_000,5322,ar5322,5322,5,2015-03-11 02:24:00,207.2,0
official,test,5323__event_anchor_000,5323,ar5323,5323,5,2015-03-11 04:00:00,197.6,0
official,test,5324__event_anchor_000,5324,ar5324,5324,5,2015-03-11 13:00:00,56.8,0
official,test,5325__event_anchor_000,5325,ar5325,5325,5,2015-03-11 13:00:00,105.8,0
official,test,5326__event_anchor_000,5326,ar5326,5326,5,2015-03-11 18:00:00,195.2,0
official,test,5327__event_anchor_000,5327,ar5327,5327,5,2015-03-11 20:24:00,19.8,0
official,test,5328__event_anchor_000,5328,ar5328,5328,5,2015-03-12 07:36:00,172.8,0
official,test,5330__event_anchor_000,5330,ar5330,5330,5,2015-03-12 19:24:00,71.6,0
official,test,5331__event_anchor_000,5331,ar5331,5331,5,2015-03-13 01:48:00,225.6,0
official,test,5334__event_anchor_000,5334,ar5334,5334,5,2015-03-14 12:36:00,97.8,0
official,test,5335__event_anchor_000,5335,ar5335,5335,5,2015-03-14 14:48:00,4.4,0
official,test,5337__event_anchor_000,5337,ar5337,5337,5,2015-03-15 13:24:00,243.8,0
official,test,5338__event_anchor_000,5338,ar5338,5338,5,2015-03-15 15:24:00,39.0,0
official,test,5339__event_anchor_000,5339,ar5339,5339,5,2015-03-15 22:48:00,14.2,0
official,test,5340__event_anchor_000,5340,ar5340,5340,5,2015-03-16 07:24:00,28.8,0
official,test,5341__event_anchor_000,5341,ar5341,5341,5,2015-03-16 15:12:00,144.8,0
official,test,5342__event_anchor_000,5342,ar5342,5342,5,2015-03-16 18:00:00,318.0,0
official,test,5344__event_anchor_000,5344,ar5344,5344,5,2015-03-18 11:36:00,19.6,0
official,test,5345__event_anchor_000,5345,ar5345,5345,5,2015-03-18 15:48:00,68.2,0
official,test,5347__event_anchor_000,5347,ar5347,5347,5,2015-03-18 23:24:00,232.8,0
official,test,5348__event_anchor_000,5348,ar5348,5348,5,2015-03-19 01:24:00,177.4,0
official,test,5350__event_anchor_000,5350,ar5350,5350,5,2015-03-19 04:24:00,150.2,0
official,test,5351__event_anchor_000,5351,ar5351,5351,5,2015-03-19 16:36:00,218.2,0
official,test,5352__event_anchor_000,5352,ar5352,5352,5,2015-03-19 19:36:00,22.2,0
official,test,5353__event_anchor_000,5353,ar5353,5353,5,2015-03-20 06:48:00,8.0,0
official,test,5354__event_anchor_000,5354,ar5354,5354,5,2015-03-20 18:00:00,315.2,0
official,test,5355__event_anchor_000,5355,ar5355,5355,5,2015-03-20 18:00:00,230.8,0
official,test,5356__event_anchor_000,5356,ar5356,5356,5,2015-03-20 19:36:00,5.0,0
official,test,5360__event_anchor_000,5360,ar5360,5360,5,2015-03-21 13:48:00,46.6,0
official,test,5361__event_anchor_000,5361,ar5361,5361,5,2015-03-21 20:00:00,51.2,0
official,test,5363__event_anchor_000,5363,ar5363,5363,5,2015-03-22 02:12:00,143.8,0
official,test,5366__event_anchor_000,5366,ar5366,5366,5,2015-03-22 12:24:00,296.2,0
official,test,5373__event_anchor_000,5373,ar5373,5373,5,2015-03-23 02:12:00,42.0,0
official,test,5374__event_anchor_000,5374,ar5374,5374,5,2015-03-23 10:36:00,282.0,0
official,test,5375__event_anchor_000,5375,ar5375,5375,5,2015-03-23 11:24:00,238.2,0
official,test,5376__event_anchor_000,5376,ar5376,5376,5,2015-03-23 15:24:00,21.6,0
official,test,5379__event_anchor_000,5379,ar5379,5379,5,2015-03-24 06:12:00,76.4,0
official,test,5382__event_anchor_000,5382,ar5382,5382,5,2015-03-24 10:12:00,24.4,0
official,test,5383__event_anchor_000,5383,ar5383,5383,5,2015-03-25 05:48:00,63.2,0
official,test,5385__event_anchor_000,5385,ar5385,5385,5,2015-03-25 12:24:00,287.0,0
official,test,5387__event_anchor_000,5387,ar5387,5387,5,2015-03-26 01:24:00,270.2,0
official,test,5393__event_anchor_000,5393,ar5393,5393,5,2015-03-27 14:48:00,104.4,0
official,test,5394__event_anchor_000,5394,ar5394,5394,5,2015-03-27 16:12:00,181.6,0
official,test,5401__event_anchor_000,5401,ar5401,5401,5,2015-03-29 12:36:00,2.8,0
official,test,5402__event_anchor_000,5402,ar5402,5402,5,2015-03-29 17:48:00,115.6,0
official,test,5403__event_anchor_000,5403,ar5403,5403,5,2015-03-30 01:48:00,44.0,0
official,test,5405__event_anchor_000,5405,ar5405,5405,5,2015-03-31 00:48:00,12.0,0
official,test,5406__event_anchor_000,5406,ar5406,5406,5,2015-03-31 09:36:00,5.8,0
official,test,5408__event_anchor_000,5408,ar5408,5408,5,2015-03-31 19:36:00,22.6,0
official,test,5409__event_anchor_000,5409,ar5409,5409,5,2015-04-01 21:36:00,228.0,0
official,test,5410__event_anchor_000,5410,ar5410,5410,5,2015-04-01 21:48:00,124.4,0
official,test,5411__event_anchor_000,5411,ar5411,5411,5,2015-04-02 01:12:00,160.4,0
official,test,5412__event_anchor_000,5412,ar5412,5412,5,2015-04-02 02:48:00,82.8,0
official,test,5413__event_anchor_000,5413,ar5413,5413,5,2015-04-02 03:12:00,245.4,0
official,test,5415__event_anchor_000,5415,ar5415,5415,5,2015-04-02 10:24:00,148.21666666666667,1
official,test,5415__event_anchor_001,5415,ar5415,5415,5,2015-04-08 18:36:00,170.2,0
official,test,5418__event_anchor_000,5418,ar5418,5418,5,2015-04-02 13:36:00,102.6,0
official,test,5419__event_anchor_000,5419,ar5419,5419,5,2015-04-02 17:00:00,14.6,0
official,test,5422__event_anchor_000,5422,ar5422,5422,5,2015-04-03 02:24:00,271.2,0
official,test,5423__event_anchor_000,5423,ar5423,5423,5,2015-04-03 03:12:00,198.4,0
official,test,5425__event_anchor_000,5425,ar5425,5425,5,2015-04-03 04:12:00,201.2,0
official,test,5427__event_anchor_000,5427,ar5427,5427,5,2015-04-03 05:48:00,145.4,0
official,test,5431__event_anchor_000,5431,ar5431,5431,5,2015-04-04 01:00:00,17.2,0
official,test,5432__event_anchor_000,5432,ar5432,5432,5,2015-04-04 19:48:00,40.8,0
official,test,5433__event_anchor_000,5433,ar5433,5433,5,2015-04-05 00:24:00,155.2,0
official,test,5434__event_anchor_000,5434,ar5434,5434,5,2015-04-05 00:36:00,43.2,0
official,test,5437__event_anchor_000,5437,ar5437,5437,5,2015-04-05 08:00:00,206.2,0
official,test,5438__event_anchor_000,5438,ar5438,5438,5,2015-04-06 05:12:00,24.8,0
official,test,5439__event_anchor_000,5439,ar5439,5439,5,2015-04-06 12:24:00,17.6,0
official,test,5441__event_anchor_000,5441,ar5441,5441,5,2015-04-07 15:00:00,9.0,0
official,test,5442__event_anchor_000,5442,ar5442,5442,5,2015-04-07 15:48:00,119.0,0
official,test,5443__event_anchor_000,5443,ar5443,5443,5,2015-04-08 09:36:00,18.6,0
official,test,5444__event_anchor_000,5444,ar5444,5444,5,2015-04-08 12:00:00,76.6,0
official,test,5445__event_anchor_000,5445,ar5445,5445,5,2015-04-09 05:12:00,36.4,0
official,test,5446__event_anchor_000,5446,ar5446,5446,5,2015-04-10 16:36:00,254.53333333333333,1
official,test,5446__event_anchor_001,5446,ar5446,5446,5,2015-04-21 11:00:00,0.8166666666666667,1
official,test,5446__event_anchor_002,5446,ar5446,5446,5,2015-04-21 15:48:00,1.1166666666666667,1
official,test,5446__event_anchor_003,5446,ar5446,5446,5,2015-04-21 20:48:00,0.85,1
official,test,5446__event_anchor_004,5446,ar5446,5446,5,2015-04-22 01:36:00,4.6,0
official,test,5447__event_anchor_000,5447,ar5447,5447,5,2015-04-10 18:24:00,38.45,1
official,test,5447__event_anchor_001,5447,ar5447,5447,5,2015-04-12 12:48:00,225.16666666666666,1
official,test,5447__event_anchor_002,5447,ar5447,5447,5,2015-04-22 01:48:00,87.0,0
official,test,5449__event_anchor_000,5449,ar5449,5449,5,2015-04-11 13:24:00,46.6,0
official,test,5450__event_anchor_000,5450,ar5450,5450,5,2015-04-11 17:48:00,185.6,0
official,test,5453__event_anchor_000,5453,ar5453,5453,5,2015-04-12 20:12:00,45.6,0
official,test,5455__event_anchor_000,5455,ar5455,5455,5,2015-04-13 05:00:00,131.2,0
official,test,5456__event_anchor_000,5456,ar5456,5456,5,2015-04-13 19:36:00,194.36666666666667,1
official,test,5456__event_anchor_001,5456,ar5456,5456,5,2015-04-22 01:48:00,110.0,0
official,test,5457__event_anchor_000,5457,ar5457,5457,5,2015-04-14 18:00:00,5.0,0
official,test,5460__event_anchor_000,5460,ar5460,5460,5,2015-04-16 09:00:00,41.0,0
official,test,5461__event_anchor_000,5461,ar5461,5461,5,2015-04-16 09:36:00,214.8,0
official,test,5462__event_anchor_000,5462,ar5462,5462,5,2015-04-16 15:24:00,315.0,0
official,test,5465__event_anchor_000,5465,ar5465,5465,5,2015-04-16 20:12:00,19.2,0
official,test,5467__event_anchor_000,5467,ar5467,5467,5,2015-04-17 08:12:00,272.8,0
official,test,5469__event_anchor_000,5469,ar5469,5469,5,2015-04-17 08:36:00,57.2,0
official,test,5472__event_anchor_000,5472,ar5472,5472,5,2015-04-18 00:48:00,119.6,0
official,test,5474__event_anchor_000,5474,ar5474,5474,5,2015-04-18 03:00:00,155.4,0
official,test,5479__event_anchor_000,5479,ar5479,5479,5,2015-04-18 10:24:00,6.8,0
official,test,5480__event_anchor_000,5480,ar5480,5480,5,2015-04-18 20:12:00,80.4,0
official,test,5483__event_anchor_000,5483,ar5483,5483,5,2015-04-19 10:48:00,195.0,0
official,test,5484__event_anchor_000,5484,ar5484,5484,5,2015-04-19 11:36:00,208.6,0
official,test,5486__event_anchor_000,5486,ar5486,5486,5,2015-04-20 08:48:00,91.6,0
official,test,5490__event_anchor_000,5490,ar5490,5490,5,2015-04-21 12:12:00,254.2,0
official,test,5492__event_anchor_000,5492,ar5492,5492,5,2015-04-21 16:24:00,255.6,0
official,test,5493__event_anchor_000,5493,ar5493,5493,5,2015-04-21 20:12:00,14.8,0
official,test,5494__event_anchor_000,5494,ar5494,5494,5,2015-04-21 21:24:00,143.2,0
official,test,5495__event_anchor_000,5495,ar5495,5495,5,2015-04-22 01:36:00,220.8,0
official,test,5498__event_anchor_000,5498,ar5498,5498,5,2015-04-22 09:12:00,83.0,0
official,test,5499__event_anchor_000,5499,ar5499,5499,5,2015-04-22 10:12:00,84.4,0
official,test,5500__event_anchor_000,5500,ar5500,5500,5,2015-04-22 10:24:00,54.4,0
official,test,5501__event_anchor_000,5501,ar5501,5501,5,2015-04-22 12:12:00,155.4,0
official,test,5503__event_anchor_000,5503,ar5503,5503,5,2015-04-22 19:24:00,9.6,0
official,test,5508__event_anchor_000,5508,ar5508,5508,5,2015-04-24 16:36:00,49.6,0
official,test,5509__event_anchor_000,5509,ar5509,5509,5,2015-04-25 00:24:00,40.0,0
official,test,5510__event_anchor_000,5510,ar5510,5510,5,2015-04-25 04:36:00,176.6,0
official,test,5511__event_anchor_000,5511,ar5511,5511,5,2015-04-25 15:36:00,45.6,0
official,test,5514__event_anchor_000,5514,ar5514,5514,5,2015-04-26 14:00:00,3.8,0
official,test,5517__event_anchor_000,5517,ar5517,5517,5,2015-04-27 10:48:00,6.8,0
official,test,5518__event_anchor_000,5518,ar5518,5518,5,2015-04-27 11:24:00,212.4,0
official,test,5519__event_anchor_000,5519,ar5519,5519,5,2015-04-28 18:36:00,171.6,0
official,test,5520__event_anchor_000,5520,ar5520,5520,5,2015-04-29 03:00:00,65.4,0
official,test,5521__event_anchor_000,5521,ar5521,5521,5,2015-04-29 07:24:00,247.0,0
official,test,5524__event_anchor_000,5524,ar5524,5524,5,2015-04-29 12:36:00,51.4,0
official,test,5525__event_anchor_000,5525,ar5525,5525,5,2015-04-29 14:00:00,6.8,0
official,test,5526__event_anchor_000,5526,ar5526,5526,5,2015-04-30 08:24:00,125.91666666666667,1
official,test,5526__event_anchor_001,5526,ar5526,5526,5,2015-05-05 18:12:00,176.0,0
official,test,5527__event_anchor_000,5527,ar5527,5527,5,2015-04-30 16:00:00,205.6,0
official,test,5529__event_anchor_000,5529,ar5529,5529,5,2015-05-01 13:24:00,21.4,0
official,test,5530__event_anchor_000,5530,ar5530,5530,5,2015-05-01 13:48:00,129.4,0
official,test,5531__event_anchor_000,5531,ar5531,5531,5,2015-05-01 18:24:00,49.0,0
official,test,5533__event_anchor_000,5533,ar5533,5533,5,2015-05-02 10:12:00,8.2,0
official,test,5534__event_anchor_000,5534,ar5534,5534,5,2015-05-02 18:00:00,247.4,0
official,test,5535__event_anchor_000,5535,ar5535,5535,5,2015-05-02 21:12:00,181.2,0
official,test,5537__event_anchor_000,5537,ar5537,5537,5,2015-05-03 20:36:00,259.6,0
official,test,5538__event_anchor_000,5538,ar5538,5538,5,2015-05-03 20:48:00,155.8,0
official,test,5539__event_anchor_000,5539,ar5539,5539,5,2015-05-04 04:48:00,102.6,0
official,test,5540__event_anchor_000,5540,ar5540,5540,5,2015-05-04 04:48:00,43.4,0
official,test,5541__event_anchor_000,5541,ar5541,5541,5,2015-05-04 20:24:00,13.3,1
official,test,5541__event_anchor_001,5541,ar5541,5541,5,2015-05-05 13:36:00,0.15,1
official,test,5541__event_anchor_002,5541,ar5541,5541,5,2015-05-05 17:36:00,4.483333333333333,1
official,test,5541__event_anchor_003,5541,ar5541,5541,5,2015-05-06 02:00:00,9.75,1
official,test,5541__event_anchor_004,5541,ar5541,5541,5,2015-05-06 15:36:00,290.4,0
official,test,5542__event_anchor_000,5542,ar5542,5542,5,2015-05-06 09:24:00,148.0,0
official,test,5543__event_anchor_000,5543,ar5543,5543,5,2015-05-06 15:12:00,278.0,0
official,test,5544__event_anchor_000,5544,ar5544,5544,5,2015-05-07 02:12:00,315.8,0
official,test,5545__event_anchor_000,5545,ar5545,5545,5,2015-05-08 14:00:00,295.4,0
official,test,5546__event_anchor_000,5546,ar5546,5546,5,2015-05-08 16:48:00,6.6,0
official,test,5549__event_anchor_000,5549,ar5549,5549,5,2015-05-10 03:00:00,316.0,0
official,test,5550__event_anchor_000,5550,ar5550,5550,5,2015-05-10 19:00:00,264.8,0
official,test,5554__event_anchor_000,5554,ar5554,5554,5,2015-05-11 11:48:00,32.4,0
official,test,5556__event_anchor_000,5556,ar5556,5556,5,2015-05-12 15:00:00,92.6,0
official,test,5557__event_anchor_000,5557,ar5557,5557,5,2015-05-12 18:12:00,220.2,0
official,test,5559__event_anchor_000,5559,ar5559,5559,5,2015-05-13 02:00:00,314.0,0
official,test,5560__event_anchor_000,5560,ar5560,5560,5,2015-05-13 15:00:00,181.2,0
official,test,5561__event_anchor_000,5561,ar5561,5561,5,2015-05-13 15:00:00,157.6,0
official,test,5567__event_anchor_000,5567,ar5567,5567,5,2015-05-14 10:24:00,221.6,0
official,test,5571__event_anchor_000,5571,ar5571,5571,5,2015-05-15 03:00:00,302.8,0
official,test,5573__event_anchor_000,5573,ar5573,5573,5,2015-05-15 14:12:00,73.6,0
official,test,5575__event_anchor_000,5575,ar5575,5575,5,2015-05-15 15:36:00,28.2,0
official,test,5577__event_anchor_000,5577,ar5577,5577,5,2015-05-16 03:12:00,204.8,0
official,test,5580__event_anchor_000,5580,ar5580,5580,5,2015-05-16 16:12:00,10.2,0
official,test,5582__event_anchor_000,5582,ar5582,5582,5,2015-05-17 05:12:00,185.6,0
official,test,5583__event_anchor_000,5583,ar5583,5583,5,2015-05-17 06:24:00,155.8,0
official,test,5586__event_anchor_000,5586,ar5586,5586,5,2015-05-17 11:24:00,272.0,0
official,test,5589__event_anchor_000,5589,ar5589,5589,5,2015-05-17 23:00:00,82.6,0
official,test,5593__event_anchor_000,5593,ar5593,5593,5,2015-05-18 13:24:00,5.4,0
official,test,5596__event_anchor_000,5596,ar5596,5596,5,2015-05-19 15:00:00,199.2,0
official,test,5598__event_anchor_000,5598,ar5598,5598,5,2015-05-19 22:24:00,214.8,0
official,test,5602__event_anchor_000,5602,ar5602,5602,5,2015-05-20 19:00:00,47.6,0
official,test,5604__event_anchor_000,5604,ar5604,5604,5,2015-05-21 07:36:00,57.6,0
official,test,5605__event_anchor_000,5605,ar5605,5605,5,2015-05-21 10:48:00,3.6,0
official,test,5607__event_anchor_000,5607,ar5607,5607,5,2015-05-21 19:12:00,40.2,0
official,test,5612__event_anchor_000,5612,ar5612,5612,5,2015-05-22 11:48:00,128.4,0
official,test,5613__event_anchor_000,5613,ar5613,5613,5,2015-05-22 23:24:00,173.4,0
official,test,5615__event_anchor_000,5615,ar5615,5615,5,2015-05-23 13:48:00,207.6,0
official,test,5616__event_anchor_000,5616,ar5616,5616,5,2015-05-23 18:36:00,96.4,0
official,test,5617__event_anchor_000,5617,ar5617,5617,5,2015-05-24 00:48:00,40.6,0
official,test,5618__event_anchor_000,5618,ar5618,5618,5,2015-05-26 15:00:00,322.0,0
official,test,5619__event_anchor_000,5619,ar5619,5619,5,2015-05-26 17:00:00,6.6,0
official,test,5621__event_anchor_000,5621,ar5621,5621,5,2015-05-27 03:00:00,114.0,0
official,test,5625__event_anchor_000,5625,ar5625,5625,5,2015-05-27 20:24:00,193.2,0
official,test,5627__event_anchor_000,5627,ar5627,5627,5,2015-05-28 10:36:00,209.2,0
official,test,5628__event_anchor_000,5628,ar5628,5628,5,2015-05-28 15:24:00,10.2,0
official,test,5632__event_anchor_000,5632,ar5632,5632,5,2015-05-29 08:24:00,60.6,0
official,test,5633__event_anchor_000,5633,ar5633,5633,5,2015-05-29 10:48:00,36.0,0
official,test,5635__event_anchor_000,5635,ar5635,5635,5,2015-05-31 02:36:00,263.0,0
official,test,5637__event_anchor_000,5637,ar5637,5637,5,2015-06-01 07:12:00,288.1333333333333,1
official,test,5637__event_anchor_001,5637,ar5637,5637,5,2015-06-13 11:12:00,13.666666666666666,1
official,test,5637__event_anchor_002,5637,ar5637,5637,5,2015-06-14 04:48:00,9.2,0
official,test,5638__event_anchor_000,5638,ar5638,5638,5,2015-06-01 11:36:00,128.4,0
official,test,5644__event_anchor_000,5644,ar5644,5644,5,2015-06-03 06:12:00,327.6,0
official,test,5648__event_anchor_000,5648,ar5648,5648,5,2015-06-04 01:12:00,28.0,0
official,test,5649__event_anchor_000,5649,ar5649,5649,5,2015-06-04 03:24:00,211.4,0
official,test,5652__event_anchor_000,5652,ar5652,5652,5,2015-06-05 06:12:00,102.2,0
official,test,5653__event_anchor_000,5653,ar5653,5653,5,2015-06-05 09:12:00,303.4,0
official,test,5655__event_anchor_000,5655,ar5655,5655,5,2015-06-05 20:36:00,174.4,0
official,test,5658__event_anchor_000,5658,ar5658,5658,5,2015-06-06 07:24:00,254.4,0
official,test,5665__event_anchor_000,5665,ar5665,5665,5,2015-06-08 21:00:00,44.6,0
official,test,5670__event_anchor_000,5670,ar5670,5670,5,2015-06-10 04:12:00,205.4,0
official,test,5671__event_anchor_000,5671,ar5671,5671,5,2015-06-10 10:48:00,58.2,0
official,test,5672__event_anchor_000,5672,ar5672,5672,5,2015-06-10 22:12:00,35.0,0
official,test,5673__event_anchor_000,5673,ar5673,5673,5,2015-06-11 00:24:00,8.416666666666666,1
official,test,5673__event_anchor_001,5673,ar5673,5673,5,2015-06-11 12:48:00,236.83333333333334,1
official,test,5673__event_anchor_002,5673,ar5673,5673,5,2015-06-21 13:36:00,4.566666666666666,1
official,test,5673__event_anchor_003,5673,ar5673,5673,5,2015-06-21 22:00:00,46.2,0
official,test,5674__event_anchor_000,5674,ar5674,5674,5,2015-06-11 02:48:00,75.4,0
official,test,5675__event_anchor_000,5675,ar5675,5675,5,2015-06-11 04:36:00,103.4,0
official,test,5676__event_anchor_000,5676,ar5676,5676,5,2015-06-11 22:36:00,178.4,0
official,test,5677__event_anchor_000,5677,ar5677,5677,5,2015-06-12 02:24:00,269.4,0
official,test,5678__event_anchor_000,5678,ar5678,5678,5,2015-06-12 21:24:00,218.4,0
official,test,5682__event_anchor_000,5682,ar5682,5682,5,2015-06-13 15:24:00,111.4,0
official,test,5683__event_anchor_000,5683,ar5683,5683,5,2015-06-13 16:00:00,22.6,0
official,test,5685__event_anchor_000,5685,ar5685,5685,5,2015-06-13 17:24:00,51.4,0
official,test,5687__event_anchor_000,5687,ar5687,5687,5,2015-06-13 19:12:00,33.6,0
official,test,5688__event_anchor_000,5688,ar5688,5688,5,2015-06-14 21:48:00,147.2,0
official,test,5690__event_anchor_000,5690,ar5690,5690,5,2015-06-15 15:48:00,77.2,0
official,test,5691__event_anchor_000,5691,ar5691,5691,5,2015-06-15 16:12:00,188.4,0
official,test,5692__event_anchor_000,5692,ar5692,5692,5,2015-06-15 18:24:00,70.1,1
official,test,5692__event_anchor_001,5692,ar5692,5692,5,2015-06-18 20:24:00,34.06666666666667,1
official,test,5692__event_anchor_002,5692,ar5692,5692,5,2015-06-20 10:24:00,14.633333333333333,1
official,test,5692__event_anchor_003,5692,ar5692,5692,5,2015-06-21 05:00:00,36.65,1
official,test,5692__event_anchor_004,5692,ar5692,5692,5,2015-06-22 21:36:00,58.43333333333333,1
official,test,5692__event_anchor_005,5692,ar5692,5692,5,2015-06-25 12:00:00,84.0,0
official,test,5693__event_anchor_000,5693,ar5693,5693,5,2015-06-16 04:00:00,205.0,0
official,test,5694__event_anchor_000,5694,ar5694,5694,5,2015-06-16 16:36:00,36.0,0
official,test,5695__event_anchor_000,5695,ar5695,5695,5,2015-06-17 09:48:00,17.4,0
official,test,5699__event_anchor_000,5699,ar5699,5699,5,2015-06-18 09:00:00,117.2,0
official,test,5702__event_anchor_000,5702,ar5702,5702,5,2015-06-19 08:24:00,50.6,0
official,test,5703__event_anchor_000,5703,ar5703,5703,5,2015-06-19 09:48:00,108.4,0
official,test,5704__event_anchor_000,5704,ar5704,5704,5,2015-06-20 08:00:00,28.4,0
official,test,5705__event_anchor_000,5705,ar5705,5705,5,2015-06-20 22:48:00,52.2,0
official,test,5706__event_anchor_000,5706,ar5706,5706,5,2015-06-21 07:12:00,7.2,0
official,test,5708__event_anchor_000,5708,ar5708,5708,5,2015-06-22 10:00:00,11.2,0
official,test,5709__event_anchor_000,5709,ar5709,5709,5,2015-06-23 03:24:00,32.8,0
official,test,5710__event_anchor_000,5710,ar5710,5710,5,2015-06-23 08:24:00,232.4,0
official,test,5711__event_anchor_000,5711,ar5711,5711,5,2015-06-24 05:12:00,61.0,0
official,test,5712__event_anchor_000,5712,ar5712,5712,5,2015-06-24 10:24:00,118.6,0
official,test,5714__event_anchor_000,5714,ar5714,5714,5,2015-06-26 03:00:00,222.0,0
official,test,5716__event_anchor_000,5716,ar5716,5716,5,2015-06-27 01:24:00,56.4,0
official,test,5718__event_anchor_000,5718,ar5718,5718,5,2015-06-27 14:48:00,336.2,0
official,test,5720__event_anchor_000,5720,ar5720,5720,5,2015-06-28 07:36:00,5.4,0
official,test,5721__event_anchor_000,5721,ar5721,5721,5,2015-06-28 10:24:00,46.0,0
official,test,5724__event_anchor_000,5724,ar5724,5724,5,2015-06-29 01:12:00,307.6,0
official,test,5728__event_anchor_000,5728,ar5728,5728,5,2015-06-30 07:12:00,26.2,0
official,test,5729__event_anchor_000,5729,ar5729,5729,5,2015-06-30 07:12:00,10.2,0
official,test,5730__event_anchor_000,5730,ar5730,5730,5,2015-06-30 07:24:00,43.8,0
official,test,5731__event_anchor_000,5731,ar5731,5731,5,2015-06-30 20:48:00,29.2,0
official,test,5732__event_anchor_000,5732,ar5732,5732,5,2015-06-30 22:12:00,40.4,0
official,test,5733__event_anchor_000,5733,ar5733,5733,5,2015-07-01 04:12:00,138.4,0
official,test,5735__event_anchor_000,5735,ar5735,5735,5,2015-07-01 12:00:00,15.2,0
official,test,5736__event_anchor_000,5736,ar5736,5736,5,2015-07-01 13:24:00,61.4,0
official,test,5738__event_anchor_000,5738,ar5738,5738,5,2015-07-01 21:24:00,39.38333333333333,1
official,test,5738__event_anchor_001,5738,ar5738,5738,5,2015-07-03 16:36:00,248.2,0
official,test,5739__event_anchor_000,5739,ar5739,5739,5,2015-07-02 03:00:00,278.2,0
official,test,5741__event_anchor_000,5741,ar5741,5741,5,2015-07-02 12:00:00,172.2,0
official,test,5742__event_anchor_000,5742,ar5742,5742,5,2015-07-02 14:24:00,206.0,0
official,test,5744__event_anchor_000,5744,ar5744,5744,5,2015-07-03 11:24:00,145.6,0
official,test,5745__event_anchor_000,5745,ar5745,5745,5,2015-07-03 16:12:00,64.2,1
official,test,5745__event_anchor_001,5745,ar5745,5745,5,2015-07-06 12:12:00,8.333333333333334,1
official,test,5745__event_anchor_002,5745,ar5745,5745,5,2015-07-07 00:24:00,215.8,0
official,test,5749__event_anchor_000,5749,ar5749,5749,5,2015-07-05 00:24:00,93.8,0
official,test,5750__event_anchor_000,5750,ar5750,5750,5,2015-07-05 01:00:00,194.4,0
official,test,5752__event_anchor_000,5752,ar5752,5752,5,2015-07-05 05:12:00,180.0,0
official,test,5756__event_anchor_000,5756,ar5756,5756,5,2015-07-06 21:12:00,87.0,0
official,test,5757__event_anchor_000,5757,ar5757,5757,5,2015-07-07 04:36:00,125.8,0
official,test,5758__event_anchor_000,5758,ar5758,5758,5,2015-07-07 12:48:00,306.4,0
official,test,5759__event_anchor_000,5759,ar5759,5759,5,2015-07-07 20:12:00,117.6,0
official,test,5760__event_anchor_000,5760,ar5760,5760,5,2015-07-08 00:48:00,12.2,0
official,test,5761__event_anchor_000,5761,ar5761,5761,5,2015-07-08 01:48:00,169.2,0
official,test,5763__event_anchor_000,5763,ar5763,5763,5,2015-07-08 16:48:00,112.4,0
official,test,5764__event_anchor_000,5764,ar5764,5764,5,2015-07-08 23:36:00,12.4,0
official,test,5765__event_anchor_000,5765,ar5765,5765,5,2015-07-09 02:00:00,211.4,0
official,test,5768__event_anchor_000,5768,ar5768,5768,5,2015-07-10 05:12:00,26.4,0
official,test,5770__event_anchor_000,5770,ar5770,5770,5,2015-07-11 00:24:00,58.2,0
official,test,5771__event_anchor_000,5771,ar5771,5771,5,2015-07-11 18:48:00,74.8,0
official,test,5772__event_anchor_000,5772,ar5772,5772,5,2015-07-12 01:00:00,307.2,0
official,test,5773__event_anchor_000,5773,ar5773,5773,5,2015-07-12 01:24:00,2.2,0
official,test,5774__event_anchor_000,5774,ar5774,5774,5,2015-07-12 04:36:00,28.0,0
official,test,5775__event_anchor_000,5775,ar5775,5775,5,2015-07-12 05:48:00,155.8,0
official,test,5778__event_anchor_000,5778,ar5778,5778,5,2015-07-12 13:48:00,222.0,0
official,test,5781__event_anchor_000,5781,ar5781,5781,5,2015-07-13 11:36:00,98.0,0
official,test,5783__event_anchor_000,5783,ar5783,5783,5,2015-07-13 20:12:00,137.8,0
official,test,5789__event_anchor_000,5789,ar5789,5789,5,2015-07-15 01:36:00,310.8,0
official,test,5790__event_anchor_000,5790,ar5790,5790,5,2015-07-15 04:12:00,61.6,0
official,test,5792__event_anchor_000,5792,ar5792,5792,5,2015-07-15 05:12:00,69.4,0
official,test,5793__event_anchor_000,5793,ar5793,5793,5,2015-07-15 14:24:00,42.8,0
official,test,5798__event_anchor_000,5798,ar5798,5798,5,2015-07-17 04:36:00,1.6,0
official,test,5799__event_anchor_000,5799,ar5799,5799,5,2015-07-18 08:12:00,7.6,0
official,test,5800__event_anchor_000,5800,ar5800,5800,5,2015-07-19 00:12:00,10.4,0
official,test,5801__event_anchor_000,5801,ar5801,5801,5,2015-07-21 18:24:00,90.2,0
official,test,5803__event_anchor_000,5803,ar5803,5803,5,2015-07-22 02:00:00,158.2,0
official,test,5804__event_anchor_000,5804,ar5804,5804,5,2015-07-22 03:00:00,164.2,0
official,test,5806__event_anchor_000,5806,ar5806,5806,5,2015-07-23 12:36:00,16.8,0
official,test,5807__event_anchor_000,5807,ar5807,5807,5,2015-07-23 14:48:00,240.0,0
official,test,5808__event_anchor_000,5808,ar5808,5808,5,2015-07-23 16:00:00,276.2,0
official,test,5809__event_anchor_000,5809,ar5809,5809,5,2015-07-23 16:00:00,18.6,0
official,test,5811__event_anchor_000,5811,ar5811,5811,5,2015-07-25 15:24:00,294.6,0
official,test,5813__event_anchor_000,5813,ar5813,5813,5,2015-07-25 16:36:00,18.4,0
official,test,5818__event_anchor_000,5818,ar5818,5818,5,2015-07-26 23:36:00,284.6,0
official,test,5820__event_anchor_000,5820,ar5820,5820,5,2015-07-27 12:36:00,272.6,0
official,test,5823__event_anchor_000,5823,ar5823,5823,5,2015-07-27 23:48:00,275.2,0
official,test,5825__event_anchor_000,5825,ar5825,5825,5,2015-07-28 13:24:00,175.2,0
official,test,5829__event_anchor_000,5829,ar5829,5829,5,2015-07-28 21:48:00,255.6,0
official,test,5830__event_anchor_000,5830,ar5830,5830,5,2015-07-29 00:48:00,216.4,0
official,test,5831__event_anchor_000,5831,ar5831,5831,5,2015-07-29 15:12:00,316.8,0
official,test,5834__event_anchor_000,5834,ar5834,5834,5,2015-07-30 21:36:00,26.0,0
official,test,5835__event_anchor_000,5835,ar5835,5835,5,2015-07-30 23:48:00,14.2,0
official,test,5843__event_anchor_000,5843,ar5843,5843,5,2015-08-01 23:24:00,143.2,0
official,test,5844__event_anchor_000,5844,ar5844,5844,5,2015-08-02 00:00:00,110.6,0
official,test,5845__event_anchor_000,5845,ar5845,5845,5,2015-08-02 11:00:00,248.2,0
official,test,5846__event_anchor_000,5846,ar5846,5846,5,2015-08-02 19:12:00,12.2,0
official,test,5847__event_anchor_000,5847,ar5847,5847,5,2015-08-02 23:48:00,19.4,0
official,test,5848__event_anchor_000,5848,ar5848,5848,5,2015-08-03 05:36:00,281.8,0
official,test,5849__event_anchor_000,5849,ar5849,5849,5,2015-08-03 09:36:00,52.0,0
official,test,5850__event_anchor_000,5850,ar5850,5850,5,2015-08-04 00:00:00,92.8,0
official,test,5851__event_anchor_000,5851,ar5851,5851,5,2015-08-04 09:36:00,228.6,0
official,test,5852__event_anchor_000,5852,ar5852,5852,5,2015-08-05 00:12:00,211.2,0
official,test,5854__event_anchor_000,5854,ar5854,5854,5,2015-08-05 15:00:00,3.8,0
official,test,5856__event_anchor_000,5856,ar5856,5856,5,2015-08-06 06:36:00,275.4,0
official,test,5857__event_anchor_000,5857,ar5857,5857,5,2015-08-06 08:24:00,90.0,0
official,test,5858__event_anchor_000,5858,ar5858,5858,5,2015-08-06 09:12:00,178.8,0
official,test,5861__event_anchor_000,5861,ar5861,5861,5,2015-08-07 23:12:00,14.6,0
official,test,5863__event_anchor_000,5863,ar5863,5863,5,2015-08-08 11:48:00,153.2,0
official,test,5865__event_anchor_000,5865,ar5865,5865,5,2015-08-09 14:36:00,236.8,0
official,test,5867__event_anchor_000,5867,ar5867,5867,5,2015-08-09 15:00:00,19.4,0
official,test,5868__event_anchor_000,5868,ar5868,5868,5,2015-08-10 00:12:00,186.4,0
official,test,5869__event_anchor_000,5869,ar5869,5869,5,2015-08-10 05:24:00,42.6,0
official,test,5874__event_anchor_000,5874,ar5874,5874,5,2015-08-11 06:36:00,221.2,0
official,test,5875__event_anchor_000,5875,ar5875,5875,5,2015-08-11 10:48:00,17.4,0
official,test,5876__event_anchor_000,5876,ar5876,5876,5,2015-08-11 11:24:00,94.4,0
official,test,5877__event_anchor_000,5877,ar5877,5877,5,2015-08-12 02:00:00,54.2,0
official,test,5878__event_anchor_000,5878,ar5878,5878,5,2015-08-12 02:48:00,3.6,0
official,test,5880__event_anchor_000,5880,ar5880,5880,5,2015-08-13 00:00:00,239.0,0
official,test,5882__event_anchor_000,5882,ar5882,5882,5,2015-08-13 12:12:00,18.0,0
official,test,5883__event_anchor_000,5883,ar5883,5883,5,2015-08-17 12:12:00,45.2,0
official,test,5884__event_anchor_000,5884,ar5884,5884,5,2015-08-17 17:00:00,5.8,0
official,test,5885__event_anchor_000,5885,ar5885,5885,5,2015-08-17 17:12:00,80.73333333333333,1
official,test,5885__event_anchor_001,5885,ar5885,5885,5,2015-08-21 05:48:00,3.7666666666666666,1
official,test,5885__event_anchor_002,5885,ar5885,5885,5,2015-08-21 13:24:00,5.766666666666667,1
official,test,5885__event_anchor_003,5885,ar5885,5885,5,2015-08-21 23:00:00,7.65,1
official,test,5885__event_anchor_004,5885,ar5885,5885,5,2015-08-22 10:36:00,2.683333333333333,1
official,test,5885__event_anchor_005,5885,ar5885,5885,5,2015-08-22 17:12:00,4.116666666666666,1
official,test,5885__event_anchor_006,5885,ar5885,5885,5,2015-08-23 01:12:00,30.233333333333334,1
official,test,5885__event_anchor_007,5885,ar5885,5885,5,2015-08-24 11:24:00,6.266666666666667,1
official,test,5885__event_anchor_008,5885,ar5885,5885,5,2015-08-24 21:36:00,55.2,1
official,test,5885__event_anchor_009,5885,ar5885,5885,5,2015-08-27 08:36:00,28.466666666666665,1
official,test,5885__event_anchor_010,5885,ar5885,5885,5,2015-08-28 17:00:00,1.9333333333333333,1
official,test,5885__event_anchor_011,5885,ar5885,5885,5,2015-08-28 22:48:00,27.216666666666665,1
official,test,5885__event_anchor_012,5885,ar5885,5885,5,2015-08-30 06:00:00,12.2,0
official,test,5890__event_anchor_000,5890,ar5890,5890,5,2015-08-20 15:00:00,171.2,0
official,test,5891__event_anchor_000,5891,ar5891,5891,5,2015-08-21 00:48:00,20.4,0
official,test,5892__event_anchor_000,5892,ar5892,5892,5,2015-08-21 12:12:00,13.8,0
official,test,5893__event_anchor_000,5893,ar5893,5893,5,2015-08-21 16:48:00,152.6,0
official,test,5894__event_anchor_000,5894,ar5894,5894,5,2015-08-22 06:24:00,287.6,0
official,test,5896__event_anchor_000,5896,ar5896,5896,5,2015-08-22 18:36:00,46.6,0
official,test,5902__event_anchor_000,5902,ar5902,5902,5,2015-08-23 21:00:00,103.2,0
official,test,5906__event_anchor_000,5906,ar5906,5906,5,2015-08-24 10:24:00,84.8,0
official,test,5907__event_anchor_000,5907,ar5907,5907,5,2015-08-24 22:36:00,18.8,0
official,test,5908__event_anchor_000,5908,ar5908,5908,5,2015-08-25 01:24:00,205.2,0
official,test,5912__event_anchor_000,5912,ar5912,5912,5,2015-08-25 18:36:00,158.6,0
official,test,5914__event_anchor_000,5914,ar5914,5914,5,2015-08-26 03:24:00,113.0,0
official,test,5915__event_anchor_000,5915,ar5915,5915,5,2015-08-26 04:36:00,60.6,0
official,test,5916__event_anchor_000,5916,ar5916,5916,5,2015-08-26 15:12:00,236.2,0
official,test,5917__event_anchor_000,5917,ar5917,5917,5,2015-08-26 22:00:00,166.8,0
official,test,5919__event_anchor_000,5919,ar5919,5919,5,2015-08-27 23:12:00,216.0,0
official,test,5921__event_anchor_000,5921,ar5921,5921,5,2015-08-28 10:12:00,196.8,0
official,test,5922__event_anchor_000,5922,ar5922,5922,5,2015-08-28 17:24:00,156.0,0
official,test,5924__event_anchor_000,5924,ar5924,5924,5,2015-08-28 21:36:00,56.6,0
official,test,5925__event_anchor_000,5925,ar5925,5925,5,2015-08-29 08:00:00,28.8,0
official,test,5926__event_anchor_000,5926,ar5926,5926,5,2015-08-29 17:12:00,59.6,0
official,test,5927__event_anchor_000,5927,ar5927,5927,5,2015-08-29 17:24:00,256.0,0
official,test,5929__event_anchor_000,5929,ar5929,5929,5,2015-08-29 21:00:00,45.2,0
official,test,5930__event_anchor_000,5930,ar5930,5930,5,2015-08-30 00:24:00,40.0,0
official,test,5934__event_anchor_000,5934,ar5934,5934,5,2015-08-31 14:12:00,9.0,0
official,test,5935__event_anchor_000,5935,ar5935,5935,5,2015-09-01 08:48:00,217.2,0
official,test,5938__event_anchor_000,5938,ar5938,5938,5,2015-09-02 20:24:00,52.4,0
official,test,5939__event_anchor_000,5939,ar5939,5939,5,2015-09-03 04:48:00,136.8,0
official,test,5940__event_anchor_000,5940,ar5940,5940,5,2015-09-03 13:00:00,261.8,0
official,test,5941__event_anchor_000,5941,ar5941,5941,5,2015-09-03 16:36:00,153.6,0
official,test,5944__event_anchor_000,5944,ar5944,5944,5,2015-09-06 01:48:00,268.2,0
official,test,5945__event_anchor_000,5945,ar5945,5945,5,2015-09-06 19:24:00,73.0,0
official,test,5946__event_anchor_000,5946,ar5946,5946,5,2015-09-07 07:12:00,146.4,0
official,test,5947__event_anchor_000,5947,ar5947,5947,5,2015-09-07 09:00:00,181.2,0
official,test,5948__event_anchor_000,5948,ar5948,5948,5,2015-09-07 12:36:00,28.0,0
official,test,5949__event_anchor_000,5949,ar5949,5949,5,2015-09-07 16:00:00,146.2,0
official,test,5950__event_anchor_000,5950,ar5950,5950,5,2015-09-08 08:48:00,31.0,0
official,test,5956__event_anchor_000,5956,ar5956,5956,5,2015-09-10 20:00:00,157.56666666666666,1
official,test,5956__event_anchor_001,5956,ar5956,5956,5,2015-09-17 13:24:00,76.13333333333334,1
official,test,5956__event_anchor_002,5956,ar5956,5956,5,2015-09-20 21:24:00,60.8,0
official,test,5957__event_anchor_000,5957,ar5957,5957,5,2015-09-11 02:24:00,42.2,0
official,test,5958__event_anchor_000,5958,ar5958,5958,5,2015-09-11 20:00:00,98.2,0
official,test,5959__event_anchor_000,5959,ar5959,5959,5,2015-09-11 22:36:00,20.2,0
official,test,5961__event_anchor_000,5961,ar5961,5961,5,2015-09-13 02:48:00,304.6,0
official,test,5962__event_anchor_000,5962,ar5962,5962,5,2015-09-13 15:00:00,113.0,0
official,test,5963__event_anchor_000,5963,ar5963,5963,5,2015-09-14 00:36:00,255.8,0
official,test,5967__event_anchor_000,5967,ar5967,5967,5,2015-09-17 05:24:00,190.6,0
official,test,5968__event_anchor_000,5968,ar5968,5968,5,2015-09-17 06:24:00,23.6,0
official,test,5969__event_anchor_000,5969,ar5969,5969,5,2015-09-18 11:12:00,7.8,0
official,test,5970__event_anchor_000,5970,ar5970,5970,5,2015-09-18 15:24:00,241.6,0
official,test,5974__event_anchor_000,5974,ar5974,5974,5,2015-09-19 23:12:00,5.716666666666667,1
official,test,5974__event_anchor_001,5974,ar5974,5974,5,2015-09-20 08:48:00,326.2,0
official,test,5976__event_anchor_000,5976,ar5976,5976,5,2015-09-20 16:12:00,252.6,0
official,test,5977__event_anchor_000,5977,ar5977,5977,5,2015-09-20 20:12:00,147.4,0
official,test,5982__event_anchor_000,5982,ar5982,5982,5,2015-09-22 10:48:00,136.95,1
official,test,5982__event_anchor_001,5982,ar5982,5982,5,2015-09-28 07:36:00,19.583333333333332,1
official,test,5982__event_anchor_002,5982,ar5982,5982,5,2015-09-29 07:00:00,1.7666666666666666,1
official,test,5982__event_anchor_003,5982,ar5982,5982,5,2015-09-29 12:36:00,6.0,0
official,test,5983__event_anchor_000,5983,ar5983,5983,5,2015-09-22 11:48:00,118.53333333333333,1
official,test,5983__event_anchor_001,5983,ar5983,5983,5,2015-09-27 14:12:00,6.7,1
official,test,5983__event_anchor_002,5983,ar5983,5983,5,2015-09-28 00:48:00,6.65,1
official,test,5983__event_anchor_003,5983,ar5983,5983,5,2015-09-28 11:24:00,1.6166666666666667,1
official,test,5983__event_anchor_004,5983,ar5983,5983,5,2015-09-28 17:00:00,10.683333333333334,1
official,test,5983__event_anchor_005,5983,ar5983,5983,5,2015-09-29 07:36:00,3.55,1
official,test,5983__event_anchor_006,5983,ar5983,5983,5,2015-09-29 15:00:00,4.333333333333333,1
official,test,5983__event_anchor_007,5983,ar5983,5983,5,2015-09-29 23:12:00,11.616666666666667,1
official,test,5983__event_anchor_008,5983,ar5983,5983,5,2015-09-30 14:48:00,22.25,1
official,test,5983__event_anchor_009,5983,ar5983,5983,5,2015-10-01 17:00:00,7.1,1
official,test,5983__event_anchor_010,5983,ar5983,5983,5,2015-10-02 04:00:00,8.316666666666666,1
official,test,5983__event_anchor_011,5983,ar5983,5983,5,2015-10-02 16:12:00,0.9333333333333333,1
official,test,5983__event_anchor_012,5983,ar5983,5983,5,2015-10-02 21:00:00,25.8,0
official,test,5984__event_anchor_000,5984,ar5984,5984,5,2015-09-22 21:36:00,5.0,0
official,test,5985__event_anchor_000,5985,ar5985,5985,5,2015-09-23 09:12:00,163.6,0
official,test,5986__event_anchor_000,5986,ar5986,5986,5,2015-09-24 02:12:00,130.8,0
official,test,5987__event_anchor_000,5987,ar5987,5987,5,2015-09-24 16:12:00,172.6,0
official,test,5988__event_anchor_000,5988,ar5988,5988,5,2015-09-25 22:12:00,2.2,0
official,test,5989__event_anchor_000,5989,ar5989,5989,5,2015-09-26 14:00:00,202.6,0
official,test,5990__event_anchor_000,5990,ar5990,5990,5,2015-09-27 00:00:00,90.4,0
official,test,5991__event_anchor_000,5991,ar5991,5991,5,2015-09-27 03:36:00,265.6,0
official,test,5992__event_anchor_000,5992,ar5992,5992,5,2015-09-27 16:12:00,9.8,0
official,test,5993__event_anchor_000,5993,ar5993,5993,5,2015-09-28 13:00:00,178.0,0
official,test,5994__event_anchor_000,5994,ar5994,5994,5,2015-09-29 21:36:00,90.0,0
official,test,5996__event_anchor_000,5996,ar5996,5996,5,2015-10-02 05:12:00,245.2,0
official,test,6002__event_anchor_000,6002,ar6002,6002,5,2015-10-05 11:24:00,233.2,0
official,test,6003__event_anchor_000,6003,ar6003,6003,5,2015-10-06 21:00:00,61.0,0
official,test,6004__event_anchor_000,6004,ar6004,6004,5,2015-10-07 12:24:00,279.0,0
official,test,6006__event_anchor_000,6006,ar6006,6006,5,2015-10-09 01:48:00,262.6,0
official,test,6010__event_anchor_000,6010,ar6010,6010,5,2015-10-10 10:24:00,257.4,0
official,test,6013__event_anchor_000,6013,ar6013,6013,5,2015-10-11 22:48:00,90.0,0
official,test,6015__event_anchor_000,6015,ar6015,6015,5,2015-10-13 02:36:00,68.85,1
official,test,6015__event_anchor_001,6015,ar6015,6015,5,2015-10-16 03:24:00,2.783333333333333,1
official,test,6015__event_anchor_002,6015,ar6015,6015,5,2015-10-16 10:00:00,229.2,0
official,test,6016__event_anchor_000,6016,ar6016,6016,5,2015-10-13 04:00:00,197.8,0
official,test,6017__event_anchor_000,6017,ar6017,6017,5,2015-10-13 05:36:00,171.8,0
official,test,6018__event_anchor_000,6018,ar6018,6018,5,2015-10-13 10:12:00,7.8,0
official,test,6019__event_anchor_000,6019,ar6019,6019,5,2015-10-14 02:36:00,114.8,0
official,test,6020__event_anchor_000,6020,ar6020,6020,5,2015-10-14 05:24:00,31.0,0
official,test,6021__event_anchor_000,6021,ar6021,6021,5,2015-10-14 12:48:00,24.2,0
official,test,6022__event_anchor_000,6022,ar6022,6022,5,2015-10-14 20:48:00,73.8,0
official,test,6026__event_anchor_000,6026,ar6026,6026,5,2015-10-16 10:12:00,33.95,1
official,test,6026__event_anchor_001,6026,ar6026,6026,5,2015-10-18 00:00:00,309.2,0
official,test,6027__event_anchor_000,6027,ar6027,6027,5,2015-10-16 19:00:00,329.8,0
official,test,6029__event_anchor_000,6029,ar6029,6029,5,2015-10-17 00:24:00,47.6,0
official,test,6030__event_anchor_000,6030,ar6030,6030,5,2015-10-17 05:24:00,157.4,0
official,test,6031__event_anchor_000,6031,ar6031,6031,5,2015-10-17 09:00:00,16.2,0
official,test,6033__event_anchor_000,6033,ar6033,6033,5,2015-10-17 13:00:00,113.2,0
official,test,6034__event_anchor_000,6034,ar6034,6034,5,2015-10-17 14:48:00,145.6,0
official,test,6035__event_anchor_000,6035,ar6035,6035,5,2015-10-17 19:12:00,3.6,0
official,test,6036__event_anchor_000,6036,ar6036,6036,5,2015-10-18 00:36:00,193.6,0
official,test,6038__event_anchor_000,6038,ar6038,6038,5,2015-10-18 16:00:00,20.0,0
official,test,6039__event_anchor_000,6039,ar6039,6039,5,2015-10-18 18:00:00,5.0,0
official,test,6041__event_anchor_000,6041,ar6041,6041,5,2015-10-19 03:00:00,120.0,0
official,test,6043__event_anchor_000,6043,ar6043,6043,5,2015-10-19 16:36:00,50.6,0
official,test,6047__event_anchor_000,6047,ar6047,6047,5,2015-10-21 06:36:00,26.0,0
official,test,6048__event_anchor_000,6048,ar6048,6048,5,2015-10-21 13:24:00,5.2,0
official,test,6050__event_anchor_000,6050,ar6050,6050,5,2015-10-22 03:24:00,64.4,0
official,test,6052__event_anchor_000,6052,ar6052,6052,5,2015-10-22 09:00:00,306.3333333333333,1
official,test,6052__event_anchor_001,6052,ar6052,6052,5,2015-11-04 07:12:00,4.716666666666667,1
official,test,6052__event_anchor_002,6052,ar6052,6052,5,2015-11-04 15:48:00,29.8,0
official,test,6053__event_anchor_000,6053,ar6053,6053,5,2015-10-23 10:00:00,3.6,0
official,test,6054__event_anchor_000,6054,ar6054,6054,5,2015-10-24 21:12:00,167.6,0
official,test,6055__event_anchor_000,6055,ar6055,6055,5,2015-10-25 00:12:00,22.0,0
official,test,6056__event_anchor_000,6056,ar6056,6056,5,2015-10-25 16:24:00,22.0,0
official,test,6058__event_anchor_000,6058,ar6058,6058,5,2015-10-27 09:00:00,8.0,0
official,test,6059__event_anchor_000,6059,ar6059,6059,5,2015-10-27 09:12:00,8.2,0
official,test,6060__event_anchor_000,6060,ar6060,6060,5,2015-10-27 12:24:00,197.6,0
official,test,6061__event_anchor_000,6061,ar6061,6061,5,2015-10-27 17:00:00,3.2,0
official,test,6063__event_anchor_000,6063,ar6063,6063,5,2015-10-28 11:36:00,78.2,1
official,test,6063__event_anchor_001,6063,ar6063,6063,5,2015-10-31 21:36:00,87.91666666666667,1
official,test,6063__event_anchor_002,6063,ar6063,6063,5,2015-11-04 17:24:00,144.4,0
official,test,6064__event_anchor_000,6064,ar6064,6064,5,2015-10-29 07:48:00,122.2,0
official,test,6066__event_anchor_000,6066,ar6066,6066,5,2015-10-30 02:24:00,167.6,0
official,test,6068__event_anchor_000,6068,ar6068,6068,5,2015-10-31 10:48:00,80.8,0
official,test,6069__event_anchor_000,6069,ar6069,6069,5,2015-10-31 13:12:00,168.2,0
official,test,6070__event_anchor_000,6070,ar6070,6070,5,2015-11-01 19:36:00,93.2,0
official,test,6071__event_anchor_000,6071,ar6071,6071,5,2015-11-01 22:12:00,134.2,0
official,test,6072__event_anchor_000,6072,ar6072,6072,5,2015-11-03 01:24:00,48.0,0
official,test,6073__event_anchor_000,6073,ar6073,6073,5,2015-11-03 08:36:00,58.4,0
official,test,6074__event_anchor_000,6074,ar6074,6074,5,2015-11-03 14:24:00,103.2,0
official,test,6075__event_anchor_000,6075,ar6075,6075,5,2015-11-03 23:24:00,310.4,0
official,test,6078__event_anchor_000,6078,ar6078,6078,5,2015-11-06 04:48:00,80.01666666666667,1
official,test,6078__event_anchor_001,6078,ar6078,6078,5,2015-11-09 16:48:00,199.0,0
official,test,6080__event_anchor_000,6080,ar6080,6080,5,2015-11-07 08:24:00,174.0,0
official,test,6084__event_anchor_000,6084,ar6084,6084,5,2015-11-09 15:12:00,247.8,0
official,test,6086__event_anchor_000,6086,ar6086,6086,5,2015-11-09 22:48:00,9.6,0
official,test,6091__event_anchor_000,6091,ar6091,6091,5,2015-11-11 02:24:00,106.6,0
official,test,6092__event_anchor_000,6092,ar6092,6092,5,2015-11-11 07:00:00,40.2,0
official,test,6093__event_anchor_000,6093,ar6093,6093,5,2015-11-11 16:48:00,213.6,0
official,test,6096__event_anchor_000,6096,ar6096,6096,5,2015-11-12 00:00:00,26.4,0
official,test,6099__event_anchor_000,6099,ar6099,6099,5,2015-11-12 15:00:00,134.6,0
official,test,6100__event_anchor_000,6100,ar6100,6100,5,2015-11-12 19:12:00,309.2,0
official,test,6101__event_anchor_000,6101,ar6101,6101,5,2015-11-13 10:00:00,8.4,0
official,test,6102__event_anchor_000,6102,ar6102,6102,5,2015-11-13 16:00:00,104.8,0
official,test,6104__event_anchor_000,6104,ar6104,6104,5,2015-11-14 05:12:00,242.4,0
official,test,6107__event_anchor_000,6107,ar6107,6107,5,2015-11-14 14:36:00,155.4,0
official,test,6109__event_anchor_000,6109,ar6109,6109,5,2015-11-15 06:36:00,132.8,0
official,test,6113__event_anchor_000,6113,ar6113,6113,5,2015-11-16 02:00:00,16.8,0
official,test,6115__event_anchor_000,6115,ar6115,6115,5,2015-11-16 14:00:00,248.8,0
official,test,6117__event_anchor_000,6117,ar6117,6117,5,2015-11-17 03:00:00,179.8,0
official,test,6118__event_anchor_000,6118,ar6118,6118,5,2015-11-17 21:36:00,23.0,0
official,test,6119__event_anchor_000,6119,ar6119,6119,5,2015-11-18 03:00:00,90.6,0
official,test,6120__event_anchor_000,6120,ar6120,6120,5,2015-11-18 10:00:00,1.2,0
official,test,6122__event_anchor_000,6122,ar6122,6122,5,2015-11-18 18:36:00,28.4,0
official,test,6124__event_anchor_000,6124,ar6124,6124,5,2015-11-19 04:48:00,306.2,0
official,test,6125__event_anchor_000,6125,ar6125,6125,5,2015-11-19 08:00:00,90.2,0
official,test,6126__event_anchor_000,6126,ar6126,6126,5,2015-11-19 08:00:00,3.2,0
official,test,6128__event_anchor_000,6128,ar6128,6128,5,2015-11-19 13:12:00,54.2,0
official,test,6129__event_anchor_000,6129,ar6129,6129,5,2015-11-20 04:48:00,81.6,0
official,test,6130__event_anchor_000,6130,ar6130,6130,5,2015-11-20 07:12:00,83.4,0
official,test,6131__event_anchor_000,6131,ar6131,6131,5,2015-11-20 08:24:00,66.2,0
official,test,6133__event_anchor_000,6133,ar6133,6133,5,2015-11-20 12:12:00,22.0,0
official,test,6136__event_anchor_000,6136,ar6136,6136,5,2015-11-22 04:24:00,293.4,0
official,test,6140__event_anchor_000,6140,ar6140,6140,5,2015-11-24 06:36:00,285.0,0
official,test,6144__event_anchor_000,6144,ar6144,6144,5,2015-11-26 14:24:00,102.4,0
official,test,6147__event_anchor_000,6147,ar6147,6147,5,2015-11-28 11:24:00,10.8,0
official,test,6148__event_anchor_000,6148,ar6148,6148,5,2015-11-29 09:12:00,13.4,0
official,test,6149__event_anchor_000,6149,ar6149,6149,5,2015-11-30 02:00:00,138.8,0
official,test,6151__event_anchor_000,6151,ar6151,6151,5,2015-12-01 18:24:00,98.2,0
official,test,6152__event_anchor_000,6152,ar6152,6152,5,2015-12-02 01:36:00,32.2,0
official,test,6153__event_anchor_000,6153,ar6153,6153,5,2015-12-02 20:36:00,200.2,0
official,test,6154__event_anchor_000,6154,ar6154,6154,5,2015-12-02 22:24:00,276.6,0
official,test,6155__event_anchor_000,6155,ar6155,6155,5,2015-12-03 08:36:00,289.4,0
official,test,6156__event_anchor_000,6156,ar6156,6156,5,2015-12-03 10:12:00,116.4,0
official,test,6159__event_anchor_000,6159,ar6159,6159,5,2015-12-04 04:12:00,74.0,0
official,test,6161__event_anchor_000,6161,ar6161,6161,5,2015-12-04 09:48:00,189.2,0
official,test,6164__event_anchor_000,6164,ar6164,6164,5,2015-12-04 21:48:00,256.0,0
official,test,6165__event_anchor_000,6165,ar6165,6165,5,2015-12-05 02:12:00,3.2,0
official,test,6167__event_anchor_000,6167,ar6167,6167,5,2015-12-06 10:48:00,308.0,0
official,test,6168__event_anchor_000,6168,ar6168,6168,5,2015-12-07 14:00:00,9.6,0
official,test,6169__event_anchor_000,6169,ar6169,6169,5,2015-12-07 14:00:00,158.2,0
official,test,6170__event_anchor_000,6170,ar6170,6170,5,2015-12-08 21:48:00,48.6,0
official,test,6171__event_anchor_000,6171,ar6171,6171,5,2015-12-08 22:24:00,149.4,0
official,test,6172__event_anchor_000,6172,ar6172,6172,5,2015-12-09 14:24:00,279.4,0
official,test,6173__event_anchor_000,6173,ar6173,6173,5,2015-12-10 15:48:00,126.4,0
official,test,6174__event_anchor_000,6174,ar6174,6174,5,2015-12-10 17:24:00,231.4,0
official,test,6175__event_anchor_000,6175,ar6175,6175,5,2015-12-10 20:48:00,161.2,0
official,test,6178__event_anchor_000,6178,ar6178,6178,5,2015-12-11 22:12:00,331.8,0
official,test,6180__event_anchor_000,6180,ar6180,6180,5,2015-12-12 03:48:00,14.6,0
official,test,6181__event_anchor_000,6181,ar6181,6181,5,2015-12-12 06:24:00,105.8,0
official,test,6183__event_anchor_000,6183,ar6183,6183,5,2015-12-12 16:00:00,153.0,0
official,test,6185__event_anchor_000,6185,ar6185,6185,5,2015-12-13 06:12:00,16.8,0
official,test,6187__event_anchor_000,6187,ar6187,6187,5,2015-12-14 01:36:00,29.0,0
official,test,6189__event_anchor_000,6189,ar6189,6189,5,2015-12-14 02:48:00,201.4,0
official,test,6190__event_anchor_000,6190,ar6190,6190,5,2015-12-14 23:24:00,194.0,0
official,test,6191__event_anchor_000,6191,ar6191,6191,5,2015-12-15 03:00:00,91.0,0
official,test,6192__event_anchor_000,6192,ar6192,6192,5,2015-12-16 01:36:00,260.4,0
official,test,6195__event_anchor_000,6195,ar6195,6195,5,2015-12-16 18:12:00,14.0,0
official,test,6196__event_anchor_000,6196,ar6196,6196,5,2015-12-17 00:12:00,226.8,0
official,test,6197__event_anchor_000,6197,ar6197,6197,5,2015-12-17 12:36:00,29.4,0
official,test,6200__event_anchor_000,6200,ar6200,6200,5,2015-12-18 19:48:00,81.4,0
official,test,6203__event_anchor_000,6203,ar6203,6203,5,2015-12-20 12:12:00,199.8,0
official,test,6204__event_anchor_000,6204,ar6204,6204,5,2015-12-21 00:48:00,65.8,0
official,test,6205__event_anchor_000,6205,ar6205,6205,5,2015-12-21 07:36:00,2.55,1
official,test,6205__event_anchor_001,6205,ar6205,6205,5,2015-12-21 14:00:00,278.4,0
official,test,6206__event_anchor_000,6206,ar6206,6206,5,2015-12-21 08:48:00,18.45,1
official,test,6206__event_anchor_001,6206,ar6206,6206,5,2015-12-22 07:12:00,17.183333333333334,1
official,test,6206__event_anchor_002,6206,ar6206,6206,5,2015-12-23 04:12:00,21.616666666666667,1
official,test,6206__event_anchor_003,6206,ar6206,6206,5,2015-12-24 05:48:00,101.53333333333333,1
official,test,6206__event_anchor_004,6206,ar6206,6206,5,2015-12-28 15:12:00,103.96666666666667,1
official,test,6206__event_anchor_005,6206,ar6206,6206,5,2016-01-02 03:00:00,28.8,0
official,test,6207__event_anchor_000,6207,ar6207,6207,5,2015-12-22 00:24:00,35.0,0
official,test,6208__event_anchor_000,6208,ar6208,6208,5,2015-12-22 01:00:00,5.2,0
official,test,6210__event_anchor_000,6210,ar6210,6210,5,2015-12-22 13:24:00,135.2,0
official,test,6211__event_anchor_000,6211,ar6211,6211,5,2015-12-22 14:48:00,114.0,0
official,test,6215__event_anchor_000,6215,ar6215,6215,5,2015-12-24 11:12:00,161.0,0
official,test,6216__event_anchor_000,6216,ar6216,6216,5,2015-12-25 01:24:00,23.6,0
official,test,6220__event_anchor_000,6220,ar6220,6220,5,2015-12-30 07:24:00,127.8,0
official,test,6221__event_anchor_000,6221,ar6221,6221,5,2015-12-30 15:24:00,17.4,0
official,test,6222__event_anchor_000,6222,ar6222,6222,5,2015-12-31 14:12:00,123.0,0
official,test,6223__event_anchor_000,6223,ar6223,6223,5,2016-01-01 09:48:00,270.8,0
official,test,6224__event_anchor_000,6224,ar6224,6224,5,2016-01-01 12:00:00,219.6,0
official,test,6225__event_anchor_000,6225,ar6225,6225,5,2016-01-02 00:36:00,160.2,0
official,test,6227__event_anchor_000,6227,ar6227,6227,5,2016-01-02 19:00:00,204.6,0
official,test,6229__event_anchor_000,6229,ar6229,6229,5,2016-01-03 03:48:00,125.4,0
official,test,6230__event_anchor_000,6230,ar6230,6230,5,2016-01-03 05:12:00,248.4,0
official,test,6231__event_anchor_000,6231,ar6231,6231,5,2016-01-03 12:48:00,117.2,0
official,test,6237__event_anchor_000,6237,ar6237,6237,5,2016-01-04 04:36:00,84.2,0
official,test,6241__event_anchor_000,6241,ar6241,6241,5,2016-01-05 12:36:00,4.0,0
official,test,6242__event_anchor_000,6242,ar6242,6242,5,2016-01-06 03:48:00,301.2,0
official,test,6243__event_anchor_000,6243,ar6243,6243,5,2016-01-06 14:48:00,18.0,0
official,test,6244__event_anchor_000,6244,ar6244,6244,5,2016-01-06 23:24:00,5.0,0
official,test,6245__event_anchor_000,6245,ar6245,6245,5,2016-01-07 03:24:00,73.0,0
official,test,6246__event_anchor_000,6246,ar6246,6246,5,2016-01-07 04:12:00,273.8,0
official,test,6247__event_anchor_000,6247,ar6247,6247,5,2016-01-07 09:48:00,78.8,0
official,test,6248__event_anchor_000,6248,ar6248,6248,5,2016-01-07 14:24:00,193.0,0
official,test,6250__event_anchor_000,6250,ar6250,6250,5,2016-01-07 17:48:00,136.2,0
official,test,6251__event_anchor_000,6251,ar6251,6251,5,2016-01-07 22:24:00,81.0,0
official,test,6254__event_anchor_000,6254,ar6254,6254,5,2016-01-08 10:24:00,199.6,0
official,test,6255__event_anchor_000,6255,ar6255,6255,5,2016-01-08 14:24:00,1.8,0
official,test,6257__event_anchor_000,6257,ar6257,6257,5,2016-01-09 18:48:00,107.0,0
official,test,6258__event_anchor_000,6258,ar6258,6258,5,2016-01-10 06:36:00,267.2,0
official,test,6264__event_anchor_000,6264,ar6264,6264,5,2016-01-11 17:36:00,1.6,0
official,test,6265__event_anchor_000,6265,ar6265,6265,5,2016-01-11 20:00:00,13.2,0
official,test,6268__event_anchor_000,6268,ar6268,6268,5,2016-01-12 16:00:00,2.4,0
official,test,6271__event_anchor_000,6271,ar6271,6271,5,2016-01-13 05:12:00,142.8,0
official,test,6273__event_anchor_000,6273,ar6273,6273,5,2016-01-14 00:48:00,244.8,0
official,test,6275__event_anchor_000,6275,ar6275,6275,5,2016-01-15 12:12:00,201.8,0
official,test,6276__event_anchor_000,6276,ar6276,6276,5,2016-01-15 12:24:00,17.2,0
official,test,6277__event_anchor_000,6277,ar6277,6277,5,2016-01-15 16:24:00,166.8,0
official,test,6279__event_anchor_000,6279,ar6279,6279,5,2016-01-16 12:36:00,47.4,0
official,test,6280__event_anchor_000,6280,ar6280,6280,5,2016-01-16 15:36:00,26.8,0
official,test,6281__event_anchor_000,6281,ar6281,6281,5,2016-01-16 21:48:00,313.8,0
official,test,6283__event_anchor_000,6283,ar6283,6283,5,2016-01-17 12:12:00,25.2,0
official,test,6284__event_anchor_000,6284,ar6284,6284,5,2016-01-18 03:48:00,221.2,0
official,test,6285__event_anchor_000,6285,ar6285,6285,5,2016-01-18 05:00:00,46.2,0
official,test,6289__event_anchor_000,6289,ar6289,6289,5,2016-01-18 19:36:00,305.4,0
official,test,6298__event_anchor_000,6298,ar6298,6298,5,2016-01-20 12:36:00,83.6,0
official,test,6300__event_anchor_000,6300,ar6300,6300,5,2016-01-23 21:00:00,4.6,0
official,test,6301__event_anchor_000,6301,ar6301,6301,5,2016-01-24 02:12:00,293.4,0
official,test,6302__event_anchor_000,6302,ar6302,6302,5,2016-01-24 03:12:00,325.2,0
official,test,6308__event_anchor_000,6308,ar6308,6308,5,2016-01-29 06:12:00,5.6,0
official,test,6309__event_anchor_000,6309,ar6309,6309,5,2016-01-29 09:48:00,174.2,0
official,test,6312__event_anchor_000,6312,ar6312,6312,5,2016-01-30 15:24:00,101.4,0
official,test,6313__event_anchor_000,6313,ar6313,6313,5,2016-01-31 02:12:00,262.6,0
official,test,6315__event_anchor_000,6315,ar6315,6315,5,2016-02-01 00:24:00,169.6,0
official,test,6316__event_anchor_000,6316,ar6316,6316,5,2016-02-01 01:00:00,151.8,0
official,test,6317__event_anchor_000,6317,ar6317,6317,5,2016-02-01 11:24:00,272.0,0
official,test,6318__event_anchor_000,6318,ar6318,6318,5,2016-02-02 11:36:00,67.2,0
official,test,6319__event_anchor_000,6319,ar6319,6319,5,2016-02-03 03:24:00,92.4,0
official,test,6320__event_anchor_000,6320,ar6320,6320,5,2016-02-03 10:12:00,220.6,0
official,test,6321__event_anchor_000,6321,ar6321,6321,5,2016-02-03 11:00:00,87.0,0
official,test,6324__event_anchor_000,6324,ar6324,6324,5,2016-02-03 23:12:00,128.8,0
official,test,6326__event_anchor_000,6326,ar6326,6326,5,2016-02-04 02:24:00,191.2,0
official,test,6327__event_anchor_000,6327,ar6327,6327,5,2016-02-04 08:12:00,194.4,1
official,test,6327__event_anchor_001,6327,ar6327,6327,5,2016-02-12 14:24:00,24.866666666666667,1
official,test,6327__event_anchor_002,6327,ar6327,6327,5,2016-02-13 19:12:00,24.1,1
official,test,6327__event_anchor_003,6327,ar6327,6327,5,2016-02-14 23:12:00,11.483333333333333,1
official,test,6327__event_anchor_004,6327,ar6327,6327,5,2016-02-15 14:36:00,57.2,0
official,test,6334__event_anchor_000,6334,ar6334,6334,5,2016-02-05 18:36:00,15.6,0
official,test,6335__event_anchor_000,6335,ar6335,6335,5,2016-02-06 02:12:00,87.6,0
official,test,6336__event_anchor_000,6336,ar6336,6336,5,2016-02-06 15:24:00,101.0,0
official,test,6337__event_anchor_000,6337,ar6337,6337,5,2016-02-06 17:12:00,110.6,0
official,test,6338__event_anchor_000,6338,ar6338,6338,5,2016-02-06 21:36:00,127.8,0
official,test,6339__event_anchor_000,6339,ar6339,6339,5,2016-02-07 09:12:00,156.8,0
official,test,6340__event_anchor_000,6340,ar6340,6340,5,2016-02-07 11:36:00,8.8,0
official,test,6345__event_anchor_000,6345,ar6345,6345,5,2016-02-09 06:00:00,221.2,0
official,test,6346__event_anchor_000,6346,ar6346,6346,5,2016-02-09 10:36:00,49.4,0
official,test,6347__event_anchor_000,6347,ar6347,6347,5,2016-02-10 14:48:00,123.0,0
official,test,6348__event_anchor_000,6348,ar6348,6348,5,2016-02-10 16:36:00,19.8,0
official,test,6349__event_anchor_000,6349,ar6349,6349,5,2016-02-10 19:12:00,29.0,0
official,test,6350__event_anchor_000,6350,ar6350,6350,5,2016-02-11 18:24:00,134.8,0
official,test,6351__event_anchor_000,6351,ar6351,6351,5,2016-02-12 15:12:00,213.8,0
official,test,6352__event_anchor_000,6352,ar6352,6352,5,2016-02-12 19:12:00,17.8,0
official,test,6353__event_anchor_000,6353,ar6353,6353,5,2016-02-12 20:00:00,224.2,0
official,test,6355__event_anchor_000,6355,ar6355,6355,5,2016-02-13 05:36:00,84.6,0
official,test,6356__event_anchor_000,6356,ar6356,6356,5,2016-02-13 16:36:00,63.2,0
official,test,6358__event_anchor_000,6358,ar6358,6358,5,2016-02-14 07:24:00,220.4,0
official,test,6359__event_anchor_000,6359,ar6359,6359,5,2016-02-14 11:24:00,299.2,0
official,test,6360__event_anchor_000,6360,ar6360,6360,5,2016-02-14 19:24:00,7.8,0
official,test,6361__event_anchor_000,6361,ar6361,6361,5,2016-02-15 14:24:00,236.8,0
official,test,6362__event_anchor_000,6362,ar6362,6362,5,2016-02-16 03:24:00,186.6,0
official,test,6365__event_anchor_000,6365,ar6365,6365,5,2016-02-16 21:36:00,184.6,0
official,test,6367__event_anchor_000,6367,ar6367,6367,5,2016-02-17 09:36:00,30.6,0
official,test,6368__event_anchor_000,6368,ar6368,6368,5,2016-02-18 15:36:00,8.4,0
official,test,6370__event_anchor_000,6370,ar6370,6370,5,2016-02-19 06:36:00,111.0,0
official,test,6372__event_anchor_000,6372,ar6372,6372,5,2016-02-19 15:12:00,42.0,0
official,test,6375__event_anchor_000,6375,ar6375,6375,5,2016-02-20 14:00:00,284.8,0
official,test,6378__event_anchor_000,6378,ar6378,6378,5,2016-02-21 13:00:00,1.2,0
official,test,6379__event_anchor_000,6379,ar6379,6379,5,2016-02-21 13:48:00,206.0,0
official,test,6381__event_anchor_000,6381,ar6381,6381,5,2016-02-21 19:48:00,58.6,0
official,test,6383__event_anchor_000,6383,ar6383,6383,5,2016-02-22 17:36:00,294.4,0
official,test,6388__event_anchor_000,6388,ar6388,6388,5,2016-02-24 13:48:00,14.4,0
official,test,6389__event_anchor_000,6389,ar6389,6389,5,2016-02-24 19:12:00,1.4,0
official,test,6390__event_anchor_000,6390,ar6390,6390,5,2016-02-25 13:00:00,0.6,0
official,test,6391__event_anchor_000,6391,ar6391,6391,5,2016-02-25 22:36:00,68.2,0
official,test,6393__event_anchor_000,6393,ar6393,6393,5,2016-02-27 05:48:00,33.2,0
official,test,6394__event_anchor_000,6394,ar6394,6394,5,2016-02-27 19:48:00,171.4,0
official,test,6396__event_anchor_000,6396,ar6396,6396,5,2016-02-28 08:00:00,105.2,0
official,test,6397__event_anchor_000,6397,ar6397,6397,5,2016-02-29 00:12:00,169.6,0
official,test,6398__event_anchor_000,6398,ar6398,6398,5,2016-03-01 01:36:00,285.4,0
official,test,6399__event_anchor_000,6399,ar6399,6399,5,2016-03-01 04:12:00,236.6,0
official,test,6402__event_anchor_000,6402,ar6402,6402,5,2016-03-01 19:00:00,82.4,0
official,test,6403__event_anchor_000,6403,ar6403,6403,5,2016-03-02 13:48:00,300.2,0
official,test,6404__event_anchor_000,6404,ar6404,6404,5,2016-03-02 17:12:00,91.2,0
official,test,6405__event_anchor_000,6405,ar6405,6405,5,2016-03-02 23:12:00,111.6,0
official,test,6407__event_anchor_000,6407,ar6407,6407,5,2016-03-04 02:00:00,32.0,0
official,test,6409__event_anchor_000,6409,ar6409,6409,5,2016-03-04 15:24:00,241.4,0
official,test,6411__event_anchor_000,6411,ar6411,6411,5,2016-03-04 15:36:00,84.2,0
official,test,6416__event_anchor_000,6416,ar6416,6416,5,2016-03-08 19:24:00,24.8,0
official,test,6418__event_anchor_000,6418,ar6418,6418,5,2016-03-09 08:24:00,315.0,0
official,test,6420__event_anchor_000,6420,ar6420,6420,5,2016-03-10 12:36:00,100.2,0
official,test,6421__event_anchor_000,6421,ar6421,6421,5,2016-03-10 17:36:00,137.0,0
official,test,6422__event_anchor_000,6422,ar6422,6422,5,2016-03-11 01:36:00,4.8,0
official,test,6424__event_anchor_000,6424,ar6424,6424,5,2016-03-11 03:00:00,187.6,0
official,test,6425__event_anchor_000,6425,ar6425,6425,5,2016-03-11 09:24:00,12.8,0
official,test,6427__event_anchor_000,6427,ar6427,6427,5,2016-03-11 17:36:00,112.2,0
official,test,6428__event_anchor_000,6428,ar6428,6428,5,2016-03-11 19:24:00,46.0,0
official,test,6429__event_anchor_000,6429,ar6429,6429,5,2016-03-12 12:24:00,0.4,0
official,test,6430__event_anchor_000,6430,ar6430,6430,5,2016-03-13 12:00:00,6.8,0
official,test,6434__event_anchor_000,6434,ar6434,6434,5,2016-03-15 04:00:00,114.4,0
official,test,6436__event_anchor_000,6436,ar6436,6436,5,2016-03-15 19:00:00,89.8,0
official,test,6437__event_anchor_000,6437,ar6437,6437,5,2016-03-16 03:12:00,304.4,0
official,test,6438__event_anchor_000,6438,ar6438,6438,5,2016-03-16 08:48:00,11.2,0
official,test,6439__event_anchor_000,6439,ar6439,6439,5,2016-03-16 09:00:00,128.6,0
official,test,6440__event_anchor_000,6440,ar6440,6440,5,2016-03-17 06:48:00,5.4,0
official,test,6441__event_anchor_000,6441,ar6441,6441,5,2016-03-17 12:48:00,116.2,0
official,test,6442__event_anchor_000,6442,ar6442,6442,5,2016-03-17 16:48:00,50.2,0
official,test,6443__event_anchor_000,6443,ar6443,6443,5,2016-03-18 10:48:00,4.8,0
official,test,6444__event_anchor_000,6444,ar6444,6444,5,2016-03-18 16:12:00,72.6,0
official,test,6445__event_anchor_000,6445,ar6445,6445,5,2016-03-19 10:36:00,18.2,0
official,test,6447__event_anchor_000,6447,ar6447,6447,5,2016-03-20 15:36:00,15.2,0
official,test,6449__event_anchor_000,6449,ar6449,6449,5,2016-03-21 20:36:00,97.4,0
official,test,6450__event_anchor_000,6450,ar6450,6450,5,2016-03-22 12:48:00,140.6,0
official,test,6451__event_anchor_000,6451,ar6451,6451,5,2016-03-22 20:36:00,163.0,0
official,test,6452__event_anchor_000,6452,ar6452,6452,5,2016-03-23 09:12:00,61.0,0
official,test,6453__event_anchor_000,6453,ar6453,6453,5,2016-03-23 18:00:00,156.4,0
official,test,6454__event_anchor_000,6454,ar6454,6454,5,2016-03-23 23:48:00,313.8,0
official,test,6455__event_anchor_000,6455,ar6455,6455,5,2016-03-25 21:48:00,4.0,0
official,test,6459__event_anchor_000,6459,ar6459,6459,5,2016-03-26 20:48:00,17.2,0
official,test,6460__event_anchor_000,6460,ar6460,6460,5,2016-03-28 14:48:00,32.8,0
official,test,6462__event_anchor_000,6462,ar6462,6462,5,2016-03-29 23:00:00,95.8,0
official,test,6463__event_anchor_000,6463,ar6463,6463,5,2016-03-30 01:24:00,86.2,0
official,test,6464__event_anchor_000,6464,ar6464,6464,5,2016-03-31 00:48:00,226.0,0
official,test,6465__event_anchor_000,6465,ar6465,6465,5,2016-03-31 15:48:00,179.6,0
official,test,6469__event_anchor_000,6469,ar6469,6469,5,2016-04-01 09:24:00,82.0,0
official,test,6470__event_anchor_000,6470,ar6470,6470,5,2016-04-01 10:36:00,122.6,0
official,test,6471__event_anchor_000,6471,ar6471,6471,5,2016-04-01 15:00:00,72.4,0
official,test,6472__event_anchor_000,6472,ar6472,6472,5,2016-04-01 23:48:00,204.2,0
official,test,6474__event_anchor_000,6474,ar6474,6474,5,2016-04-02 17:24:00,158.8,0
official,test,6476__event_anchor_000,6476,ar6476,6476,5,2016-04-05 00:24:00,69.0,0
official,test,6477__event_anchor_000,6477,ar6477,6477,5,2016-04-05 13:48:00,31.0,0
official,test,6478__event_anchor_000,6478,ar6478,6478,5,2016-04-05 18:00:00,112.0,0
official,test,6481__event_anchor_000,6481,ar6481,6481,5,2016-04-06 20:36:00,185.8,0
official,test,6483__event_anchor_000,6483,ar6483,6483,5,2016-04-07 11:48:00,252.43333333333334,1
official,test,6483__event_anchor_001,6483,ar6483,6483,5,2016-04-18 04:12:00,58.6,0
official,test,6485__event_anchor_000,6485,ar6485,6485,5,2016-04-08 09:12:00,123.8,0
official,test,6487__event_anchor_000,6487,ar6487,6487,5,2016-04-09 03:24:00,184.0,0
official,test,6489__event_anchor_000,6489,ar6489,6489,5,2016-04-10 18:24:00,114.2,0
official,test,6490__event_anchor_000,6490,ar6490,6490,5,2016-04-11 22:12:00,84.6,0
official,test,6492__event_anchor_000,6492,ar6492,6492,5,2016-04-12 21:48:00,241.4,0
official,test,6493__event_anchor_000,6493,ar6493,6493,5,2016-04-13 04:00:00,33.6,0
official,test,6494__event_anchor_000,6494,ar6494,6494,5,2016-04-13 23:12:00,57.4,0
official,test,6495__event_anchor_000,6495,ar6495,6495,5,2016-04-14 03:36:00,12.8,0
official,test,6496__event_anchor_000,6496,ar6496,6496,5,2016-04-14 05:36:00,161.8,0
official,test,6497__event_anchor_000,6497,ar6497,6497,5,2016-04-14 15:48:00,2.4,0
official,test,6498__event_anchor_000,6498,ar6498,6498,5,2016-04-15 00:12:00,37.2,0
official,test,6499__event_anchor_000,6499,ar6499,6499,5,2016-04-15 10:12:00,161.2,0
official,test,6500__event_anchor_000,6500,ar6500,6500,5,2016-04-15 11:24:00,306.2,0
official,test,6501__event_anchor_000,6501,ar6501,6501,5,2016-04-16 09:12:00,28.6,0
official,test,6505__event_anchor_000,6505,ar6505,6505,5,2016-04-19 23:12:00,307.4,0
official,test,6506__event_anchor_000,6506,ar6506,6506,5,2016-04-20 08:24:00,110.4,0
official,test,6507__event_anchor_000,6507,ar6507,6507,5,2016-04-24 07:00:00,270.8,0
official,test,6508__event_anchor_000,6508,ar6508,6508,5,2016-04-24 08:00:00,144.6,0
official,test,6509__event_anchor_000,6509,ar6509,6509,5,2016-04-24 12:00:00,10.2,0
official,test,6510__event_anchor_000,6510,ar6510,6510,5,2016-04-24 16:12:00,219.0,0
official,test,6512__event_anchor_000,6512,ar6512,6512,5,2016-04-25 00:12:00,105.4,0
official,test,6513__event_anchor_000,6513,ar6513,6513,5,2016-04-25 01:12:00,11.6,0
official,test,6514__event_anchor_000,6514,ar6514,6514,5,2016-04-25 09:00:00,4.4,0
official,test,6515__event_anchor_000,6515,ar6515,6515,5,2016-04-25 12:48:00,286.4,0
official,test,6517__event_anchor_000,6517,ar6517,6517,5,2016-04-26 06:00:00,172.2,0
official,test,6518__event_anchor_000,6518,ar6518,6518,5,2016-04-26 06:36:00,107.6,0
official,test,6522__event_anchor_000,6522,ar6522,6522,5,2016-04-26 14:12:00,149.2,0
official,test,6523__event_anchor_000,6523,ar6523,6523,5,2016-04-27 16:00:00,269.2,0
official,test,6528__event_anchor_000,6528,ar6528,6528,5,2016-04-28 19:24:00,56.0,0
official,test,6530__event_anchor_000,6530,ar6530,6530,5,2016-04-29 19:24:00,172.0,0
official,test,6532__event_anchor_000,6532,ar6532,6532,5,2016-05-01 20:48:00,263.8,0
official,test,6533__event_anchor_000,6533,ar6533,6533,5,2016-05-02 00:00:00,17.6,0
official,test,6534__event_anchor_000,6534,ar6534,6534,5,2016-05-02 09:48:00,9.0,0
official,test,6536__event_anchor_000,6536,ar6536,6536,5,2016-05-02 21:12:00,157.6,0
official,test,6537__event_anchor_000,6537,ar6537,6537,5,2016-05-03 22:48:00,309.4,0
official,test,6538__event_anchor_000,6538,ar6538,6538,5,2016-05-04 23:36:00,48.4,0
official,test,6539__event_anchor_000,6539,ar6539,6539,5,2016-05-05 17:00:00,3.2,0
official,test,6544__event_anchor_000,6544,ar6544,6544,5,2016-05-07 20:48:00,213.2,0
official,test,6545__event_anchor_000,6545,ar6545,6545,5,2016-05-07 22:24:00,230.2,0
official,test,6549__event_anchor_000,6549,ar6549,6549,5,2016-05-08 23:12:00,0.8,0
official,test,6550__event_anchor_000,6550,ar6550,6550,5,2016-05-09 06:12:00,289.6,0
official,test,6555__event_anchor_000,6555,ar6555,6555,5,2016-05-13 14:36:00,201.2,0
official,test,6556__event_anchor_000,6556,ar6556,6556,5,2016-05-13 17:36:00,217.2,0
official,test,6557__event_anchor_000,6557,ar6557,6557,5,2016-05-13 20:24:00,68.0,0
official,test,6558__event_anchor_000,6558,ar6558,6558,5,2016-05-13 23:24:00,316.0,0
official,test,6560__event_anchor_000,6560,ar6560,6560,5,2016-05-14 22:36:00,174.8,0
official,test,6561__event_anchor_000,6561,ar6561,6561,5,2016-05-16 21:36:00,0.8,0
official,test,6564__event_anchor_000,6564,ar6564,6564,5,2016-05-17 14:00:00,43.4,0
official,test,6566__event_anchor_000,6566,ar6566,6566,5,2016-05-19 04:12:00,276.8,0
official,test,6570__event_anchor_000,6570,ar6570,6570,5,2016-05-20 09:12:00,152.8,0
official,test,6574__event_anchor_000,6574,ar6574,6574,5,2016-05-23 06:48:00,190.6,0
official,test,6576__event_anchor_000,6576,ar6576,6576,5,2016-05-23 12:00:00,261.0,0
official,test,6580__event_anchor_000,6580,ar6580,6580,5,2016-05-26 08:00:00,183.6,0
official,test,6582__event_anchor_000,6582,ar6582,6582,5,2016-05-26 15:36:00,163.8,0
official,test,6583__event_anchor_000,6583,ar6583,6583,5,2016-05-26 18:24:00,46.8,0
official,test,6584__event_anchor_000,6584,ar6584,6584,5,2016-05-26 19:24:00,23.4,0
official,test,6585__event_anchor_000,6585,ar6585,6585,5,2016-05-27 01:36:00,181.6,0
official,test,6587__event_anchor_000,6587,ar6587,6587,5,2016-05-27 09:36:00,38.8,0
official,test,6589__event_anchor_000,6589,ar6589,6589,5,2016-05-28 14:00:00,101.0,0
official,test,6590__event_anchor_000,6590,ar6590,6590,5,2016-05-28 21:36:00,15.0,0
official,test,6591__event_anchor_000,6591,ar6591,6591,5,2016-05-30 03:24:00,97.4,0
official,test,6592__event_anchor_000,6592,ar6592,6592,5,2016-05-30 07:12:00,91.6,0
official,test,6593__event_anchor_000,6593,ar6593,6593,5,2016-05-30 12:48:00,164.2,0
official,test,6594__event_anchor_000,6594,ar6594,6594,5,2016-05-30 21:48:00,192.8,0
official,test,6597__event_anchor_000,6597,ar6597,6597,5,2016-06-01 06:00:00,40.2,0
official,test,6598__event_anchor_000,6598,ar6598,6598,5,2016-06-01 13:48:00,187.4,0
official,test,6599__event_anchor_000,6599,ar6599,6599,5,2016-06-01 17:12:00,270.0,0
official,test,6601__event_anchor_000,6601,ar6601,6601,5,2016-06-03 05:12:00,187.6,0
official,test,6603__event_anchor_000,6603,ar6603,6603,5,2016-06-03 12:24:00,210.6,0
official,test,6604__event_anchor_000,6604,ar6604,6604,5,2016-06-03 16:36:00,141.2,0
official,test,6605__event_anchor_000,6605,ar6605,6605,5,2016-06-03 18:00:00,158.2,0
official,test,6607__event_anchor_000,6607,ar6607,6607,5,2016-06-04 00:36:00,218.2,0
official,test,6609__event_anchor_000,6609,ar6609,6609,5,2016-06-07 09:36:00,8.2,0
official,test,6610__event_anchor_000,6610,ar6610,6610,5,2016-06-09 05:24:00,38.6,0
official,test,6613__event_anchor_000,6613,ar6613,6613,5,2016-06-09 21:48:00,313.4,0
official,test,6614__event_anchor_000,6614,ar6614,6614,5,2016-06-09 23:00:00,175.4,0
official,test,6615__event_anchor_000,6615,ar6615,6615,5,2016-06-11 05:12:00,116.0,0
official,test,6616__event_anchor_000,6616,ar6616,6616,5,2016-06-11 14:36:00,80.0,0
official,test,6617__event_anchor_000,6617,ar6617,6617,5,2016-06-11 20:36:00,280.8,0
official,test,6619__event_anchor_000,6619,ar6619,6619,5,2016-06-12 03:36:00,75.4,0
official,test,6620__event_anchor_000,6620,ar6620,6620,5,2016-06-12 11:48:00,217.8,0
official,test,6621__event_anchor_000,6621,ar6621,6621,5,2016-06-12 22:12:00,102.0,0
official,test,6622__event_anchor_000,6622,ar6622,6622,5,2016-06-13 22:12:00,184.6,0
official,test,6626__event_anchor_000,6626,ar6626,6626,5,2016-06-14 22:36:00,100.0,0
official,test,6627__event_anchor_000,6627,ar6627,6627,5,2016-06-16 17:24:00,167.2,0
official,test,6629__event_anchor_000,6629,ar6629,6629,5,2016-06-16 21:00:00,174.4,0
official,test,6631__event_anchor_000,6631,ar6631,6631,5,2016-06-17 00:36:00,90.6,0
official,test,6632__event_anchor_000,6632,ar6632,6632,5,2016-06-17 00:48:00,258.6,0
official,test,6633__event_anchor_000,6633,ar6633,6633,5,2016-06-17 13:36:00,23.4,0
official,test,6634__event_anchor_000,6634,ar6634,6634,5,2016-06-17 22:24:00,151.8,0
official,test,6635__event_anchor_000,6635,ar6635,6635,5,2016-06-18 12:12:00,152.0,0
official,test,6641__event_anchor_000,6641,ar6641,6641,5,2016-06-24 00:12:00,221.6,0
official,test,6643__event_anchor_000,6643,ar6643,6643,5,2016-06-24 23:12:00,2.6,0
official,test,6646__event_anchor_000,6646,ar6646,6646,5,2016-06-27 08:00:00,11.8,0
official,test,6648__event_anchor_000,6648,ar6648,6648,5,2016-06-28 02:00:00,223.4,0
official,test,6649__event_anchor_000,6649,ar6649,6649,5,2016-06-28 11:00:00,36.6,0
official,test,6652__event_anchor_000,6652,ar6652,6652,5,2016-06-30 10:00:00,18.2,0
official,test,6653__event_anchor_000,6653,ar6653,6653,5,2016-07-02 09:48:00,164.4,0
official,test,6654__event_anchor_000,6654,ar6654,6654,5,2016-07-03 13:48:00,109.0,0
official,test,6655__event_anchor_000,6655,ar6655,6655,5,2016-07-03 13:48:00,56.4,0
official,test,6656__event_anchor_000,6656,ar6656,6656,5,2016-07-03 21:24:00,35.2,0
official,test,6657__event_anchor_000,6657,ar6657,6657,5,2016-07-04 02:24:00,259.8,0
official,test,6658__event_anchor_000,6658,ar6658,6658,5,2016-07-04 12:24:00,36.6,0
official,test,6659__event_anchor_000,6659,ar6659,6659,5,2016-07-05 13:24:00,4.6,0
official,test,6661__event_anchor_000,6661,ar6661,6661,5,2016-07-06 12:36:00,72.6,0
official,test,6662__event_anchor_000,6662,ar6662,6662,5,2016-07-07 04:24:00,277.4,0
official,test,6663__event_anchor_000,6663,ar6663,6663,5,2016-07-07 10:36:00,80.0,0
official,test,6664__event_anchor_000,6664,ar6664,6664,5,2016-07-07 15:00:00,270.6,0
official,test,6666__event_anchor_000,6666,ar6666,6666,5,2016-07-08 07:48:00,296.8,0
official,test,6667__event_anchor_000,6667,ar6667,6667,5,2016-07-08 11:48:00,40.6,0
official,test,6670__event_anchor_000,6670,ar6670,6670,5,2016-07-11 00:36:00,240.1,1
official,test,6670__event_anchor_001,6670,ar6670,6670,5,2016-07-21 04:36:00,45.166666666666664,1
official,test,6670__event_anchor_002,6670,ar6670,6670,5,2016-07-23 05:36:00,24.55,1
official,test,6670__event_anchor_003,6670,ar6670,6670,5,2016-07-24 10:00:00,7.5,1
official,test,6670__event_anchor_004,6670,ar6670,6670,5,2016-07-24 21:24:00,1.6,0
official,test,6672__event_anchor_000,6672,ar6672,6672,5,2016-07-11 13:24:00,21.8,0
official,test,6674__event_anchor_000,6674,ar6674,6674,5,2016-07-12 20:36:00,43.0,0
official,test,6675__event_anchor_000,6675,ar6675,6675,5,2016-07-12 23:12:00,76.0,0
official,test,6676__event_anchor_000,6676,ar6676,6676,5,2016-07-13 03:24:00,173.2,0
official,test,6677__event_anchor_000,6677,ar6677,6677,5,2016-07-13 05:36:00,45.0,0
official,test,6678__event_anchor_000,6678,ar6678,6678,5,2016-07-13 14:12:00,11.0,0
official,test,6679__event_anchor_000,6679,ar6679,6679,5,2016-07-13 19:48:00,142.2,0
official,test,6680__event_anchor_000,6680,ar6680,6680,5,2016-07-13 20:00:00,180.0,0
official,test,6681__event_anchor_000,6681,ar6681,6681,5,2016-07-14 16:24:00,155.6,0
official,test,6683__event_anchor_000,6683,ar6683,6683,5,2016-07-16 19:24:00,219.8,0
official,test,6684__event_anchor_000,6684,ar6684,6684,5,2016-07-17 09:48:00,63.0,0
official,test,6686__event_anchor_000,6686,ar6686,6686,5,2016-07-25 11:36:00,191.4,0
official,test,6687__event_anchor_000,6687,ar6687,6687,5,2016-07-26 09:00:00,209.2,0
official,test,6688__event_anchor_000,6688,ar6688,6688,5,2016-07-28 07:12:00,213.8,0
official,test,6689__event_anchor_000,6689,ar6689,6689,5,2016-07-29 11:00:00,95.4,0
official,test,6690__event_anchor_000,6690,ar6690,6690,5,2016-07-31 07:24:00,105.2,0
official,test,6692__event_anchor_000,6692,ar6692,6692,5,2016-08-04 06:00:00,207.0,0
official,test,6693__event_anchor_000,6693,ar6693,6693,5,2016-08-04 12:24:00,111.4,0
official,test,6694__event_anchor_000,6694,ar6694,6694,5,2016-08-05 21:12:00,184.2,0
official,test,6695__event_anchor_000,6695,ar6695,6695,5,2016-08-05 21:36:00,225.6,0
official,test,6697__event_anchor_000,6697,ar6697,6697,5,2016-08-06 14:12:00,211.6,0
official,test,6698__event_anchor_000,6698,ar6698,6698,5,2016-08-07 03:12:00,0.6,0
official,test,6699__event_anchor_000,6699,ar6699,6699,5,2016-08-07 04:00:00,314.8,0
official,test,6703__event_anchor_000,6703,ar6703,6703,5,2016-08-08 10:36:00,299.2,0
official,test,6708__event_anchor_000,6708,ar6708,6708,5,2016-08-12 18:36:00,148.2,0
official,test,6711__event_anchor_000,6711,ar6711,6711,5,2016-08-14 21:48:00,257.0,0
official,test,6714__event_anchor_000,6714,ar6714,6714,5,2016-08-20 02:24:00,0.2,0
official,test,6715__event_anchor_000,6715,ar6715,6715,5,2016-08-21 10:00:00,289.2,0
official,test,6716__event_anchor_000,6716,ar6716,6716,5,2016-08-22 05:36:00,236.2,0
official,test,6722__event_anchor_000,6722,ar6722,6722,5,2016-08-24 17:36:00,242.4,0
official,test,6723__event_anchor_000,6723,ar6723,6723,5,2016-08-25 17:36:00,40.0,0
official,test,6726__event_anchor_000,6726,ar6726,6726,5,2016-08-27 09:36:00,149.8,0
official,test,6728__event_anchor_000,6728,ar6728,6728,5,2016-08-29 12:48:00,267.6,0
official,test,6729__event_anchor_000,6729,ar6729,6729,5,2016-08-29 13:00:00,144.4,0
official,test,6731__event_anchor_000,6731,ar6731,6731,5,2016-08-30 13:36:00,328.0,0
official,test,6732__event_anchor_000,6732,ar6732,6732,5,2016-09-01 04:12:00,152.8,0
official,test,6736__event_anchor_000,6736,ar6736,6736,5,2016-09-05 18:36:00,18.4,0
official,test,6737__event_anchor_000,6737,ar6737,6737,5,2016-09-05 19:12:00,241.8,0
official,test,6739__event_anchor_000,6739,ar6739,6739,5,2016-09-06 08:36:00,205.4,0
official,test,6743__event_anchor_000,6743,ar6743,6743,5,2016-09-07 09:24:00,78.8,0
official,test,6745__event_anchor_000,6745,ar6745,6745,5,2016-09-07 13:36:00,228.2,0
official,test,6746__event_anchor_000,6746,ar6746,6746,5,2016-09-07 16:36:00,4.2,0
official,test,6748__event_anchor_000,6748,ar6748,6748,5,2016-09-08 06:48:00,37.2,0
official,test,6750__event_anchor_000,6750,ar6750,6750,5,2016-09-08 16:36:00,74.8,0
official,test,6751__event_anchor_000,6751,ar6751,6751,5,2016-09-08 19:12:00,80.8,0
official,test,6752__event_anchor_000,6752,ar6752,6752,5,2016-09-08 22:12:00,147.2,0
official,test,6753__event_anchor_000,6753,ar6753,6753,5,2016-09-11 02:36:00,20.6,0
official,test,6754__event_anchor_000,6754,ar6754,6754,5,2016-09-11 16:36:00,259.6,0
official,test,6756__event_anchor_000,6756,ar6756,6756,5,2016-09-12 12:36:00,33.8,0
official,test,6759__event_anchor_000,6759,ar6759,6759,5,2016-09-14 20:12:00,270.6,0
official,test,6761__event_anchor_000,6761,ar6761,6761,5,2016-09-17 01:36:00,41.6,0
official,test,6762__event_anchor_000,6762,ar6762,6762,5,2016-09-17 03:36:00,19.2,0
official,test,6764__event_anchor_000,6764,ar6764,6764,5,2016-09-18 07:48:00,177.6,0
official,test,6769__event_anchor_000,6769,ar6769,6769,5,2016-09-19 04:48:00,276.0,0
official,test,6770__event_anchor_000,6770,ar6770,6770,5,2016-09-20 07:48:00,135.2,0
official,test,6774__event_anchor_000,6774,ar6774,6774,5,2016-09-22 05:36:00,63.6,0
official,test,6777__event_anchor_000,6777,ar6777,6777,5,2016-09-25 21:36:00,8.0,0
official,test,6779__event_anchor_000,6779,ar6779,6779,5,2016-09-26 18:00:00,169.6,0
official,test,6780__event_anchor_000,6780,ar6780,6780,5,2016-09-27 19:36:00,235.6,0
official,test,6781__event_anchor_000,6781,ar6781,6781,5,2016-09-28 01:24:00,119.0,0
official,test,6783__event_anchor_000,6783,ar6783,6783,5,2016-09-29 13:00:00,27.8,0
official,test,6784__event_anchor_000,6784,ar6784,6784,5,2016-09-29 16:36:00,91.2,0
official,test,6785__event_anchor_000,6785,ar6785,6785,5,2016-09-29 20:12:00,158.0,0
official,test,6789__event_anchor_000,6789,ar6789,6789,5,2016-10-01 22:00:00,279.0,0
official,test,6794__event_anchor_000,6794,ar6794,6794,5,2016-10-02 23:00:00,315.2,0
official,test,6796__event_anchor_000,6796,ar6796,6796,5,2016-10-03 22:48:00,147.4,0
official,test,6798__event_anchor_000,6798,ar6798,6798,5,2016-10-06 02:00:00,313.6,0
official,test,6800__event_anchor_000,6800,ar6800,6800,5,2016-10-06 17:24:00,9.8,0
official,test,6803__event_anchor_000,6803,ar6803,6803,5,2016-10-11 05:36:00,298.4,0
official,test,6804__event_anchor_000,6804,ar6804,6804,5,2016-10-11 08:24:00,225.4,0
official,test,6806__event_anchor_000,6806,ar6806,6806,5,2016-10-12 21:24:00,225.0,0
official,test,6810__event_anchor_000,6810,ar6810,6810,5,2016-10-16 16:00:00,193.8,0
official,test,6811__event_anchor_000,6811,ar6811,6811,5,2016-10-16 19:00:00,61.2,0
official,test,6813__event_anchor_000,6813,ar6813,6813,5,2016-10-17 13:36:00,83.6,0
official,test,6815__event_anchor_000,6815,ar6815,6815,5,2016-10-19 06:12:00,232.0,0
official,test,6816__event_anchor_000,6816,ar6816,6816,5,2016-10-21 04:24:00,15.8,0
official,test,6817__event_anchor_000,6817,ar6817,6817,5,2016-10-24 00:24:00,44.0,0
official,test,6820__event_anchor_000,6820,ar6820,6820,5,2016-10-26 01:12:00,163.0,0
official,test,6821__event_anchor_000,6821,ar6821,6821,5,2016-10-27 00:12:00,123.2,0
official,test,6822__event_anchor_000,6822,ar6822,6822,5,2016-10-27 09:48:00,51.6,0
official,test,6823__event_anchor_000,6823,ar6823,6823,5,2016-10-28 22:24:00,65.6,0
official,test,6824__event_anchor_000,6824,ar6824,6824,5,2016-10-30 00:36:00,238.2,0
official,test,6825__event_anchor_000,6825,ar6825,6825,5,2016-10-30 01:48:00,34.6,0
official,test,6826__event_anchor_000,6826,ar6826,6826,5,2016-10-30 11:24:00,175.0,0
official,test,6828__event_anchor_000,6828,ar6828,6828,5,2016-10-31 15:36:00,95.2,0
official,test,6829__event_anchor_000,6829,ar6829,6829,5,2016-11-01 01:00:00,272.2,0
official,test,6831__event_anchor_000,6831,ar6831,6831,5,2016-11-02 18:48:00,210.4,0
official,test,6832__event_anchor_000,6832,ar6832,6832,5,2016-11-02 23:48:00,125.4,0
official,test,6833__event_anchor_000,6833,ar6833,6833,5,2016-11-03 00:24:00,121.2,0
official,test,6835__event_anchor_000,6835,ar6835,6835,5,2016-11-03 18:24:00,163.0,0
official,test,6836__event_anchor_000,6836,ar6836,6836,5,2016-11-05 19:24:00,90.8,0
official,test,6837__event_anchor_000,6837,ar6837,6837,5,2016-11-07 20:12:00,185.4,0
official,test,6838__event_anchor_000,6838,ar6838,6838,5,2016-11-09 20:00:00,252.2,0
official,test,6839__event_anchor_000,6839,ar6839,6839,5,2016-11-10 01:48:00,70.0,0
official,test,6840__event_anchor_000,6840,ar6840,6840,5,2016-11-11 19:48:00,37.4,0
official,test,6841__event_anchor_000,6841,ar6841,6841,5,2016-11-12 05:36:00,124.2,0
official,test,6842__event_anchor_000,6842,ar6842,6842,5,2016-11-12 18:48:00,105.0,0
official,test,6843__event_anchor_000,6843,ar6843,6843,5,2016-11-13 12:24:00,179.6,0
official,test,6845__event_anchor_000,6845,ar6845,6845,5,2016-11-14 09:24:00,208.6,0
official,test,6846__event_anchor_000,6846,ar6846,6846,5,2016-11-15 23:24:00,254.8,0
official,test,6847__event_anchor_000,6847,ar6847,6847,5,2016-11-16 14:12:00,166.0,0
official,test,6857__event_anchor_000,6857,ar6857,6857,5,2016-11-18 16:12:00,164.0,0
official,test,6860__event_anchor_000,6860,ar6860,6860,5,2016-11-20 09:36:00,27.8,0
official,test,6863__event_anchor_000,6863,ar6863,6863,5,2016-11-22 18:36:00,310.8,0
official,test,6865__event_anchor_000,6865,ar6865,6865,5,2016-11-26 00:24:00,54.6,0
official,test,6866__event_anchor_000,6866,ar6866,6866,5,2016-11-27 01:00:00,60.0,0
official,test,6867__event_anchor_000,6867,ar6867,6867,5,2016-11-27 18:48:00,28.8,0
official,test,6868__event_anchor_000,6868,ar6868,6868,5,2016-11-28 06:36:00,182.4,0
official,test,6869__event_anchor_000,6869,ar6869,6869,5,2016-11-28 10:12:00,169.2,0
official,test,6870__event_anchor_000,6870,ar6870,6870,5,2016-11-28 18:12:00,23.116666666666667,1
official,test,6870__event_anchor_001,6870,ar6870,6870,5,2016-11-29 21:12:00,2.283333333333333,1
official,test,6870__event_anchor_002,6870,ar6870,6870,5,2016-11-30 03:24:00,236.6,0
official,test,6873__event_anchor_000,6873,ar6873,6873,5,2016-11-29 17:24:00,87.0,0
official,test,6874__event_anchor_000,6874,ar6874,6874,5,2016-11-29 20:36:00,103.8,0
official,test,6875__event_anchor_000,6875,ar6875,6875,5,2016-12-02 05:24:00,17.8,0
official,test,6877__event_anchor_000,6877,ar6877,6877,5,2016-12-05 13:00:00,49.4,0
official,test,6878__event_anchor_000,6878,ar6878,6878,5,2016-12-06 11:12:00,11.4,0
official,test,6879__event_anchor_000,6879,ar6879,6879,5,2016-12-11 16:12:00,5.6,0
official,test,6880__event_anchor_000,6880,ar6880,6880,5,2016-12-11 17:12:00,4.0,0
official,test,6881__event_anchor_000,6881,ar6881,6881,5,2016-12-11 17:48:00,80.4,0
official,test,6882__event_anchor_000,6882,ar6882,6882,5,2016-12-13 13:48:00,66.8,0
official,test,6884__event_anchor_000,6884,ar6884,6884,5,2016-12-14 11:00:00,183.6,0
official,test,6885__event_anchor_000,6885,ar6885,6885,5,2016-12-14 19:12:00,77.2,0
official,test,6886__event_anchor_000,6886,ar6886,6886,5,2016-12-15 15:00:00,17.0,0
official,test,6887__event_anchor_000,6887,ar6887,6887,5,2016-12-17 10:36:00,56.4,0
official,test,6888__event_anchor_000,6888,ar6888,6888,5,2016-12-17 12:00:00,134.0,0
official,test,6889__event_anchor_000,6889,ar6889,6889,5,2016-12-18 07:48:00,126.0,0
official,test,6890__event_anchor_000,6890,ar6890,6890,5,2016-12-19 10:00:00,143.6,0
official,test,6892__event_anchor_000,6892,ar6892,6892,5,2016-12-19 22:12:00,99.0,0
official,test,6893__event_anchor_000,6893,ar6893,6893,5,2016-12-22 06:00:00,205.4,0
official,test,6894__event_anchor_000,6894,ar6894,6894,5,2016-12-25 17:48:00,205.0,0
official,test,6895__event_anchor_000,6895,ar6895,6895,5,2016-12-26 11:48:00,81.2,0
official,test,6897__event_anchor_000,6897,ar6897,6897,5,2016-12-27 12:36:00,106.8,0
official,test,6898__event_anchor_000,6898,ar6898,6898,5,2016-12-27 21:12:00,186.4,0
official,test,6899__event_anchor_000,6899,ar6899,6899,5,2016-12-30 03:00:00,144.6,0
official,test,6900__event_anchor_000,6900,ar6900,6900,5,2016-12-30 12:12:00,37.4,0
official,test,6901__event_anchor_000,6901,ar6901,6901,5,2016-12-31 15:00:00,28.8,0
official,test,6902__event_anchor_000,6902,ar6902,6902,5,2017-01-01 01:36:00,251.0,0
official,test,6906__event_anchor_000,6906,ar6906,6906,5,2017-01-04 21:12:00,7.2,0
official,test,6907__event_anchor_000,6907,ar6907,6907,5,2017-01-08 21:24:00,0.2,0
official,test,6909__event_anchor_000,6909,ar6909,6909,5,2017-01-11 12:12:00,37.8,0
official,test,6910__event_anchor_000,6910,ar6910,6910,5,2017-01-12 01:36:00,305.6,0
official,test,6913__event_anchor_000,6913,ar6913,6913,5,2017-01-14 19:24:00,83.4,0
official,test,6915__event_anchor_000,6915,ar6915,6915,5,2017-01-15 10:12:00,190.4,0
official,test,6916__event_anchor_000,6916,ar6916,6916,5,2017-01-15 12:48:00,102.6,0
official,test,6920__event_anchor_000,6920,ar6920,6920,5,2017-01-19 12:48:00,260.8,0
official,test,6921__event_anchor_000,6921,ar6921,6921,5,2017-01-19 16:48:00,66.4,0
official,test,6922__event_anchor_000,6922,ar6922,6922,5,2017-01-19 16:48:00,215.8,0
official,test,6925__event_anchor_000,6925,ar6925,6925,5,2017-01-22 16:12:00,12.6,0
official,test,6927__event_anchor_000,6927,ar6927,6927,5,2017-01-23 15:12:00,117.4,0
official,test,6928__event_anchor_000,6928,ar6928,6928,5,2017-01-24 07:36:00,3.8,0
official,test,6929__event_anchor_000,6929,ar6929,6929,5,2017-01-24 12:36:00,23.2,0
official,test,6930__event_anchor_000,6930,ar6930,6930,5,2017-01-24 15:36:00,263.2,0
official,test,6934__event_anchor_000,6934,ar6934,6934,5,2017-01-26 11:36:00,24.4,0
official,test,6936__event_anchor_000,6936,ar6936,6936,5,2017-01-28 10:48:00,110.4,0
official,test,6937__event_anchor_000,6937,ar6937,6937,5,2017-01-29 05:36:00,195.6,0
official,test,6938__event_anchor_000,6938,ar6938,6938,5,2017-01-30 12:24:00,129.6,0
official,test,6939__event_anchor_000,6939,ar6939,6939,5,2017-01-30 13:36:00,148.0,0
official,test,6941__event_anchor_000,6941,ar6941,6941,5,2017-01-31 18:24:00,8.4,0
official,test,6942__event_anchor_000,6942,ar6942,6942,5,2017-02-01 18:24:00,52.4,0
official,test,6945__event_anchor_000,6945,ar6945,6945,5,2017-02-04 21:00:00,21.8,0
official,test,6946__event_anchor_000,6946,ar6946,6946,5,2017-02-05 16:12:00,240.8,0
official,test,6948__event_anchor_000,6948,ar6948,6948,5,2017-02-08 12:24:00,7.6,0
official,test,6949__event_anchor_000,6949,ar6949,6949,5,2017-02-08 20:00:00,172.0,0
official,test,6950__event_anchor_000,6950,ar6950,6950,5,2017-02-15 02:00:00,236.2,0
official,test,6951__event_anchor_000,6951,ar6951,6951,5,2017-02-18 06:48:00,255.8,0
official,test,6952__event_anchor_000,6952,ar6952,6952,5,2017-02-19 07:24:00,309.0,0
official,test,6955__event_anchor_000,6955,ar6955,6955,5,2017-02-23 07:12:00,154.4,0
official,test,6956__event_anchor_000,6956,ar6956,6956,5,2017-02-23 15:00:00,6.4,0
official,test,6957__event_anchor_000,6957,ar6957,6957,5,2017-02-23 23:24:00,222.8,0
official,test,6958__event_anchor_000,6958,ar6958,6958,5,2017-02-24 09:24:00,85.8,0
official,test,6961__event_anchor_000,6961,ar6961,6961,5,2017-02-27 06:00:00,229.4,0
official,test,6962__event_anchor_000,6962,ar6962,6962,5,2017-02-27 16:48:00,24.4,0
official,test,6964__event_anchor_000,6964,ar6964,6964,5,2017-03-02 16:24:00,198.6,0
official,test,6966__event_anchor_000,6966,ar6966,6966,5,2017-03-16 02:48:00,115.8,0
official,test,6967__event_anchor_000,6967,ar6967,6967,5,2017-03-21 00:12:00,243.0,0
official,test,6968__event_anchor_000,6968,ar6968,6968,5,2017-03-21 09:48:00,143.6,0
official,test,6971__event_anchor_000,6971,ar6971,6971,5,2017-03-24 14:48:00,28.2,0
official,test,6972__event_anchor_000,6972,ar6972,6972,5,2017-03-25 04:12:00,185.38333333333333,1
official,test,6972__event_anchor_001,6972,ar6972,6972,5,2017-04-02 01:24:00,6.433333333333334,1
official,test,6972__event_anchor_002,6972,ar6972,6972,5,2017-04-02 11:48:00,1.0666666666666667,1
official,test,6972__event_anchor_003,6972,ar6972,6972,5,2017-04-02 16:48:00,1.5,1
official,test,6972__event_anchor_004,6972,ar6972,6972,5,2017-04-02 22:12:00,2.7333333333333334,1
official,test,6972__event_anchor_005,6972,ar6972,6972,5,2017-04-03 04:48:00,9.516666666666667,1
official,test,6972__event_anchor_006,6972,ar6972,6972,5,2017-04-03 18:12:00,30.8,0
official,test,6973__event_anchor_000,6973,ar6973,6973,5,2017-03-25 22:48:00,42.6,0
official,test,6974__event_anchor_000,6974,ar6974,6974,5,2017-03-26 00:12:00,99.4,0
official,test,6975__event_anchor_000,6975,ar6975,6975,5,2017-03-27 07:00:00,286.0,0
official,test,6976__event_anchor_000,6976,ar6976,6976,5,2017-03-29 00:48:00,190.6,0
official,test,6979__event_anchor_000,6979,ar6979,6979,5,2017-03-30 21:00:00,1.2,0
official,test,6980__event_anchor_000,6980,ar6980,6980,5,2017-03-31 07:48:00,115.6,0
official,test,6981__event_anchor_000,6981,ar6981,6981,5,2017-03-31 13:24:00,92.0,0
official,test,6982__event_anchor_000,6982,ar6982,6982,5,2017-04-01 12:12:00,265.6,0
official,test,6983__event_anchor_000,6983,ar6983,6983,5,2017-04-09 01:36:00,267.6,0
official,test,6986__event_anchor_000,6986,ar6986,6986,5,2017-04-17 23:12:00,311.0,0
official,test,6988__event_anchor_000,6988,ar6988,6988,5,2017-04-18 00:12:00,217.6,0
official,test,6990__event_anchor_000,6990,ar6990,6990,5,2017-04-18 08:12:00,39.2,0
official,test,6994__event_anchor_000,6994,ar6994,6994,5,2017-04-21 03:36:00,296.8,0
official,test,6998__event_anchor_000,6998,ar6998,6998,5,2017-04-25 09:24:00,8.2,0
official,test,6999__event_anchor_000,6999,ar6999,6999,5,2017-04-26 20:24:00,299.4,0
official,test,7001__event_anchor_000,7001,ar7001,7001,5,2017-04-30 09:24:00,6.6,0
official,test,7003__event_anchor_000,7003,ar7003,7003,5,2017-05-04 15:00:00,183.8,0
official,test,7008__event_anchor_000,7008,ar7008,7008,5,2017-05-12 09:36:00,9.4,0
official,test,7010__event_anchor_000,7010,ar7010,7010,5,2017-05-13 05:48:00,197.0,0
official,test,7013__event_anchor_000,7013,ar7013,7013,5,2017-05-15 13:24:00,230.2,0
official,test,7015__event_anchor_000,7015,ar7015,7015,5,2017-05-17 12:12:00,217.8,0
official,test,7016__event_anchor_000,7016,ar7016,7016,5,2017-05-18 14:36:00,195.4,0
official,test,7020__event_anchor_000,7020,ar7020,7020,5,2017-05-20 15:00:00,198.4,0
official,test,7021__event_anchor_000,7021,ar7021,7021,5,2017-05-20 19:12:00,205.0,0
official,test,7022__event_anchor_000,7022,ar7022,7022,5,2017-05-21 09:24:00,214.4,0
official,test,7025__event_anchor_000,7025,ar7025,7025,5,2017-05-23 09:12:00,61.8,0
official,test,7026__event_anchor_000,7026,ar7026,7026,5,2017-05-23 19:12:00,45.4,0
official,test,7028__event_anchor_000,7028,ar7028,7028,5,2017-05-24 18:00:00,2.8,0
official,test,7030__event_anchor_000,7030,ar7030,7030,5,2017-05-25 23:48:00,259.8,0
official,test,7031__event_anchor_000,7031,ar7031,7031,5,2017-05-26 15:48:00,13.2,0
official,test,7033__event_anchor_000,7033,ar7033,7033,5,2017-05-29 16:48:00,32.2,0
official,test,7034__event_anchor_000,7034,ar7034,7034,5,2017-05-31 17:36:00,280.2,0
official,test,7035__event_anchor_000,7035,ar7035,7035,5,2017-06-03 13:36:00,48.4,0
official,test,7036__event_anchor_000,7036,ar7036,7036,5,2017-06-03 19:24:00,25.2,0
official,test,7037__event_anchor_000,7037,ar7037,7037,5,2017-06-04 02:00:00,204.4,0
official,test,7039__event_anchor_000,7039,ar7039,7039,5,2017-06-05 02:24:00,29.6,0
official,test,7040__event_anchor_000,7040,ar7040,7040,5,2017-06-05 09:48:00,139.2,0
official,test,7043__event_anchor_000,7043,ar7043,7043,5,2017-06-10 18:00:00,19.2,0
official,test,7045__event_anchor_000,7045,ar7045,7045,5,2017-06-12 20:48:00,280.4,0
official,test,7047__event_anchor_000,7047,ar7047,7047,5,2017-06-13 04:36:00,158.2,0
official,test,7050__event_anchor_000,7050,ar7050,7050,5,2017-06-14 20:36:00,172.4,0
official,test,7051__event_anchor_000,7051,ar7051,7051,5,2017-06-14 23:48:00,137.2,0
official,test,7053__event_anchor_000,7053,ar7053,7053,5,2017-06-15 08:12:00,164.2,0
official,test,7054__event_anchor_000,7054,ar7054,7054,5,2017-06-16 23:48:00,4.0,0
official,test,7055__event_anchor_000,7055,ar7055,7055,5,2017-06-17 13:12:00,107.2,0
official,test,7056__event_anchor_000,7056,ar7056,7056,5,2017-06-17 16:12:00,53.4,0
official,test,7058__event_anchor_000,7058,ar7058,7058,5,2017-06-20 06:00:00,312.4,0
official,test,7060__event_anchor_000,7060,ar7060,7060,5,2017-06-23 01:00:00,18.2,0
official,test,7061__event_anchor_000,7061,ar7061,7061,5,2017-06-23 11:24:00,2.2,0
official,test,7063__event_anchor_000,7063,ar7063,7063,5,2017-06-24 09:36:00,3.6,0
official,test,7064__event_anchor_000,7064,ar7064,7064,5,2017-06-24 09:48:00,56.4,0
official,test,7066__event_anchor_000,7066,ar7066,7066,5,2017-06-29 18:00:00,173.2,0
official,test,7067__event_anchor_000,7067,ar7067,7067,5,2017-07-01 09:00:00,99.4,0
official,test,7068__event_anchor_000,7068,ar7068,7068,5,2017-07-02 01:24:00,42.4,0
official,test,7069__event_anchor_000,7069,ar7069,7069,5,2017-07-02 15:12:00,50.0,0
official,test,7070__event_anchor_000,7070,ar7070,7070,5,2017-07-03 12:24:00,85.8,0
official,test,7072__event_anchor_000,7072,ar7072,7072,5,2017-07-03 17:36:00,0.6,0
official,test,7073__event_anchor_000,7073,ar7073,7073,5,2017-07-05 07:36:00,5.2,0
official,test,7074__event_anchor_000,7074,ar7074,7074,5,2017-07-05 09:12:00,75.6,0
official,test,7075__event_anchor_000,7075,ar7075,7075,5,2017-07-05 10:36:00,88.55,1
official,test,7075__event_anchor_001,7075,ar7075,7075,5,2017-07-09 07:00:00,114.11666666666666,1
official,test,7075__event_anchor_002,7075,ar7075,7075,5,2017-07-14 05:00:00,100.8,0
official,test,7078__event_anchor_000,7078,ar7078,7078,5,2017-07-09 07:48:00,133.2,0
official,test,7081__event_anchor_000,7081,ar7081,7081,5,2017-07-11 18:48:00,156.0,0
official,test,7082__event_anchor_000,7082,ar7082,7082,5,2017-07-12 11:36:00,30.0,0
official,test,7083__event_anchor_000,7083,ar7083,7083,5,2017-07-12 14:48:00,82.4,0
official,test,7084__event_anchor_000,7084,ar7084,7084,5,2017-07-13 04:12:00,96.0,0
official,test,7085__event_anchor_000,7085,ar7085,7085,5,2017-07-14 12:12:00,150.2,0
official,test,7088__event_anchor_000,7088,ar7088,7088,5,2017-07-19 10:36:00,204.2,0
official,test,7090__event_anchor_000,7090,ar7090,7090,5,2017-07-20 13:12:00,179.4,0
official,test,7092__event_anchor_000,7092,ar7092,7092,5,2017-07-21 10:36:00,0.8,0
official,test,7094__event_anchor_000,7094,ar7094,7094,5,2017-07-22 16:12:00,24.0,0
official,test,7096__event_anchor_000,7096,ar7096,7096,5,2017-07-23 18:00:00,260.0,0
official,test,7097__event_anchor_000,7097,ar7097,7097,5,2017-07-28 12:24:00,42.2,0
official,test,7099__event_anchor_000,7099,ar7099,7099,5,2017-07-29 19:24:00,27.2,0
official,test,7100__event_anchor_000,7100,ar7100,7100,5,2017-08-01 03:36:00,313.0,0
official,test,7103__event_anchor_000,7103,ar7103,7103,5,2017-08-05 07:00:00,147.2,0
official,test,7105__event_anchor_000,7105,ar7105,7105,5,2017-08-09 11:24:00,32.2,0
official,test,7107__event_anchor_000,7107,ar7107,7107,5,2017-08-14 06:12:00,332.2,0
official,test,7109__event_anchor_000,7109,ar7109,7109,5,2017-08-19 20:00:00,44.2,0
official,test,7110__event_anchor_000,7110,ar7110,7110,5,2017-08-20 01:36:00,315.8,0
official,test,7112__event_anchor_000,7112,ar7112,7112,5,2017-08-22 15:48:00,20.8,0
official,test,7115__event_anchor_000,7115,ar7115,7115,5,2017-08-28 12:48:00,160.8,1
official,test,7115__event_anchor_001,7115,ar7115,7115,5,2017-09-04 09:24:00,5.783333333333333,1
official,test,7115__event_anchor_002,7115,ar7115,7115,5,2017-09-04 19:00:00,0.9833333333333333,1
official,test,7115__event_anchor_003,7115,ar7115,7115,5,2017-09-04 23:48:00,1.25,1
official,test,7115__event_anchor_004,7115,ar7115,7115,5,2017-09-05 05:00:00,1.55,1
official,test,7115__event_anchor_005,7115,ar7115,7115,5,2017-09-05 10:24:00,7.216666666666667,1
official,test,7115__event_anchor_006,7115,ar7115,7115,5,2017-09-05 21:36:00,11.35,1
official,test,7115__event_anchor_007,7115,ar7115,7115,5,2017-09-06 12:48:00,3.05,1
official,test,7115__event_anchor_008,7115,ar7115,7115,5,2017-09-06 19:48:00,3.75,1
official,test,7115__event_anchor_009,7115,ar7115,7115,5,2017-09-07 03:24:00,1.5833333333333333,1
official,test,7115__event_anchor_010,7115,ar7115,7115,5,2017-09-07 08:48:00,1.0166666666666666,1
official,test,7115__event_anchor_011,7115,ar7115,7115,5,2017-09-07 13:48:00,0.5333333333333333,1
official,test,7115__event_anchor_012,7115,ar7115,7115,5,2017-09-07 18:12:00,5.633333333333334,1
official,test,7115__event_anchor_013,7115,ar7115,7115,5,2017-09-08 03:48:00,3.8666666666666667,1
official,test,7115__event_anchor_014,7115,ar7115,7115,5,2017-09-08 11:36:00,3.55,1
official,test,7115__event_anchor_015,7115,ar7115,7115,5,2017-09-08 19:00:00,4.55,1
official,test,7115__event_anchor_016,7115,ar7115,7115,5,2017-09-09 03:24:00,0.8333333333333334,1
official,test,7115__event_anchor_017,7115,ar7115,7115,5,2017-09-09 08:12:00,2.6333333333333333,1
official,test,7115__event_anchor_018,7115,ar7115,7115,5,2017-09-09 14:48:00,7.266666666666667,1
official,test,7115__event_anchor_019,7115,ar7115,7115,5,2017-09-10 02:00:00,9.2,0
official,test,7116__event_anchor_000,7116,ar7116,7116,5,2017-08-29 00:48:00,26.0,0
official,test,7117__event_anchor_000,7117,ar7117,7117,5,2017-08-29 02:36:00,343.2,0
official,test,7118__event_anchor_000,7118,ar7118,7118,5,2017-08-30 01:00:00,169.2,0
official,test,7120__event_anchor_000,7120,ar7120,7120,5,2017-08-31 02:36:00,135.8,0
official,test,7121__event_anchor_000,7121,ar7121,7121,5,2017-09-01 03:00:00,90.4,0
official,test,7122__event_anchor_000,7122,ar7122,7122,5,2017-09-02 06:48:00,261.6,0
official,test,7123__event_anchor_000,7123,ar7123,7123,5,2017-09-02 14:36:00,90.4,0
official,test,7124__event_anchor_000,7124,ar7124,7124,5,2017-09-02 22:24:00,34.2,0
official,test,7125__event_anchor_000,7125,ar7125,7125,5,2017-09-03 13:00:00,61.2,0
official,test,7127__event_anchor_000,7127,ar7127,7127,5,2017-09-05 04:00:00,218.8,0
official,test,7128__event_anchor_000,7128,ar7128,7128,5,2017-09-06 20:12:00,5.0,0
official,test,7129__event_anchor_000,7129,ar7129,7129,5,2017-09-07 05:36:00,7.0,0
official,test,7130__event_anchor_000,7130,ar7130,7130,5,2017-09-09 12:24:00,48.8,0
official,test,7131__event_anchor_000,7131,ar7131,7131,5,2017-09-09 14:00:00,311.6,0
official,test,7134__event_anchor_000,7134,ar7134,7134,5,2017-09-13 00:48:00,203.8,0
official,test,7138__event_anchor_000,7138,ar7138,7138,5,2017-09-16 11:48:00,64.0,0
official,test,7139__event_anchor_000,7139,ar7139,7139,5,2017-09-18 13:48:00,151.8,0
official,test,7140__event_anchor_000,7140,ar7140,7140,5,2017-09-18 18:48:00,180.2,0
official,test,7141__event_anchor_000,7141,ar7141,7141,5,2017-09-19 04:48:00,175.6,0
official,test,7143__event_anchor_000,7143,ar7143,7143,5,2017-09-19 23:36:00,11.6,0
official,test,7144__event_anchor_000,7144,ar7144,7144,5,2017-09-20 04:00:00,302.6,0
official,test,7147__event_anchor_000,7147,ar7147,7147,5,2017-09-24 03:12:00,307.8,0
official,test,7148__event_anchor_000,7148,ar7148,7148,5,2017-09-24 23:36:00,324.8,0
official,test,7153__event_anchor_000,7153,ar7153,7153,5,2017-09-27 00:24:00,33.0,0
official,test,7158__event_anchor_000,7158,ar7158,7158,5,2017-09-29 18:00:00,20.4,0
official,test,7160__event_anchor_000,7160,ar7160,7160,5,2017-10-04 20:00:00,66.8,0
official,test,7161__event_anchor_000,7161,ar7161,7161,5,2017-10-09 16:48:00,190.4,0
official,test,7163__event_anchor_000,7163,ar7163,7163,5,2017-10-13 02:24:00,127.2,0
official,test,7164__event_anchor_000,7164,ar7164,7164,5,2017-10-15 16:48:00,48.4,0
official,test,7165__event_anchor_000,7165,ar7165,7165,5,2017-10-17 01:12:00,130.8,0
official,test,7166__event_anchor_000,7166,ar7166,7166,5,2017-10-20 13:48:00,179.8,0
official,test,7167__event_anchor_000,7167,ar7167,7167,5,2017-10-20 21:36:00,137.0,0
official,test,7169__event_anchor_000,7169,ar7169,7169,5,2017-10-21 02:36:00,271.2,0
official,test,7170__event_anchor_000,7170,ar7170,7170,5,2017-10-21 13:48:00,11.2,0
official,test,7171__event_anchor_000,7171,ar7171,7171,5,2017-10-22 15:24:00,278.0,0
official,test,7172__event_anchor_000,7172,ar7172,7172,5,2017-10-23 02:12:00,181.0,0
official,test,7177__event_anchor_000,7177,ar7177,7177,5,2017-10-27 07:48:00,65.2,0
official,test,7178__event_anchor_000,7178,ar7178,7178,5,2017-10-28 16:36:00,47.6,0
official,test,7179__event_anchor_000,7179,ar7179,7179,5,2017-10-30 05:00:00,4.8,0
official,test,7181__event_anchor_000,7181,ar7181,7181,5,2017-10-31 15:24:00,6.2,0
official,test,7182__event_anchor_000,7182,ar7182,7182,5,2017-11-06 03:36:00,48.4,0
official,test,7183__event_anchor_000,7183,ar7183,7183,5,2017-11-06 11:00:00,150.2,0
official,test,7187__event_anchor_000,7187,ar7187,7187,5,2017-11-09 19:24:00,65.0,0
official,test,7188__event_anchor_000,7188,ar7188,7188,5,2017-11-11 20:12:00,52.8,0
official,test,7189__event_anchor_000,7189,ar7189,7189,5,2017-11-13 13:00:00,284.0,0
official,test,7190__event_anchor_000,7190,ar7190,7190,5,2017-11-16 11:12:00,98.6,0
official,test,7192__event_anchor_000,7192,ar7192,7192,5,2017-11-20 07:24:00,266.2,0
official,test,7193__event_anchor_000,7193,ar7193,7193,5,2017-11-20 17:00:00,162.6,0
official,test,7194__event_anchor_000,7194,ar7194,7194,5,2017-11-20 19:48:00,161.0,0
official,test,7195__event_anchor_000,7195,ar7195,7195,5,2017-11-22 15:48:00,76.0,0
official,test,7200__event_anchor_000,7200,ar7200,7200,5,2017-11-27 21:48:00,17.2,0
official,test,7201__event_anchor_000,7201,ar7201,7201,5,2017-12-01 20:36:00,95.6,0
official,test,7202__event_anchor_000,7202,ar7202,7202,5,2017-12-06 04:36:00,41.0,0
official,test,7203__event_anchor_000,7203,ar7203,7203,5,2017-12-10 04:36:00,132.2,0
official,test,7204__event_anchor_000,7204,ar7204,7204,5,2017-12-12 17:00:00,99.8,0
official,test,7205__event_anchor_000,7205,ar7205,7205,5,2017-12-12 20:48:00,138.8,0
official,test,7209__event_anchor_000,7209,ar7209,7209,5,2017-12-16 04:24:00,45.4,0
official,test,7211__event_anchor_000,7211,ar7211,7211,5,2017-12-18 22:12:00,278.2,0
official,test,7212__event_anchor_000,7212,ar7212,7212,5,2017-12-19 13:00:00,102.8,0
official,test,7213__event_anchor_000,7213,ar7213,7213,5,2017-12-19 14:48:00,81.2,0
official,test,7214__event_anchor_000,7214,ar7214,7214,5,2017-12-19 18:24:00,72.2,0
official,test,7215__event_anchor_000,7215,ar7215,7215,5,2017-12-20 21:48:00,83.6,0
official,test,7217__event_anchor_000,7217,ar7217,7217,5,2017-12-24 07:48:00,8.8,0
official,test,7220__event_anchor_000,7220,ar7220,7220,5,2017-12-29 17:24:00,147.8,0
official,test,7221__event_anchor_000,7221,ar7221,7221,5,2017-12-30 23:48:00,65.6,0
official,test,7222__event_anchor_000,7222,ar7222,7222,5,2018-01-02 17:48:00,75.2,0
official,test,7224__event_anchor_000,7224,ar7224,7224,5,2018-01-04 08:12:00,102.2,0
official,test,7227__event_anchor_000,7227,ar7227,7227,5,2018-01-08 09:12:00,82.4,0
official,test,7228__event_anchor_000,7228,ar7228,7228,5,2018-01-09 05:36:00,75.8,0
official,test,7229__event_anchor_000,7229,ar7229,7229,5,2018-01-14 08:24:00,195.2,0
official,test,7230__event_anchor_000,7230,ar7230,7230,5,2018-01-18 22:24:00,95.8,0
official,test,7232__event_anchor_000,7232,ar7232,7232,5,2018-01-21 12:24:00,6.2,0
official,test,7235__event_anchor_000,7235,ar7235,7235,5,2018-01-30 12:24:00,139.8,0
official,test,7236__event_anchor_000,7236,ar7236,7236,5,2018-02-02 02:36:00,180.8,0
official,test,7237__event_anchor_000,7237,ar7237,7237,5,2018-02-04 08:48:00,308.0,0
official,test,7240__event_anchor_000,7240,ar7240,7240,5,2018-02-26 04:36:00,103.8,0
official,test,7241__event_anchor_000,7241,ar7241,7241,5,2018-03-05 17:12:00,193.6,0
official,test,7242__event_anchor_000,7242,ar7242,7242,5,2018-03-06 06:48:00,175.8,0
official,test,7244__event_anchor_000,7244,ar7244,7244,5,2018-03-15 18:48:00,2.4,0
official,test,7245__event_anchor_000,7245,ar7245,7245,5,2018-03-17 08:36:00,43.8,0
official,test,7246__event_anchor_000,7246,ar7246,7246,5,2018-03-29 17:00:00,202.0,0
official,test,7247__event_anchor_000,7247,ar7247,7247,5,2018-04-09 16:00:00,26.0,0
official,test,7248__event_anchor_000,7248,ar7248,7248,5,2018-04-12 07:36:00,196.2,0
official,test,7249__event_anchor_000,7249,ar7249,7249,5,2018-04-15 15:36:00,17.2,0
official,test,7250__event_anchor_000,7250,ar7250,7250,5,2018-04-18 19:24:00,13.2,0
official,test,7251__event_anchor_000,7251,ar7251,7251,5,2018-04-19 02:24:00,273.6,0
official,test,7252__event_anchor_000,7252,ar7252,7252,5,2018-04-20 17:00:00,26.8,0
official,test,7253__event_anchor_000,7253,ar7253,7253,5,2018-04-21 05:12:00,51.6,0
official,test,7254__event_anchor_000,7254,ar7254,7254,5,2018-05-04 09:48:00,211.8,0
official,test,7255__event_anchor_000,7255,ar7255,7255,5,2018-05-07 11:48:00,164.6,0
official,test,7256__event_anchor_000,7256,ar7256,7256,5,2018-05-07 15:48:00,200.2,0
official,test,7258__event_anchor_000,7258,ar7258,7258,5,2018-05-19 03:48:00,6.4,0
official,test,7259__event_anchor_000,7259,ar7259,7259,5,2018-05-21 02:12:00,134.8,0
official,test,7260__event_anchor_000,7260,ar7260,7260,5,2018-05-21 04:36:00,227.2,0
official,test,7261__event_anchor_000,7261,ar7261,7261,5,2018-05-23 00:24:00,116.4,0
official,test,7262__event_anchor_000,7262,ar7262,7262,5,2018-05-23 23:12:00,309.8,0
official,test,7264__event_anchor_000,7264,ar7264,7264,5,2018-05-27 16:36:00,3.4,0
official,test,7265__event_anchor_000,7265,ar7265,7265,5,2018-05-27 19:48:00,18.6,0
official,test,7266__event_anchor_000,7266,ar7266,7266,5,2018-06-03 04:48:00,0.4,0
official,test,7267__event_anchor_000,7267,ar7267,7267,5,2018-06-05 11:36:00,143.0,0
official,test,7269__event_anchor_000,7269,ar7269,7269,5,2018-06-11 23:48:00,308.8,0
official,test,7274__event_anchor_000,7274,ar7274,7274,5,2018-06-18 01:00:00,71.0,0
official,test,7275__event_anchor_000,7275,ar7275,7275,5,2018-06-19 14:36:00,33.4,0
official,test,7276__event_anchor_000,7276,ar7276,7276,5,2018-06-20 08:24:00,238.2,0
official,test,7277__event_anchor_000,7277,ar7277,7277,5,2018-06-22 04:48:00,205.4,0
official,test,7280__event_anchor_000,7280,ar7280,7280,5,2018-06-25 05:00:00,52.2,0
official,test,7281__event_anchor_000,7281,ar7281,7281,5,2018-06-26 15:36:00,9.4,0
official,test,7282__event_anchor_000,7282,ar7282,7282,5,2018-06-29 02:00:00,12.8,0
official,test,7283__event_anchor_000,7283,ar7283,7283,5,2018-07-09 13:24:00,259.4,0
official,test,7286__event_anchor_000,7286,ar7286,7286,5,2018-07-12 15:12:00,5.6,0
official,test,7287__event_anchor_000,7287,ar7287,7287,5,2018-07-18 04:24:00,158.2,0
official,test,7288__event_anchor_000,7288,ar7288,7288,5,2018-07-20 16:12:00,26.0,0
official,test,7289__event_anchor_000,7289,ar7289,7289,5,2018-07-24 16:24:00,19.4,0
official,test,7290__event_anchor_000,7290,ar7290,7290,5,2018-07-29 15:24:00,243.2,0
official,test,7292__event_anchor_000,7292,ar7292,7292,5,2018-08-05 16:00:00,206.6,0
official,test,7293__event_anchor_000,7293,ar7293,7293,5,2018-08-05 16:12:00,230.4,0
official,test,7295__event_anchor_000,7295,ar7295,7295,5,2018-08-10 16:36:00,24.2,0
official,test,7297__event_anchor_000,7297,ar7297,7297,5,2018-08-13 09:36:00,9.0,0
official,test,7298__event_anchor_000,7298,ar7298,7298,5,2018-08-13 23:36:00,166.6,0
official,test,7299__event_anchor_000,7299,ar7299,7299,5,2018-08-18 22:24:00,216.0,0
official,test,7300__event_anchor_000,7300,ar7300,7300,5,2018-08-23 20:00:00,122.4,0
official,test,7301__event_anchor_000,7301,ar7301,7301,5,2018-09-02 07:24:00,64.6,0
official,test,7302__event_anchor_000,7302,ar7302,7302,5,2018-09-02 18:12:00,53.8,0
official,test,7303__event_anchor_000,7303,ar7303,7303,5,2018-09-03 18:00:00,91.4,0
official,test,7304__event_anchor_000,7304,ar7304,7304,5,2018-09-08 09:00:00,99.8,0
official,test,7305__event_anchor_000,7305,ar7305,7305,5,2018-09-11 02:00:00,122.4,0
official,test,7306__event_anchor_000,7306,ar7306,7306,5,2018-09-15 20:12:00,42.8,0
official,test,7307__event_anchor_000,7307,ar7307,7307,5,2018-09-16 17:12:00,95.8,0
official,test,7308__event_anchor_000,7308,ar7308,7308,5,2018-09-17 01:36:00,26.8,0
official,test,7309__event_anchor_000,7309,ar7309,7309,5,2018-09-17 13:48:00,48.4,0
official,test,7310__event_anchor_000,7310,ar7310,7310,5,2018-09-29 17:24:00,109.4,0
official,test,7311__event_anchor_000,7311,ar7311,7311,5,2018-10-10 05:24:00,11.4,0
official,test,7312__event_anchor_000,7312,ar7312,7312,5,2018-10-11 16:48:00,252.4,0
official,test,7313__event_anchor_000,7313,ar7313,7313,5,2018-10-12 19:36:00,185.6,0
official,test,7316__event_anchor_000,7316,ar7316,7316,5,2018-10-14 23:00:00,141.4,0
official,test,7319__event_anchor_000,7319,ar7319,7319,5,2018-10-20 00:00:00,42.2,0
official,test,7321__event_anchor_000,7321,ar7321,7321,5,2018-11-08 18:24:00,33.6,0
official,test,7322__event_anchor_000,7322,ar7322,7322,5,2018-11-11 18:00:00,89.4,0
official,test,7323__event_anchor_000,7323,ar7323,7323,5,2018-11-15 00:48:00,122.2,0
official,test,7324__event_anchor_000,7324,ar7324,7324,5,2018-11-24 03:24:00,97.8,0
official,test,7325__event_anchor_000,7325,ar7325,7325,5,2018-12-04 22:00:00,115.0,0
official,test,7326__event_anchor_000,7326,ar7326,7326,5,2018-12-11 00:48:00,112.6,0
official,test,7327__event_anchor_000,7327,ar7327,7327,5,2018-12-14 14:36:00,171.6,0
official,test,7328__event_anchor_000,7328,ar7328,7328,5,2018-12-27 01:24:00,129.0,0
official,test,7329__event_anchor_000,7329,ar7329,7329,5,2018-12-27 10:00:00,50.0,0
official,test,7331__event_anchor_000,7331,ar7331,7331,5,2018-12-30 18:24:00,176.6,0
