split_mode,experiment,seed,depth,feature_count,metric,value
chronological,linear_cox,2345,2,24,harrell_c_index,0.9725033816875787
chronological,linear_cox,2345,2,24,uno_c_index,0.8299982880541411
chronological,linear_cox,2345,2,24,event_event_pairs,703.0
chronological,linear_cox,2345,2,24,event_event_fraction,0.0327907085218527
chronological,linear_cox,2345,2,24,event_event_c_index,0.7382645803698435
chronological,linear_cox,2345,2,24,event_censored_pairs,20736.0
chronological,linear_cox,2345,2,24,event_censored_fraction,0.9672092914781473
chronological,linear_cox,2345,2,24,event_censored_c_index,0.980444637345679
chronological,linear_cox,2345,2,24,12h_threshold,0.052064164621766995
chronological,linear_cox,2345,2,24,12h_tp_ipcw,26.841039795711808
chronological,linear_cox,2345,2,24,12h_tn_ipcw,614.4453879018183
chronological,linear_cox,2345,2,24,12h_fp_ipcw,42.56371248342969
chronological,linear_cox,2345,2,24,12h_fn_ipcw,0.0
chronological,linear_cox,2345,2,24,12h_tss,0.9352159468438539
chronological,linear_cox,2345,2,24,12h_hss2,0.5312239199837658
chronological,linear_cox,2345,2,24,12h_far,0.6132679836135881
chronological,linear_cox,2345,2,24,12h_precision,0.3867320163864119
chronological,linear_cox,2345,2,24,12h_recall,1.0
chronological,linear_cox,2345,2,24,12h_f1,0.5577602764147176
chronological,linear_cox,2345,2,24,12h_alert_fraction,0.1035031847133758
chronological,linear_cox,2345,2,24,12h_known_count,628.0
chronological,linear_cox,2345,2,24,12h_auc,0.9970571440937512
chronological,linear_cox,2345,2,24,12h_average_precision,0.9524391217677077
chronological,linear_cox,2345,2,24,12h_brier,0.009218275121681873
chronological,linear_cox,2345,2,24,12h_km_reference_brier,0.03719403170926477
chronological,linear_cox,2345,2,24,12h_bss,0.7521571419377571
chronological,linear_cox,2345,2,24,12h_predicted_survival_mean,0.9588192098729184
chronological,linear_cox,2345,2,24,12h_observed_survival_km,0.9613497134749082
chronological,linear_cox,2345,2,24,12h_ece,0.015088026255897837
chronological,linear_cox,2345,2,24,12h_calibration_intercept,0.9308752519706082
chronological,linear_cox,2345,2,24,12h_calibration_slope,2.04397399848219
chronological,linear_cox,2345,2,24,24h_threshold,0.07006751384011212
chronological,linear_cox,2345,2,24,24h_tp_ipcw,26.841039795711808
chronological,linear_cox,2345,2,24,24h_tn_ipcw,593.8005247169583
chronological,linear_cox,2345,2,24,24h_fp_ipcw,65.71705411887284
chronological,linear_cox,2345,2,24,24h_fn_ipcw,1.169247255604473
chronological,linear_cox,2345,2,24,24h_tss,0.858612377666931
chronological,linear_cox,2345,2,24,24h_hss2,0.40822533701654806
chronological,linear_cox,2345,2,24,24h_far,0.7100087235970793
chronological,linear_cox,2345,2,24,24h_precision,0.2899912764029207
chronological,linear_cox,2345,2,24,24h_recall,0.95825650578081
chronological,linear_cox,2345,2,24,24h_f1,0.44524177202483917
chronological,linear_cox,2345,2,24,24h_alert_fraction,0.13921901528013583
chronological,linear_cox,2345,2,24,24h_known_count,589.0
chronological,linear_cox,2345,2,24,24h_auc,0.9922998458219086
chronological,linear_cox,2345,2,24,24h_average_precision,0.9218933168337996
chronological,linear_cox,2345,2,24,24h_brier,0.010702754097327903
chronological,linear_cox,2345,2,24,24h_km_reference_brier,0.040508589474213846
chronological,linear_cox,2345,2,24,24h_bss,0.7357905018109592
chronological,linear_cox,2345,2,24,24h_predicted_survival_mean,0.9448372260979512
chronological,linear_cox,2345,2,24,24h_observed_survival_km,0.9596542113347408
chronological,linear_cox,2345,2,24,24h_ece,0.01883087246852512
chronological,linear_cox,2345,2,24,24h_calibration_intercept,-0.3283613303742542
chronological,linear_cox,2345,2,24,24h_calibration_slope,1.6434212962696049
chronological,linear_cox,2345,2,24,48h_threshold,0.09503582869278349
chronological,linear_cox,2345,2,24,48h_tp_ipcw,31.68516142832763
chronological,linear_cox,2345,2,24,48h_tn_ipcw,581.3711129348446
chronological,linear_cox,2345,2,24,48h_fp_ipcw,65.18806529475376
chronological,linear_cox,2345,2,24,48h_fn_ipcw,1.169247255604473
chronological,linear_cox,2345,2,24,48h_tss,0.8635882072115022
chronological,linear_cox,2345,2,24,48h_hss2,0.44867012050298827
chronological,linear_cox,2345,2,24,48h_far,0.6729213787943517
chronological,linear_cox,2345,2,24,48h_precision,0.32707862120564835
chronological,linear_cox,2345,2,24,48h_recall,0.9644112524789921
chronological,linear_cox,2345,2,24,48h_f1,0.4884874580333964
chronological,linear_cox,2345,2,24,48h_alert_fraction,0.1528046421663443
chronological,linear_cox,2345,2,24,48h_known_count,517.0
chronological,linear_cox,2345,2,24,48h_auc,0.9932188526162156
chronological,linear_cox,2345,2,24,48h_average_precision,0.9304771916823386
chronological,linear_cox,2345,2,24,48h_brier,0.01101662740862608
chronological,linear_cox,2345,2,24,48h_km_reference_brier,0.048246055336417265
chronological,linear_cox,2345,2,24,48h_bss,0.7716574478098219
chronological,linear_cox,2345,2,24,48h_predicted_survival_mean,0.9336857865447438
chronological,linear_cox,2345,2,24,48h_observed_survival_km,0.9525778467901921
chronological,linear_cox,2345,2,24,48h_ece,0.025048491082469263
chronological,linear_cox,2345,2,24,48h_calibration_intercept,-0.19696148306969277
chronological,linear_cox,2345,2,24,48h_calibration_slope,1.8148183339283752
chronological,linear_cox,2345,2,24,72h_threshold,0.1099573946987018
chronological,linear_cox,2345,2,24,72h_tp_ipcw,31.68516142832763
chronological,linear_cox,2345,2,24,72h_tn_ipcw,580.5565165045858
chronological,linear_cox,2345,2,24,72h_fp_ipcw,75.20162130888417
chronological,linear_cox,2345,2,24,72h_fn_ipcw,1.169247255604473
chronological,linear_cox,2345,2,24,72h_tss,0.8497323533964232
chronological,linear_cox,2345,2,24,72h_hss2,0.410454020857261
chronological,linear_cox,2345,2,24,72h_far,0.7035633348023236
chronological,linear_cox,2345,2,24,72h_precision,0.29643666519767636
chronological,linear_cox,2345,2,24,72h_recall,0.9644112524789921
chronological,linear_cox,2345,2,24,72h_f1,0.45348348766881086
chronological,linear_cox,2345,2,24,72h_alert_fraction,0.17130620985010706
chronological,linear_cox,2345,2,24,72h_known_count,467.0
chronological,linear_cox,2345,2,24,72h_auc,0.9937689739218176
chronological,linear_cox,2345,2,24,72h_average_precision,0.9422517002057016
chronological,linear_cox,2345,2,24,72h_brier,0.010842036153482348
chronological,linear_cox,2345,2,24,72h_km_reference_brier,0.05083338933226156
chronological,linear_cox,2345,2,24,72h_bss,0.7867142778417606
chronological,linear_cox,2345,2,24,72h_predicted_survival_mean,0.9249755777606204
chronological,linear_cox,2345,2,24,72h_observed_survival_km,0.9525778467901921
chronological,linear_cox,2345,2,24,72h_ece,0.03525300225385004
chronological,linear_cox,2345,2,24,72h_calibration_intercept,-0.4258398711114239
chronological,linear_cox,2345,2,24,72h_calibration_slope,1.9499552083410776
chronological,linear_cox,2345,2,24,144h_threshold,0.15953035421942852
chronological,linear_cox,2345,2,24,144h_tp_ipcw,35.14731788723395
chronological,linear_cox,2345,2,24,144h_tn_ipcw,526.973257585965
chronological,linear_cox,2345,2,24,144h_fp_ipcw,76.80581891941189
chronological,linear_cox,2345,2,24,144h_fn_ipcw,1.169247255604473
chronological,linear_cox,2345,2,24,144h_tss,0.8405955435485382
chronological,linear_cox,2345,2,24,144h_hss2,0.4248189328196188
chronological,linear_cox,2345,2,24,144h_far,0.686053299712925
chronological,linear_cox,2345,2,24,144h_precision,0.31394670028707505
chronological,linear_cox,2345,2,24,144h_recall,0.9678040241139091
chronological,linear_cox,2345,2,24,144h_f1,0.4740997982070363
chronological,linear_cox,2345,2,24,144h_alert_fraction,0.21518987341772153
chronological,linear_cox,2345,2,24,144h_known_count,316.0
chronological,linear_cox,2345,2,24,144h_auc,0.9922925315528094
chronological,linear_cox,2345,2,24,144h_average_precision,0.9458646135831178
chronological,linear_cox,2345,2,24,144h_brier,0.014101519040782079
chronological,linear_cox,2345,2,24,144h_km_reference_brier,0.05843412983047235
chronological,linear_cox,2345,2,24,144h_bss,0.7586766658168256
chronological,linear_cox,2345,2,24,144h_predicted_survival_mean,0.9097874243720121
chronological,linear_cox,2345,2,24,144h_observed_survival_km,0.9473444532866776
chronological,linear_cox,2345,2,24,144h_ece,0.06213147338563385
chronological,linear_cox,2345,2,24,144h_calibration_intercept,0.08980909700052754
chronological,linear_cox,2345,2,24,144h_calibration_slope,2.7456116220286626
chronological,linear_cox,2345,2,24,integrated_brier_score,0.011669929569123688
chronological,linear_cox,2345,2,24,integrated_auc,0.9932154123961698
chronological,linear_cox,2346,2,24,harrell_c_index,0.9725033816875787
chronological,linear_cox,2346,2,24,uno_c_index,0.8299982880541411
chronological,linear_cox,2346,2,24,event_event_pairs,703.0
chronological,linear_cox,2346,2,24,event_event_fraction,0.0327907085218527
chronological,linear_cox,2346,2,24,event_event_c_index,0.7382645803698435
chronological,linear_cox,2346,2,24,event_censored_pairs,20736.0
chronological,linear_cox,2346,2,24,event_censored_fraction,0.9672092914781473
chronological,linear_cox,2346,2,24,event_censored_c_index,0.980444637345679
chronological,linear_cox,2346,2,24,12h_threshold,0.052064164621766995
chronological,linear_cox,2346,2,24,12h_tp_ipcw,26.841039795711808
chronological,linear_cox,2346,2,24,12h_tn_ipcw,614.4453879018183
chronological,linear_cox,2346,2,24,12h_fp_ipcw,42.56371248342969
chronological,linear_cox,2346,2,24,12h_fn_ipcw,0.0
chronological,linear_cox,2346,2,24,12h_tss,0.9352159468438539
chronological,linear_cox,2346,2,24,12h_hss2,0.5312239199837658
chronological,linear_cox,2346,2,24,12h_far,0.6132679836135881
chronological,linear_cox,2346,2,24,12h_precision,0.3867320163864119
chronological,linear_cox,2346,2,24,12h_recall,1.0
chronological,linear_cox,2346,2,24,12h_f1,0.5577602764147176
chronological,linear_cox,2346,2,24,12h_alert_fraction,0.1035031847133758
chronological,linear_cox,2346,2,24,12h_known_count,628.0
chronological,linear_cox,2346,2,24,12h_auc,0.9970571440937512
chronological,linear_cox,2346,2,24,12h_average_precision,0.9524391217677077
chronological,linear_cox,2346,2,24,12h_brier,0.009218275121681873
chronological,linear_cox,2346,2,24,12h_km_reference_brier,0.03719403170926477
chronological,linear_cox,2346,2,24,12h_bss,0.7521571419377571
chronological,linear_cox,2346,2,24,12h_predicted_survival_mean,0.9588192098729184
chronological,linear_cox,2346,2,24,12h_observed_survival_km,0.9613497134749082
chronological,linear_cox,2346,2,24,12h_ece,0.015088026255897837
chronological,linear_cox,2346,2,24,12h_calibration_intercept,0.9308752519706082
chronological,linear_cox,2346,2,24,12h_calibration_slope,2.04397399848219
chronological,linear_cox,2346,2,24,24h_threshold,0.07006751384011212
chronological,linear_cox,2346,2,24,24h_tp_ipcw,26.841039795711808
chronological,linear_cox,2346,2,24,24h_tn_ipcw,593.8005247169583
chronological,linear_cox,2346,2,24,24h_fp_ipcw,65.71705411887284
chronological,linear_cox,2346,2,24,24h_fn_ipcw,1.169247255604473
chronological,linear_cox,2346,2,24,24h_tss,0.858612377666931
chronological,linear_cox,2346,2,24,24h_hss2,0.40822533701654806
chronological,linear_cox,2346,2,24,24h_far,0.7100087235970793
chronological,linear_cox,2346,2,24,24h_precision,0.2899912764029207
chronological,linear_cox,2346,2,24,24h_recall,0.95825650578081
chronological,linear_cox,2346,2,24,24h_f1,0.44524177202483917
chronological,linear_cox,2346,2,24,24h_alert_fraction,0.13921901528013583
chronological,linear_cox,2346,2,24,24h_known_count,589.0
chronological,linear_cox,2346,2,24,24h_auc,0.9922998458219086
chronological,linear_cox,2346,2,24,24h_average_precision,0.9218933168337996
chronological,linear_cox,2346,2,24,24h_brier,0.010702754097327903
chronological,linear_cox,2346,2,24,24h_km_reference_brier,0.040508589474213846
chronological,linear_cox,2346,2,24,24h_bss,0.7357905018109592
chronological,linear_cox,2346,2,24,24h_predicted_survival_mean,0.9448372260979512
chronological,linear_cox,2346,2,24,24h_observed_survival_km,0.9596542113347408
chronological,linear_cox,2346,2,24,24h_ece,0.01883087246852512
chronological,linear_cox,2346,2,24,24h_calibration_intercept,-0.3283613303742542
chronological,linear_cox,2346,2,24,24h_calibration_slope,1.6434212962696049
chronological,linear_cox,2346,2,24,48h_threshold,0.09503582869278349
chronological,linear_cox,2346,2,24,48h_tp_ipcw,31.68516142832763
chronological,linear_cox,2346,2,24,48h_tn_ipcw,581.3711129348446
chronological,linear_cox,2346,2,24,48h_fp_ipcw,65.18806529475376
chronological,linear_cox,2346,2,24,48h_fn_ipcw,1.169247255604473
chronological,linear_cox,2346,2,24,48h_tss,0.8635882072115022
chronological,linear_cox,2346,2,24,48h_hss2,0.44867012050298827
chronological,linear_cox,2346,2,24,48h_far,0.6729213787943517
chronological,linear_cox,2346,2,24,48h_precision,0.32707862120564835
chronological,linear_cox,2346,2,24,48h_recall,0.9644112524789921
chronological,linear_cox,2346,2,24,48h_f1,0.4884874580333964
chronological,linear_cox,2346,2,24,48h_alert_fraction,0.1528046421663443
chronological,linear_cox,2346,2,24,48h_known_count,517.0
chronological,linear_cox,2346,2,24,48h_auc,0.9932188526162156
chronological,linear_cox,2346,2,24,48h_average_precision,0.9304771916823386
chronological,linear_cox,2346,2,24,48h_brier,0.01101662740862608
chronological,linear_cox,2346,2,24,48h_km_reference_brier,0.048246055336417265
chronological,linear_cox,2346,2,24,48h_bss,0.7716574478098219
chronological,linear_cox,2346,2,24,48h_predicted_survival_mean,0.9336857865447438
chronological,linear_cox,2346,2,24,48h_observed_survival_km,0.9525778467901921
chronological,linear_cox,2346,2,24,48h_ece,0.025048491082469263
chronological,linear_cox,2346,2,24,48h_calibration_intercept,-0.19696148306969277
chronological,linear_cox,2346,2,24,48h_calibration_slope,1.8148183339283752
chronological,linear_cox,2346,2,24,72h_threshold,0.1099573946987018
chronological,linear_cox,2346,2,24,72h_tp_ipcw,31.68516142832763
chronological,linear_cox,2346,2,24,72h_tn_ipcw,580.5565165045858
chronological,linear_cox,2346,2,24,72h_fp_ipcw,75.20162130888417
chronological,linear_cox,2346,2,24,72h_fn_ipcw,1.169247255604473
chronological,linear_cox,2346,2,24,72h_tss,0.8497323533964232
chronological,linear_cox,2346,2,24,72h_hss2,0.410454020857261
chronological,linear_cox,2346,2,24,72h_far,0.7035633348023236
chronological,linear_cox,2346,2,24,72h_precision,0.29643666519767636
chronological,linear_cox,2346,2,24,72h_recall,0.9644112524789921
chronological,linear_cox,2346,2,24,72h_f1,0.45348348766881086
chronological,linear_cox,2346,2,24,72h_alert_fraction,0.17130620985010706
chronological,linear_cox,2346,2,24,72h_known_count,467.0
chronological,linear_cox,2346,2,24,72h_auc,0.9937689739218176
chronological,linear_cox,2346,2,24,72h_average_precision,0.9422517002057016
chronological,linear_cox,2346,2,24,72h_brier,0.010842036153482348
chronological,linear_cox,2346,2,24,72h_km_reference_brier,0.05083338933226156
chronological,linear_cox,2346,2,24,72h_bss,0.7867142778417606
chronological,linear_cox,2346,2,24,72h_predicted_survival_mean,0.9249755777606204
chronological,linear_cox,2346,2,24,72h_observed_survival_km,0.9525778467901921
chronological,linear_cox,2346,2,24,72h_ece,0.03525300225385004
chronological,linear_cox,2346,2,24,72h_calibration_intercept,-0.4258398711114239
chronological,linear_cox,2346,2,24,72h_calibration_slope,1.9499552083410776
chronological,linear_cox,2346,2,24,144h_threshold,0.15953035421942852
chronological,linear_cox,2346,2,24,144h_tp_ipcw,35.14731788723395
chronological,linear_cox,2346,2,24,144h_tn_ipcw,526.973257585965
chronological,linear_cox,2346,2,24,144h_fp_ipcw,76.80581891941189
chronological,linear_cox,2346,2,24,144h_fn_ipcw,1.169247255604473
chronological,linear_cox,2346,2,24,144h_tss,0.8405955435485382
chronological,linear_cox,2346,2,24,144h_hss2,0.4248189328196188
chronological,linear_cox,2346,2,24,144h_far,0.686053299712925
chronological,linear_cox,2346,2,24,144h_precision,0.31394670028707505
chronological,linear_cox,2346,2,24,144h_recall,0.9678040241139091
chronological,linear_cox,2346,2,24,144h_f1,0.4740997982070363
chronological,linear_cox,2346,2,24,144h_alert_fraction,0.21518987341772153
chronological,linear_cox,2346,2,24,144h_known_count,316.0
chronological,linear_cox,2346,2,24,144h_auc,0.9922925315528094
chronological,linear_cox,2346,2,24,144h_average_precision,0.9458646135831178
chronological,linear_cox,2346,2,24,144h_brier,0.014101519040782079
chronological,linear_cox,2346,2,24,144h_km_reference_brier,0.05843412983047235
chronological,linear_cox,2346,2,24,144h_bss,0.7586766658168256
chronological,linear_cox,2346,2,24,144h_predicted_survival_mean,0.9097874243720121
chronological,linear_cox,2346,2,24,144h_observed_survival_km,0.9473444532866776
chronological,linear_cox,2346,2,24,144h_ece,0.06213147338563385
chronological,linear_cox,2346,2,24,144h_calibration_intercept,0.08980909700052754
chronological,linear_cox,2346,2,24,144h_calibration_slope,2.7456116220286626
chronological,linear_cox,2346,2,24,integrated_brier_score,0.011669929569123688
chronological,linear_cox,2346,2,24,integrated_auc,0.9932154123961698
chronological,linear_cox,2347,2,24,harrell_c_index,0.9725033816875787
chronological,linear_cox,2347,2,24,uno_c_index,0.8299982880541411
chronological,linear_cox,2347,2,24,event_event_pairs,703.0
chronological,linear_cox,2347,2,24,event_event_fraction,0.0327907085218527
chronological,linear_cox,2347,2,24,event_event_c_index,0.7382645803698435
chronological,linear_cox,2347,2,24,event_censored_pairs,20736.0
chronological,linear_cox,2347,2,24,event_censored_fraction,0.9672092914781473
chronological,linear_cox,2347,2,24,event_censored_c_index,0.980444637345679
chronological,linear_cox,2347,2,24,12h_threshold,0.052064164621766995
chronological,linear_cox,2347,2,24,12h_tp_ipcw,26.841039795711808
chronological,linear_cox,2347,2,24,12h_tn_ipcw,614.4453879018183
chronological,linear_cox,2347,2,24,12h_fp_ipcw,42.56371248342969
chronological,linear_cox,2347,2,24,12h_fn_ipcw,0.0
chronological,linear_cox,2347,2,24,12h_tss,0.9352159468438539
chronological,linear_cox,2347,2,24,12h_hss2,0.5312239199837658
chronological,linear_cox,2347,2,24,12h_far,0.6132679836135881
chronological,linear_cox,2347,2,24,12h_precision,0.3867320163864119
chronological,linear_cox,2347,2,24,12h_recall,1.0
chronological,linear_cox,2347,2,24,12h_f1,0.5577602764147176
chronological,linear_cox,2347,2,24,12h_alert_fraction,0.1035031847133758
chronological,linear_cox,2347,2,24,12h_known_count,628.0
chronological,linear_cox,2347,2,24,12h_auc,0.9970571440937512
chronological,linear_cox,2347,2,24,12h_average_precision,0.9524391217677077
chronological,linear_cox,2347,2,24,12h_brier,0.009218275121681873
chronological,linear_cox,2347,2,24,12h_km_reference_brier,0.03719403170926477
chronological,linear_cox,2347,2,24,12h_bss,0.7521571419377571
chronological,linear_cox,2347,2,24,12h_predicted_survival_mean,0.9588192098729184
chronological,linear_cox,2347,2,24,12h_observed_survival_km,0.9613497134749082
chronological,linear_cox,2347,2,24,12h_ece,0.015088026255897837
chronological,linear_cox,2347,2,24,12h_calibration_intercept,0.9308752519706082
chronological,linear_cox,2347,2,24,12h_calibration_slope,2.04397399848219
chronological,linear_cox,2347,2,24,24h_threshold,0.07006751384011212
chronological,linear_cox,2347,2,24,24h_tp_ipcw,26.841039795711808
chronological,linear_cox,2347,2,24,24h_tn_ipcw,593.8005247169583
chronological,linear_cox,2347,2,24,24h_fp_ipcw,65.71705411887284
chronological,linear_cox,2347,2,24,24h_fn_ipcw,1.169247255604473
chronological,linear_cox,2347,2,24,24h_tss,0.858612377666931
chronological,linear_cox,2347,2,24,24h_hss2,0.40822533701654806
chronological,linear_cox,2347,2,24,24h_far,0.7100087235970793
chronological,linear_cox,2347,2,24,24h_precision,0.2899912764029207
chronological,linear_cox,2347,2,24,24h_recall,0.95825650578081
chronological,linear_cox,2347,2,24,24h_f1,0.44524177202483917
chronological,linear_cox,2347,2,24,24h_alert_fraction,0.13921901528013583
chronological,linear_cox,2347,2,24,24h_known_count,589.0
chronological,linear_cox,2347,2,24,24h_auc,0.9922998458219086
chronological,linear_cox,2347,2,24,24h_average_precision,0.9218933168337996
chronological,linear_cox,2347,2,24,24h_brier,0.010702754097327903
chronological,linear_cox,2347,2,24,24h_km_reference_brier,0.040508589474213846
chronological,linear_cox,2347,2,24,24h_bss,0.7357905018109592
chronological,linear_cox,2347,2,24,24h_predicted_survival_mean,0.9448372260979512
chronological,linear_cox,2347,2,24,24h_observed_survival_km,0.9596542113347408
chronological,linear_cox,2347,2,24,24h_ece,0.01883087246852512
chronological,linear_cox,2347,2,24,24h_calibration_intercept,-0.3283613303742542
chronological,linear_cox,2347,2,24,24h_calibration_slope,1.6434212962696049
chronological,linear_cox,2347,2,24,48h_threshold,0.09503582869278349
chronological,linear_cox,2347,2,24,48h_tp_ipcw,31.68516142832763
chronological,linear_cox,2347,2,24,48h_tn_ipcw,581.3711129348446
chronological,linear_cox,2347,2,24,48h_fp_ipcw,65.18806529475376
chronological,linear_cox,2347,2,24,48h_fn_ipcw,1.169247255604473
chronological,linear_cox,2347,2,24,48h_tss,0.8635882072115022
chronological,linear_cox,2347,2,24,48h_hss2,0.44867012050298827
chronological,linear_cox,2347,2,24,48h_far,0.6729213787943517
chronological,linear_cox,2347,2,24,48h_precision,0.32707862120564835
chronological,linear_cox,2347,2,24,48h_recall,0.9644112524789921
chronological,linear_cox,2347,2,24,48h_f1,0.4884874580333964
chronological,linear_cox,2347,2,24,48h_alert_fraction,0.1528046421663443
chronological,linear_cox,2347,2,24,48h_known_count,517.0
chronological,linear_cox,2347,2,24,48h_auc,0.9932188526162156
chronological,linear_cox,2347,2,24,48h_average_precision,0.9304771916823386
chronological,linear_cox,2347,2,24,48h_brier,0.01101662740862608
chronological,linear_cox,2347,2,24,48h_km_reference_brier,0.048246055336417265
chronological,linear_cox,2347,2,24,48h_bss,0.7716574478098219
chronological,linear_cox,2347,2,24,48h_predicted_survival_mean,0.9336857865447438
chronological,linear_cox,2347,2,24,48h_observed_survival_km,0.9525778467901921
chronological,linear_cox,2347,2,24,48h_ece,0.025048491082469263
chronological,linear_cox,2347,2,24,48h_calibration_intercept,-0.19696148306969277
chronological,linear_cox,2347,2,24,48h_calibration_slope,1.8148183339283752
chronological,linear_cox,2347,2,24,72h_threshold,0.1099573946987018
chronological,linear_cox,2347,2,24,72h_tp_ipcw,31.68516142832763
chronological,linear_cox,2347,2,24,72h_tn_ipcw,580.5565165045858
chronological,linear_cox,2347,2,24,72h_fp_ipcw,75.20162130888417
chronological,linear_cox,2347,2,24,72h_fn_ipcw,1.169247255604473
chronological,linear_cox,2347,2,24,72h_tss,0.8497323533964232
chronological,linear_cox,2347,2,24,72h_hss2,0.410454020857261
chronological,linear_cox,2347,2,24,72h_far,0.7035633348023236
chronological,linear_cox,2347,2,24,72h_precision,0.29643666519767636
chronological,linear_cox,2347,2,24,72h_recall,0.9644112524789921
chronological,linear_cox,2347,2,24,72h_f1,0.45348348766881086
chronological,linear_cox,2347,2,24,72h_alert_fraction,0.17130620985010706
chronological,linear_cox,2347,2,24,72h_known_count,467.0
chronological,linear_cox,2347,2,24,72h_auc,0.9937689739218176
chronological,linear_cox,2347,2,24,72h_average_precision,0.9422517002057016
chronological,linear_cox,2347,2,24,72h_brier,0.010842036153482348
chronological,linear_cox,2347,2,24,72h_km_reference_brier,0.05083338933226156
chronological,linear_cox,2347,2,24,72h_bss,0.7867142778417606
chronological,linear_cox,2347,2,24,72h_predicted_survival_mean,0.9249755777606204
chronological,linear_cox,2347,2,24,72h_observed_survival_km,0.9525778467901921
chronological,linear_cox,2347,2,24,72h_ece,0.03525300225385004
chronological,linear_cox,2347,2,24,72h_calibration_intercept,-0.4258398711114239
chronological,linear_cox,2347,2,24,72h_calibration_slope,1.9499552083410776
chronological,linear_cox,2347,2,24,144h_threshold,0.15953035421942852
chronological,linear_cox,2347,2,24,144h_tp_ipcw,35.14731788723395
chronological,linear_cox,2347,2,24,144h_tn_ipcw,526.973257585965
chronological,linear_cox,2347,2,24,144h_fp_ipcw,76.80581891941189
chronological,linear_cox,2347,2,24,144h_fn_ipcw,1.169247255604473
chronological,linear_cox,2347,2,24,144h_tss,0.8405955435485382
chronological,linear_cox,2347,2,24,144h_hss2,0.4248189328196188
chronological,linear_cox,2347,2,24,144h_far,0.686053299712925
chronological,linear_cox,2347,2,24,144h_precision,0.31394670028707505
chronological,linear_cox,2347,2,24,144h_recall,0.9678040241139091
chronological,linear_cox,2347,2,24,144h_f1,0.4740997982070363
chronological,linear_cox,2347,2,24,144h_alert_fraction,0.21518987341772153
chronological,linear_cox,2347,2,24,144h_known_count,316.0
chronological,linear_cox,2347,2,24,144h_auc,0.9922925315528094
chronological,linear_cox,2347,2,24,144h_average_precision,0.9458646135831178
chronological,linear_cox,2347,2,24,144h_brier,0.014101519040782079
chronological,linear_cox,2347,2,24,144h_km_reference_brier,0.05843412983047235
chronological,linear_cox,2347,2,24,144h_bss,0.7586766658168256
chronological,linear_cox,2347,2,24,144h_predicted_survival_mean,0.9097874243720121
chronological,linear_cox,2347,2,24,144h_observed_survival_km,0.9473444532866776
chronological,linear_cox,2347,2,24,144h_ece,0.06213147338563385
chronological,linear_cox,2347,2,24,144h_calibration_intercept,0.08980909700052754
chronological,linear_cox,2347,2,24,144h_calibration_slope,2.7456116220286626
chronological,linear_cox,2347,2,24,integrated_brier_score,0.011669929569123688
chronological,linear_cox,2347,2,24,integrated_auc,0.9932154123961698
chronological,logistic,2345,2,24,harrell_c_index,0.9651336349643174
chronological,logistic,2345,2,24,uno_c_index,0.8094923017802743
chronological,logistic,2345,2,24,event_event_pairs,703.0
chronological,logistic,2345,2,24,event_event_fraction,0.0327907085218527
chronological,logistic,2345,2,24,event_event_c_index,0.7439544807965861
chronological,logistic,2345,2,24,event_censored_pairs,20736.0
chronological,logistic,2345,2,24,event_censored_fraction,0.9672092914781473
chronological,logistic,2345,2,24,event_censored_c_index,0.972632137345679
chronological,logistic,2345,2,24,12h_threshold,0.04505940210596404
chronological,logistic,2345,2,24,12h_tp_ipcw,26.841039795711808
chronological,logistic,2345,2,24,12h_tn_ipcw,629.7246693061264
chronological,logistic,2345,2,24,12h_fp_ipcw,27.284431079121596
chronological,logistic,2345,2,24,12h_fn_ipcw,0.0
chronological,logistic,2345,2,24,12h_tss,0.9584717607973421
chronological,logistic,2345,2,24,12h_hss2,0.6443527312086195
chronological,logistic,2345,2,24,12h_far,0.5040959577463552
chronological,logistic,2345,2,24,12h_precision,0.49590404225364487
chronological,logistic,2345,2,24,12h_recall,1.0
chronological,logistic,2345,2,24,12h_f1,0.663015846265839
chronological,logistic,2345,2,24,12h_alert_fraction,0.08121019108280254
chronological,logistic,2345,2,24,12h_known_count,628.0
chronological,logistic,2345,2,24,12h_auc,0.997875514530112
chronological,logistic,2345,2,24,12h_average_precision,0.9604023093998871
chronological,logistic,2345,2,24,12h_brier,0.009275003683918459
chronological,logistic,2345,2,24,12h_km_reference_brier,0.03719403170926477
chronological,logistic,2345,2,24,12h_bss,0.7506319358864202
chronological,logistic,2345,2,24,12h_predicted_survival_mean,0.9644463409852763
chronological,logistic,2345,2,24,12h_observed_survival_km,0.9613497134749082
chronological,logistic,2345,2,24,12h_ece,0.013218748057093686
chronological,logistic,2345,2,24,12h_calibration_intercept,1.0558415358087652
chronological,logistic,2345,2,24,12h_calibration_slope,1.8919255079093704
chronological,logistic,2345,2,24,24h_threshold,0.25343690188703094
chronological,logistic,2345,2,24,24h_tp_ipcw,24.76472870876398
chronological,logistic,2345,2,24,24h_tn_ipcw,648.9559094238693
chronological,logistic,2345,2,24,24h_fp_ipcw,10.561669411961708
chronological,logistic,2345,2,24,24h_fn_ipcw,3.2455583425523042
chronological,logistic,2345,2,24,24h_tss,0.8681155372826814
chronological,logistic,2345,2,24,24h_hss2,0.7716237570343861
chronological,logistic,2345,2,24,24h_far,0.2989738545058538
chronological,logistic,2345,2,24,24h_precision,0.7010261454941462
chronological,logistic,2345,2,24,24h_recall,0.8841297721581263
chronological,logistic,2345,2,24,24h_f1,0.7820026779581325
chronological,logistic,2345,2,24,24h_alert_fraction,0.05602716468590832
chronological,logistic,2345,2,24,24h_known_count,589.0
chronological,logistic,2345,2,24,24h_auc,0.991545626567895
chronological,logistic,2345,2,24,24h_average_precision,0.9253502780115325
chronological,logistic,2345,2,24,24h_brier,0.011036617840981314
chronological,logistic,2345,2,24,24h_km_reference_brier,0.040508589474213846
chronological,logistic,2345,2,24,24h_bss,0.7275487005538224
chronological,logistic,2345,2,24,24h_predicted_survival_mean,0.9497717342696178
chronological,logistic,2345,2,24,24h_observed_survival_km,0.9596542113347408
chronological,logistic,2345,2,24,24h_ece,0.013296728562537363
chronological,logistic,2345,2,24,24h_calibration_intercept,-0.292140593235087
chronological,logistic,2345,2,24,24h_calibration_slope,1.5395345057682825
chronological,logistic,2345,2,24,48h_threshold,0.13043557813023843
chronological,logistic,2345,2,24,48h_tp_ipcw,31.68516142832763
chronological,logistic,2345,2,24,48h_tn_ipcw,614.630329921964
chronological,logistic,2345,2,24,48h_fp_ipcw,31.92884830763449
chronological,logistic,2345,2,24,48h_fn_ipcw,1.169247255604473
chronological,logistic,2345,2,24,48h_tss,0.9150285364296096
chronological,logistic,2345,2,24,48h_hss2,0.633530310106276
chronological,logistic,2345,2,24,48h_far,0.5019153554407144
chronological,logistic,2345,2,24,48h_precision,0.4980846445592857
chronological,logistic,2345,2,24,48h_recall,0.9644112524789921
chronological,logistic,2345,2,24,48h_f1,0.6569022680648271
chronological,logistic,2345,2,24,48h_alert_fraction,0.10444874274661509
chronological,logistic,2345,2,24,48h_known_count,517.0
chronological,logistic,2345,2,24,48h_auc,0.9903192609215171
chronological,logistic,2345,2,24,48h_average_precision,0.9253826014182239
chronological,logistic,2345,2,24,48h_brier,0.01138023048722031
chronological,logistic,2345,2,24,48h_km_reference_brier,0.048246055336417265
chronological,logistic,2345,2,24,48h_bss,0.7641210165708565
chronological,logistic,2345,2,24,48h_predicted_survival_mean,0.9366531166263143
chronological,logistic,2345,2,24,48h_observed_survival_km,0.9525778467901921
chronological,logistic,2345,2,24,48h_ece,0.02170566005173791
chronological,logistic,2345,2,24,48h_calibration_intercept,-0.44327707701804053
chronological,logistic,2345,2,24,48h_calibration_slope,1.635827848040247
chronological,logistic,2345,2,24,72h_threshold,0.20944832320202278
chronological,logistic,2345,2,24,72h_tp_ipcw,30.669331814674898
chronological,logistic,2345,2,24,72h_tn_ipcw,637.7097486993379
chronological,logistic,2345,2,24,72h_fp_ipcw,18.0483891141322
chronological,logistic,2345,2,24,72h_fn_ipcw,2.185076869257207
chronological,logistic,2345,2,24,72h_tss,0.9059691903370095
chronological,logistic,2345,2,24,72h_hss2,0.736965995859321
chronological,logistic,2345,2,24,72h_far,0.37046866663789424
chronological,logistic,2345,2,24,72h_precision,0.6295313333621058
chronological,logistic,2345,2,24,72h_recall,0.9334921261168261
chronological,logistic,2345,2,24,72h_f1,0.7519561389478604
chronological,logistic,2345,2,24,72h_alert_fraction,0.08779443254817987
chronological,logistic,2345,2,24,72h_known_count,467.0
chronological,logistic,2345,2,24,72h_auc,0.9889109319182006
chronological,logistic,2345,2,24,72h_average_precision,0.9430115974921748
chronological,logistic,2345,2,24,72h_brier,0.010998381338563666
chronological,logistic,2345,2,24,72h_km_reference_brier,0.05083338933226156
chronological,logistic,2345,2,24,72h_bss,0.7836386382447351
chronological,logistic,2345,2,24,72h_predicted_survival_mean,0.9233578424861494
chronological,logistic,2345,2,24,72h_observed_survival_km,0.9525778467901921
chronological,logistic,2345,2,24,72h_ece,0.034572383390916166
chronological,logistic,2345,2,24,72h_calibration_intercept,-0.7520000652545966
chronological,logistic,2345,2,24,72h_calibration_slope,1.8231884327259547
chronological,logistic,2345,2,24,144h_threshold,0.19796820204292143
chronological,logistic,2345,2,24,144h_tp_ipcw,35.14731788723395
chronological,logistic,2345,2,24,144h_tn_ipcw,531.2402475259325
chronological,logistic,2345,2,24,144h_fp_ipcw,72.53882897944457
chronological,logistic,2345,2,24,144h_fn_ipcw,1.169247255604473
chronological,logistic,2345,2,24,144h_tss,0.8476626813577255
chronological,logistic,2345,2,24,144h_hss2,0.440687347208738
chronological,logistic,2345,2,24,144h_far,0.6736133763728375
chronological,logistic,2345,2,24,144h_precision,0.32638662362716253
chronological,logistic,2345,2,24,144h_recall,0.9678040241139091
chronological,logistic,2345,2,24,144h_f1,0.4881479993919991
chronological,logistic,2345,2,24,144h_alert_fraction,0.2088607594936709
chronological,logistic,2345,2,24,144h_known_count,316.0
chronological,logistic,2345,2,24,144h_auc,0.9855814737846116
chronological,logistic,2345,2,24,144h_average_precision,0.9246794186800668
chronological,logistic,2345,2,24,144h_brier,0.019429178548518958
chronological,logistic,2345,2,24,144h_km_reference_brier,0.05843412983047235
chronological,logistic,2345,2,24,144h_bss,0.6675029027575766
chronological,logistic,2345,2,24,144h_predicted_survival_mean,0.8465029787458902
chronological,logistic,2345,2,24,144h_observed_survival_km,0.9473444532866776
chronological,logistic,2345,2,24,144h_ece,0.07410048214225644
chronological,logistic,2345,2,24,144h_calibration_intercept,-1.4459117056884891
chronological,logistic,2345,2,24,144h_calibration_slope,2.002120499002858
chronological,logistic,2345,2,24,integrated_brier_score,0.013293995507062124
chronological,logistic,2345,2,24,integrated_auc,0.9890257152715064
chronological,logistic,2346,2,24,harrell_c_index,0.9651336349643174
chronological,logistic,2346,2,24,uno_c_index,0.8094923017802743
chronological,logistic,2346,2,24,event_event_pairs,703.0
chronological,logistic,2346,2,24,event_event_fraction,0.0327907085218527
chronological,logistic,2346,2,24,event_event_c_index,0.7439544807965861
chronological,logistic,2346,2,24,event_censored_pairs,20736.0
chronological,logistic,2346,2,24,event_censored_fraction,0.9672092914781473
chronological,logistic,2346,2,24,event_censored_c_index,0.972632137345679
chronological,logistic,2346,2,24,12h_threshold,0.04505940210596404
chronological,logistic,2346,2,24,12h_tp_ipcw,26.841039795711808
chronological,logistic,2346,2,24,12h_tn_ipcw,629.7246693061264
chronological,logistic,2346,2,24,12h_fp_ipcw,27.284431079121596
chronological,logistic,2346,2,24,12h_fn_ipcw,0.0
chronological,logistic,2346,2,24,12h_tss,0.9584717607973421
chronological,logistic,2346,2,24,12h_hss2,0.6443527312086195
chronological,logistic,2346,2,24,12h_far,0.5040959577463552
chronological,logistic,2346,2,24,12h_precision,0.49590404225364487
chronological,logistic,2346,2,24,12h_recall,1.0
chronological,logistic,2346,2,24,12h_f1,0.663015846265839
chronological,logistic,2346,2,24,12h_alert_fraction,0.08121019108280254
chronological,logistic,2346,2,24,12h_known_count,628.0
chronological,logistic,2346,2,24,12h_auc,0.997875514530112
chronological,logistic,2346,2,24,12h_average_precision,0.9604023093998871
chronological,logistic,2346,2,24,12h_brier,0.009275003683918459
chronological,logistic,2346,2,24,12h_km_reference_brier,0.03719403170926477
chronological,logistic,2346,2,24,12h_bss,0.7506319358864202
chronological,logistic,2346,2,24,12h_predicted_survival_mean,0.9644463409852763
chronological,logistic,2346,2,24,12h_observed_survival_km,0.9613497134749082
chronological,logistic,2346,2,24,12h_ece,0.013218748057093686
chronological,logistic,2346,2,24,12h_calibration_intercept,1.0558415358087652
chronological,logistic,2346,2,24,12h_calibration_slope,1.8919255079093704
chronological,logistic,2346,2,24,24h_threshold,0.25343690188703094
chronological,logistic,2346,2,24,24h_tp_ipcw,24.76472870876398
chronological,logistic,2346,2,24,24h_tn_ipcw,648.9559094238693
chronological,logistic,2346,2,24,24h_fp_ipcw,10.561669411961708
chronological,logistic,2346,2,24,24h_fn_ipcw,3.2455583425523042
chronological,logistic,2346,2,24,24h_tss,0.8681155372826814
chronological,logistic,2346,2,24,24h_hss2,0.7716237570343861
chronological,logistic,2346,2,24,24h_far,0.2989738545058538
chronological,logistic,2346,2,24,24h_precision,0.7010261454941462
chronological,logistic,2346,2,24,24h_recall,0.8841297721581263
chronological,logistic,2346,2,24,24h_f1,0.7820026779581325
chronological,logistic,2346,2,24,24h_alert_fraction,0.05602716468590832
chronological,logistic,2346,2,24,24h_known_count,589.0
chronological,logistic,2346,2,24,24h_auc,0.991545626567895
chronological,logistic,2346,2,24,24h_average_precision,0.9253502780115325
chronological,logistic,2346,2,24,24h_brier,0.011036617840981314
chronological,logistic,2346,2,24,24h_km_reference_brier,0.040508589474213846
chronological,logistic,2346,2,24,24h_bss,0.7275487005538224
chronological,logistic,2346,2,24,24h_predicted_survival_mean,0.9497717342696178
chronological,logistic,2346,2,24,24h_observed_survival_km,0.9596542113347408
chronological,logistic,2346,2,24,24h_ece,0.013296728562537363
chronological,logistic,2346,2,24,24h_calibration_intercept,-0.292140593235087
chronological,logistic,2346,2,24,24h_calibration_slope,1.5395345057682825
chronological,logistic,2346,2,24,48h_threshold,0.13043557813023843
chronological,logistic,2346,2,24,48h_tp_ipcw,31.68516142832763
chronological,logistic,2346,2,24,48h_tn_ipcw,614.630329921964
chronological,logistic,2346,2,24,48h_fp_ipcw,31.92884830763449
chronological,logistic,2346,2,24,48h_fn_ipcw,1.169247255604473
chronological,logistic,2346,2,24,48h_tss,0.9150285364296096
chronological,logistic,2346,2,24,48h_hss2,0.633530310106276
chronological,logistic,2346,2,24,48h_far,0.5019153554407144
chronological,logistic,2346,2,24,48h_precision,0.4980846445592857
chronological,logistic,2346,2,24,48h_recall,0.9644112524789921
chronological,logistic,2346,2,24,48h_f1,0.6569022680648271
chronological,logistic,2346,2,24,48h_alert_fraction,0.10444874274661509
chronological,logistic,2346,2,24,48h_known_count,517.0
chronological,logistic,2346,2,24,48h_auc,0.9903192609215171
chronological,logistic,2346,2,24,48h_average_precision,0.9253826014182239
chronological,logistic,2346,2,24,48h_brier,0.01138023048722031
chronological,logistic,2346,2,24,48h_km_reference_brier,0.048246055336417265
chronological,logistic,2346,2,24,48h_bss,0.7641210165708565
chronological,logistic,2346,2,24,48h_predicted_survival_mean,0.9366531166263143
chronological,logistic,2346,2,24,48h_observed_survival_km,0.9525778467901921
chronological,logistic,2346,2,24,48h_ece,0.02170566005173791
chronological,logistic,2346,2,24,48h_calibration_intercept,-0.44327707701804053
chronological,logistic,2346,2,24,48h_calibration_slope,1.635827848040247
chronological,logistic,2346,2,24,72h_threshold,0.20944832320202278
chronological,logistic,2346,2,24,72h_tp_ipcw,30.669331814674898
chronological,logistic,2346,2,24,72h_tn_ipcw,637.7097486993379
chronological,logistic,2346,2,24,72h_fp_ipcw,18.0483891141322
chronological,logistic,2346,2,24,72h_fn_ipcw,2.185076869257207
chronological,logistic,2346,2,24,72h_tss,0.9059691903370095
chronological,logistic,2346,2,24,72h_hss2,0.736965995859321
chronological,logistic,2346,2,24,72h_far,0.37046866663789424
chronological,logistic,2346,2,24,72h_precision,0.6295313333621058
chronological,logistic,2346,2,24,72h_recall,0.9334921261168261
chronological,logistic,2346,2,24,72h_f1,0.7519561389478604
chronological,logistic,2346,2,24,72h_alert_fraction,0.08779443254817987
chronological,logistic,2346,2,24,72h_known_count,467.0
chronological,logistic,2346,2,24,72h_auc,0.9889109319182006
chronological,logistic,2346,2,24,72h_average_precision,0.9430115974921748
chronological,logistic,2346,2,24,72h_brier,0.010998381338563666
chronological,logistic,2346,2,24,72h_km_reference_brier,0.05083338933226156
chronological,logistic,2346,2,24,72h_bss,0.7836386382447351
chronological,logistic,2346,2,24,72h_predicted_survival_mean,0.9233578424861494
chronological,logistic,2346,2,24,72h_observed_survival_km,0.9525778467901921
chronological,logistic,2346,2,24,72h_ece,0.034572383390916166
chronological,logistic,2346,2,24,72h_calibration_intercept,-0.7520000652545966
chronological,logistic,2346,2,24,72h_calibration_slope,1.8231884327259547
chronological,logistic,2346,2,24,144h_threshold,0.19796820204292143
chronological,logistic,2346,2,24,144h_tp_ipcw,35.14731788723395
chronological,logistic,2346,2,24,144h_tn_ipcw,531.2402475259325
chronological,logistic,2346,2,24,144h_fp_ipcw,72.53882897944457
chronological,logistic,2346,2,24,144h_fn_ipcw,1.169247255604473
chronological,logistic,2346,2,24,144h_tss,0.8476626813577255
chronological,logistic,2346,2,24,144h_hss2,0.440687347208738
chronological,logistic,2346,2,24,144h_far,0.6736133763728375
chronological,logistic,2346,2,24,144h_precision,0.32638662362716253
chronological,logistic,2346,2,24,144h_recall,0.9678040241139091
chronological,logistic,2346,2,24,144h_f1,0.4881479993919991
chronological,logistic,2346,2,24,144h_alert_fraction,0.2088607594936709
chronological,logistic,2346,2,24,144h_known_count,316.0
chronological,logistic,2346,2,24,144h_auc,0.9855814737846116
chronological,logistic,2346,2,24,144h_average_precision,0.9246794186800668
chronological,logistic,2346,2,24,144h_brier,0.019429178548518958
chronological,logistic,2346,2,24,144h_km_reference_brier,0.05843412983047235
chronological,logistic,2346,2,24,144h_bss,0.6675029027575766
chronological,logistic,2346,2,24,144h_predicted_survival_mean,0.8465029787458902
chronological,logistic,2346,2,24,144h_observed_survival_km,0.9473444532866776
chronological,logistic,2346,2,24,144h_ece,0.07410048214225644
chronological,logistic,2346,2,24,144h_calibration_intercept,-1.4459117056884891
chronological,logistic,2346,2,24,144h_calibration_slope,2.002120499002858
chronological,logistic,2346,2,24,integrated_brier_score,0.013293995507062124
chronological,logistic,2346,2,24,integrated_auc,0.9890257152715064
chronological,logistic,2347,2,24,harrell_c_index,0.9651336349643174
chronological,logistic,2347,2,24,uno_c_index,0.8094923017802743
chronological,logistic,2347,2,24,event_event_pairs,703.0
chronological,logistic,2347,2,24,event_event_fraction,0.0327907085218527
chronological,logistic,2347,2,24,event_event_c_index,0.7439544807965861
chronological,logistic,2347,2,24,event_censored_pairs,20736.0
chronological,logistic,2347,2,24,event_censored_fraction,0.9672092914781473
chronological,logistic,2347,2,24,event_censored_c_index,0.972632137345679
chronological,logistic,2347,2,24,12h_threshold,0.04505940210596404
chronological,logistic,2347,2,24,12h_tp_ipcw,26.841039795711808
chronological,logistic,2347,2,24,12h_tn_ipcw,629.7246693061264
chronological,logistic,2347,2,24,12h_fp_ipcw,27.284431079121596
chronological,logistic,2347,2,24,12h_fn_ipcw,0.0
chronological,logistic,2347,2,24,12h_tss,0.9584717607973421
chronological,logistic,2347,2,24,12h_hss2,0.6443527312086195
chronological,logistic,2347,2,24,12h_far,0.5040959577463552
chronological,logistic,2347,2,24,12h_precision,0.49590404225364487
chronological,logistic,2347,2,24,12h_recall,1.0
chronological,logistic,2347,2,24,12h_f1,0.663015846265839
chronological,logistic,2347,2,24,12h_alert_fraction,0.08121019108280254
chronological,logistic,2347,2,24,12h_known_count,628.0
chronological,logistic,2347,2,24,12h_auc,0.997875514530112
chronological,logistic,2347,2,24,12h_average_precision,0.9604023093998871
chronological,logistic,2347,2,24,12h_brier,0.009275003683918459
chronological,logistic,2347,2,24,12h_km_reference_brier,0.03719403170926477
chronological,logistic,2347,2,24,12h_bss,0.7506319358864202
chronological,logistic,2347,2,24,12h_predicted_survival_mean,0.9644463409852763
chronological,logistic,2347,2,24,12h_observed_survival_km,0.9613497134749082
chronological,logistic,2347,2,24,12h_ece,0.013218748057093686
chronological,logistic,2347,2,24,12h_calibration_intercept,1.0558415358087652
chronological,logistic,2347,2,24,12h_calibration_slope,1.8919255079093704
chronological,logistic,2347,2,24,24h_threshold,0.25343690188703094
chronological,logistic,2347,2,24,24h_tp_ipcw,24.76472870876398
chronological,logistic,2347,2,24,24h_tn_ipcw,648.9559094238693
chronological,logistic,2347,2,24,24h_fp_ipcw,10.561669411961708
chronological,logistic,2347,2,24,24h_fn_ipcw,3.2455583425523042
chronological,logistic,2347,2,24,24h_tss,0.8681155372826814
chronological,logistic,2347,2,24,24h_hss2,0.7716237570343861
chronological,logistic,2347,2,24,24h_far,0.2989738545058538
chronological,logistic,2347,2,24,24h_precision,0.7010261454941462
chronological,logistic,2347,2,24,24h_recall,0.8841297721581263
chronological,logistic,2347,2,24,24h_f1,0.7820026779581325
chronological,logistic,2347,2,24,24h_alert_fraction,0.05602716468590832
chronological,logistic,2347,2,24,24h_known_count,589.0
chronological,logistic,2347,2,24,24h_auc,0.991545626567895
chronological,logistic,2347,2,24,24h_average_precision,0.9253502780115325
chronological,logistic,2347,2,24,24h_brier,0.011036617840981314
chronological,logistic,2347,2,24,24h_km_reference_brier,0.040508589474213846
chronological,logistic,2347,2,24,24h_bss,0.7275487005538224
chronological,logistic,2347,2,24,24h_predicted_survival_mean,0.9497717342696178
chronological,logistic,2347,2,24,24h_observed_survival_km,0.9596542113347408
chronological,logistic,2347,2,24,24h_ece,0.013296728562537363
chronological,logistic,2347,2,24,24h_calibration_intercept,-0.292140593235087
chronological,logistic,2347,2,24,24h_calibration_slope,1.5395345057682825
chronological,logistic,2347,2,24,48h_threshold,0.13043557813023843
chronological,logistic,2347,2,24,48h_tp_ipcw,31.68516142832763
chronological,logistic,2347,2,24,48h_tn_ipcw,614.630329921964
chronological,logistic,2347,2,24,48h_fp_ipcw,31.92884830763449
chronological,logistic,2347,2,24,48h_fn_ipcw,1.169247255604473
chronological,logistic,2347,2,24,48h_tss,0.9150285364296096
chronological,logistic,2347,2,24,48h_hss2,0.633530310106276
chronological,logistic,2347,2,24,48h_far,0.5019153554407144
chronological,logistic,2347,2,24,48h_precision,0.4980846445592857
chronological,logistic,2347,2,24,48h_recall,0.9644112524789921
chronological,logistic,2347,2,24,48h_f1,0.6569022680648271
chronological,logistic,2347,2,24,48h_alert_fraction,0.10444874274661509
chronological,logistic,2347,2,24,48h_known_count,517.0
chronological,logistic,2347,2,24,48h_auc,0.9903192609215171
chronological,logistic,2347,2,24,48h_average_precision,0.9253826014182239
chronological,logistic,2347,2,24,48h_brier,0.01138023048722031
chronological,logistic,2347,2,24,48h_km_reference_brier,0.048246055336417265
chronological,logistic,2347,2,24,48h_bss,0.7641210165708565
chronological,logistic,2347,2,24,48h_predicted_survival_mean,0.9366531166263143
chronological,logistic,2347,2,24,48h_observed_survival_km,0.9525778467901921
chronological,logistic,2347,2,24,48h_ece,0.02170566005173791
chronological,logistic,2347,2,24,48h_calibration_intercept,-0.44327707701804053
chronological,logistic,2347,2,24,48h_calibration_slope,1.635827848040247
chronological,logistic,2347,2,24,72h_threshold,0.20944832320202278
chronological,logistic,2347,2,24,72h_tp_ipcw,30.669331814674898
chronological,logistic,2347,2,24,72h_tn_ipcw,637.7097486993379
chronological,logistic,2347,2,24,72h_fp_ipcw,18.0483891141322
chronological,logistic,2347,2,24,72h_fn_ipcw,2.185076869257207
chronological,logistic,2347,2,24,72h_tss,0.9059691903370095
chronological,logistic,2347,2,24,72h_hss2,0.736965995859321
chronological,logistic,2347,2,24,72h_far,0.37046866663789424
chronological,logistic,2347,2,24,72h_precision,0.6295313333621058
chronological,logistic,2347,2,24,72h_recall,0.9334921261168261
chronological,logistic,2347,2,24,72h_f1,0.7519561389478604
chronological,logistic,2347,2,24,72h_alert_fraction,0.08779443254817987
chronological,logistic,2347,2,24,72h_known_count,467.0
chronological,logistic,2347,2,24,72h_auc,0.9889109319182006
chronological,logistic,2347,2,24,72h_average_precision,0.9430115974921748
chronological,logistic,2347,2,24,72h_brier,0.010998381338563666
chronological,logistic,2347,2,24,72h_km_reference_brier,0.05083338933226156
chronological,logistic,2347,2,24,72h_bss,0.7836386382447351
chronological,logistic,2347,2,24,72h_predicted_survival_mean,0.9233578424861494
chronological,logistic,2347,2,24,72h_observed_survival_km,0.9525778467901921
chronological,logistic,2347,2,24,72h_ece,0.034572383390916166
chronological,logistic,2347,2,24,72h_calibration_intercept,-0.7520000652545966
chronological,logistic,2347,2,24,72h_calibration_slope,1.8231884327259547
chronological,logistic,2347,2,24,144h_threshold,0.19796820204292143
chronological,logistic,2347,2,24,144h_tp_ipcw,35.14731788723395
chronological,logistic,2347,2,24,144h_tn_ipcw,531.2402475259325
chronological,logistic,2347,2,24,144h_fp_ipcw,72.53882897944457
chronological,logistic,2347,2,24,144h_fn_ipcw,1.169247255604473
chronological,logistic,2347,2,24,144h_tss,0.8476626813577255
chronological,logistic,2347,2,24,144h_hss2,0.440687347208738
chronological,logistic,2347,2,24,144h_far,0.6736133763728375
chronological,logistic,2347,2,24,144h_precision,0.32638662362716253
chronological,logistic,2347,2,24,144h_recall,0.9678040241139091
chronological,logistic,2347,2,24,144h_f1,0.4881479993919991
chronological,logistic,2347,2,24,144h_alert_fraction,0.2088607594936709
chronological,logistic,2347,2,24,144h_known_count,316.0
chronological,logistic,2347,2,24,144h_auc,0.9855814737846116
chronological,logistic,2347,2,24,144h_average_precision,0.9246794186800668
chronological,logistic,2347,2,24,144h_brier,0.019429178548518958
chronological,logistic,2347,2,24,144h_km_reference_brier,0.05843412983047235
chronological,logistic,2347,2,24,144h_bss,0.6675029027575766
chronological,logistic,2347,2,24,144h_predicted_survival_mean,0.8465029787458902
chronological,logistic,2347,2,24,144h_observed_survival_km,0.9473444532866776
chronological,logistic,2347,2,24,144h_ece,0.07410048214225644
chronological,logistic,2347,2,24,144h_calibration_intercept,-1.4459117056884891
chronological,logistic,2347,2,24,144h_calibration_slope,2.002120499002858
chronological,logistic,2347,2,24,integrated_brier_score,0.013293995507062124
chronological,logistic,2347,2,24,integrated_auc,0.9890257152715064
chronological,lstm_classifier,2345,2,24,harrell_c_index,0.9588600214562246
chronological,lstm_classifier,2345,2,24,uno_c_index,0.8432801092405153
chronological,lstm_classifier,2345,2,24,event_event_pairs,703.0
chronological,lstm_classifier,2345,2,24,event_event_fraction,0.0327907085218527
chronological,lstm_classifier,2345,2,24,event_event_c_index,0.6984352773826458
chronological,lstm_classifier,2345,2,24,event_censored_pairs,20736.0
chronological,lstm_classifier,2345,2,24,event_censored_fraction,0.9672092914781473
chronological,lstm_classifier,2345,2,24,event_censored_c_index,0.9676890432098766
chronological,lstm_classifier,2345,2,24,12h_threshold,0.0198514461517334
chronological,lstm_classifier,2345,2,24,12h_tp_ipcw,26.841039795711808
chronological,lstm_classifier,2345,2,24,12h_tn_ipcw,557.6937712572453
chronological,lstm_classifier,2345,2,24,12h_fp_ipcw,99.31532912800259
chronological,lstm_classifier,2345,2,24,12h_fn_ipcw,0.0
chronological,lstm_classifier,2345,2,24,12h_tss,0.8488372093023258
chronological,lstm_classifier,2345,2,24,12h_hss2,0.3059442306113145
chronological,lstm_classifier,2345,2,24,12h_far,0.7872399148397943
chronological,lstm_classifier,2345,2,24,12h_precision,0.21276008516020575
chronological,lstm_classifier,2345,2,24,12h_recall,1.0
chronological,lstm_classifier,2345,2,24,12h_f1,0.35086920779075625
chronological,lstm_classifier,2345,2,24,12h_alert_fraction,0.18630573248407642
chronological,lstm_classifier,2345,2,24,12h_known_count,628.0
chronological,lstm_classifier,2345,2,24,12h_auc,0.9904532453811458
chronological,lstm_classifier,2345,2,24,12h_average_precision,0.8671303999385392
chronological,lstm_classifier,2345,2,24,12h_brier,0.014287804353244843
chronological,lstm_classifier,2345,2,24,12h_km_reference_brier,0.03719403170926477
chronological,lstm_classifier,2345,2,24,12h_bss,0.6158576068083027
chronological,lstm_classifier,2345,2,24,12h_predicted_survival_mean,0.9622659683227539
chronological,lstm_classifier,2345,2,24,12h_observed_survival_km,0.9613497134749082
chronological,lstm_classifier,2345,2,24,12h_ece,0.02046757708611487
chronological,lstm_classifier,2345,2,24,12h_calibration_intercept,1.120699852640141
chronological,lstm_classifier,2345,2,24,12h_calibration_slope,1.6197544656581746
chronological,lstm_classifier,2345,2,24,24h_threshold,0.02800983190536499
chronological,lstm_classifier,2345,2,24,24h_tp_ipcw,26.841039795711808
chronological,lstm_classifier,2345,2,24,24h_tn_ipcw,559.7684788339706
chronological,lstm_classifier,2345,2,24,24h_fp_ipcw,99.7491000018606
chronological,lstm_classifier,2345,2,24,24h_fn_ipcw,1.169247255604473
chronological,lstm_classifier,2345,2,24,24h_tss,0.8070109541793866
chronological,lstm_classifier,2345,2,24,24h_hss2,0.30056591015745604
chronological,lstm_classifier,2345,2,24,24h_far,0.7879689536749644
chronological,lstm_classifier,2345,2,24,24h_precision,0.2120310463250356
chronological,lstm_classifier,2345,2,24,24h_recall,0.95825650578081
chronological,lstm_classifier,2345,2,24,24h_f1,0.3472311214502284
chronological,lstm_classifier,2345,2,24,24h_alert_fraction,0.18845500848896435
chronological,lstm_classifier,2345,2,24,24h_known_count,589.0
chronological,lstm_classifier,2345,2,24,24h_auc,0.9817948538795666
chronological,lstm_classifier,2345,2,24,24h_average_precision,0.8301168721770169
chronological,lstm_classifier,2345,2,24,24h_brier,0.015392506457167639
chronological,lstm_classifier,2345,2,24,24h_km_reference_brier,0.040508589474213846
chronological,lstm_classifier,2345,2,24,24h_bss,0.6200187008000885
chronological,lstm_classifier,2345,2,24,24h_predicted_survival_mean,0.9523532390594482
chronological,lstm_classifier,2345,2,24,24h_observed_survival_km,0.9596542113347408
chronological,lstm_classifier,2345,2,24,24h_ece,0.014032452647562709
chronological,lstm_classifier,2345,2,24,24h_calibration_intercept,0.12006483308410967
chronological,lstm_classifier,2345,2,24,24h_calibration_slope,1.3680327731457254
chronological,lstm_classifier,2345,2,24,48h_threshold,0.03508925437927246
chronological,lstm_classifier,2345,2,24,48h_tp_ipcw,31.68516142832763
chronological,lstm_classifier,2345,2,24,48h_tn_ipcw,520.1741536785453
chronological,lstm_classifier,2345,2,24,48h_fp_ipcw,126.38502455105315
chronological,lstm_classifier,2345,2,24,48h_fn_ipcw,1.169247255604473
chronological,lstm_classifier,2345,2,24,48h_tss,0.7689380014501856
chronological,lstm_classifier,2345,2,24,48h_hss2,0.2737619201019998
chronological,lstm_classifier,2345,2,24,48h_far,0.799550046506172
chronological,lstm_classifier,2345,2,24,48h_precision,0.20044995349382808
chronological,lstm_classifier,2345,2,24,48h_recall,0.9644112524789921
chronological,lstm_classifier,2345,2,24,48h_f1,0.33191283170408736
chronological,lstm_classifier,2345,2,24,48h_alert_fraction,0.24177949709864605
chronological,lstm_classifier,2345,2,24,48h_known_count,517.0
chronological,lstm_classifier,2345,2,24,48h_auc,0.9814111288387162
chronological,lstm_classifier,2345,2,24,48h_average_precision,0.8720968853652623
chronological,lstm_classifier,2345,2,24,48h_brier,0.014117413880381884
chronological,lstm_classifier,2345,2,24,48h_km_reference_brier,0.048246055336417265
chronological,lstm_classifier,2345,2,24,48h_bss,0.7073871888190261
chronological,lstm_classifier,2345,2,24,48h_predicted_survival_mean,0.9391793608665466
chronological,lstm_classifier,2345,2,24,48h_observed_survival_km,0.9525778467901921
chronological,lstm_classifier,2345,2,24,48h_ece,0.02105933263335436
chronological,lstm_classifier,2345,2,24,48h_calibration_intercept,0.02543887489350787
chronological,lstm_classifier,2345,2,24,48h_calibration_slope,1.4673637229611955
chronological,lstm_classifier,2345,2,24,72h_threshold,0.06869876384735107
chronological,lstm_classifier,2345,2,24,72h_tp_ipcw,30.639306148961744
chronological,lstm_classifier,2345,2,24,72h_tn_ipcw,547.4678031286768
chronological,lstm_classifier,2345,2,24,72h_fp_ipcw,108.29033468479321
chronological,lstm_classifier,2345,2,24,72h_fn_ipcw,2.2151025349703586
chronological,lstm_classifier,2345,2,24,72h_tss,0.7674406107799665
chronological,lstm_classifier,2345,2,24,72h_hss2,0.30292399307199
chronological,lstm_classifier,2345,2,24,72h_far,0.779461704751507
chronological,lstm_classifier,2345,2,24,72h_precision,0.22053829524849305
chronological,lstm_classifier,2345,2,24,72h_recall,0.9325782254588657
chronological,lstm_classifier,2345,2,24,72h_f1,0.35671887157145044
chronological,lstm_classifier,2345,2,24,72h_alert_fraction,0.21627408993576017
chronological,lstm_classifier,2345,2,24,72h_known_count,467.0
chronological,lstm_classifier,2345,2,24,72h_auc,0.9790542730348641
chronological,lstm_classifier,2345,2,24,72h_average_precision,0.8925359128715566
chronological,lstm_classifier,2345,2,24,72h_brier,0.011974857546339342
chronological,lstm_classifier,2345,2,24,72h_km_reference_brier,0.05083338933226156
chronological,lstm_classifier,2345,2,24,72h_bss,0.7644292913842858
chronological,lstm_classifier,2345,2,24,72h_predicted_survival_mean,0.9228643774986267
chronological,lstm_classifier,2345,2,24,72h_observed_survival_km,0.9525778467901921
chronological,lstm_classifier,2345,2,24,72h_ece,0.02937576978050289
chronological,lstm_classifier,2345,2,24,72h_calibration_intercept,-0.2799195000503393
chronological,lstm_classifier,2345,2,24,72h_calibration_slope,1.5749416614196987
chronological,lstm_classifier,2345,2,24,144h_threshold,0.06773638725280762
chronological,lstm_classifier,2345,2,24,144h_tp_ipcw,35.14731788723395
chronological,lstm_classifier,2345,2,24,144h_tn_ipcw,409.6310342368636
chronological,lstm_classifier,2345,2,24,144h_fp_ipcw,194.1480422685135
chronological,lstm_classifier,2345,2,24,144h_fn_ipcw,1.169247255604473
chronological,lstm_classifier,2345,2,24,144h_tss,0.6462492537958879
chronological,lstm_classifier,2345,2,24,144h_hss2,0.18479636472184108
chronological,lstm_classifier,2345,2,24,144h_far,0.8467159655417347
chronological,lstm_classifier,2345,2,24,144h_precision,0.15328403445826533
chronological,lstm_classifier,2345,2,24,144h_recall,0.9678040241139091
chronological,lstm_classifier,2345,2,24,144h_f1,0.2646516555890578
chronological,lstm_classifier,2345,2,24,144h_alert_fraction,0.38924050632911394
chronological,lstm_classifier,2345,2,24,144h_known_count,316.0
chronological,lstm_classifier,2345,2,24,144h_auc,0.985437888605444
chronological,lstm_classifier,2345,2,24,144h_average_precision,0.9466658451047396
chronological,lstm_classifier,2345,2,24,144h_brier,0.014463171991515773
chronological,lstm_classifier,2345,2,24,144h_km_reference_brier,0.05843412983047235
chronological,lstm_classifier,2345,2,24,144h_bss,0.7524875952893288
chronological,lstm_classifier,2345,2,24,144h_predicted_survival_mean,0.8727089166641235
chronological,lstm_classifier,2345,2,24,144h_observed_survival_km,0.9473444532866776
chronological,lstm_classifier,2345,2,24,144h_ece,0.06350283690018652
chronological,lstm_classifier,2345,2,24,144h_calibration_intercept,-0.6011285396648474
chronological,lstm_classifier,2345,2,24,144h_calibration_slope,2.098960269368727
chronological,lstm_classifier,2345,2,24,integrated_brier_score,0.013614221434822032
chronological,lstm_classifier,2345,2,24,integrated_auc,0.982115629013013
chronological,lstm_classifier,2346,2,24,harrell_c_index,0.9608657120201501
chronological,lstm_classifier,2346,2,24,uno_c_index,0.8681815923804153
chronological,lstm_classifier,2346,2,24,event_event_pairs,703.0
chronological,lstm_classifier,2346,2,24,event_event_fraction,0.0327907085218527
chronological,lstm_classifier,2346,2,24,event_event_c_index,0.6870554765291608
chronological,lstm_classifier,2346,2,24,event_censored_pairs,20736.0
chronological,lstm_classifier,2346,2,24,event_censored_fraction,0.9672092914781473
chronological,lstm_classifier,2346,2,24,event_censored_c_index,0.9701485339506173
chronological,lstm_classifier,2346,2,24,12h_threshold,0.03245377540588379
chronological,lstm_classifier,2346,2,24,12h_tp_ipcw,25.795184516345923
chronological,lstm_classifier,2346,2,24,12h_tn_ipcw,638.4556872514454
chronological,lstm_classifier,2346,2,24,12h_fp_ipcw,18.553413133802685
chronological,lstm_classifier,2346,2,24,12h_fn_ipcw,1.0458552793658857
chronological,lstm_classifier,2346,2,24,12h_tss,0.9327960147806404
chronological,lstm_classifier,2346,2,24,12h_hss2,0.7105336653188664
chronological,lstm_classifier,2346,2,24,12h_far,0.41835399802637313
chronological,lstm_classifier,2346,2,24,12h_precision,0.5816460019736269
chronological,lstm_classifier,2346,2,24,12h_recall,0.9610352174384477
chronological,lstm_classifier,2346,2,24,12h_f1,0.7246893070908842
chronological,lstm_classifier,2346,2,24,12h_alert_fraction,0.06687898089171974
chronological,lstm_classifier,2346,2,24,12h_known_count,628.0
chronological,lstm_classifier,2346,2,24,12h_auc,0.9894206353117689
chronological,lstm_classifier,2346,2,24,12h_average_precision,0.8628590750943154
chronological,lstm_classifier,2346,2,24,12h_brier,0.01492428527859463
chronological,lstm_classifier,2346,2,24,12h_km_reference_brier,0.03719403170926477
chronological,lstm_classifier,2346,2,24,12h_bss,0.5987451590283746
chronological,lstm_classifier,2346,2,24,12h_predicted_survival_mean,0.9645664691925049
chronological,lstm_classifier,2346,2,24,12h_observed_survival_km,0.9613497134749082
chronological,lstm_classifier,2346,2,24,12h_ece,0.0205555450735295
chronological,lstm_classifier,2346,2,24,12h_calibration_intercept,1.1587220235228612
chronological,lstm_classifier,2346,2,24,12h_calibration_slope,1.5498282964466752
chronological,lstm_classifier,2346,2,24,24h_threshold,0.04421812295913696
chronological,lstm_classifier,2346,2,24,24h_tp_ipcw,25.795184516345923
chronological,lstm_classifier,2346,2,24,24h_tn_ipcw,616.0973823644331
chronological,lstm_classifier,2346,2,24,24h_fp_ipcw,43.420196471398114
chronological,lstm_classifier,2346,2,24,24h_fn_ipcw,2.2151025349703586
chronological,lstm_classifier,2346,2,24,24h_tss,0.8550819504624836
chronological,lstm_classifier,2346,2,24,24h_hss2,0.501721443050329
chronological,lstm_classifier,2346,2,24,24h_far,0.6273200530253026
chronological,lstm_classifier,2346,2,24,24h_precision,0.37267994697469736
chronological,lstm_classifier,2346,2,24,24h_recall,0.9209182493948678
chronological,lstm_classifier,2346,2,24,24h_f1,0.5306249889891779
chronological,lstm_classifier,2346,2,24,24h_alert_fraction,0.10526315789473684
chronological,lstm_classifier,2346,2,24,24h_known_count,589.0
chronological,lstm_classifier,2346,2,24,24h_auc,0.9806287990268221
chronological,lstm_classifier,2346,2,24,24h_average_precision,0.813526549349104
chronological,lstm_classifier,2346,2,24,24h_brier,0.016064944101095026
chronological,lstm_classifier,2346,2,24,24h_km_reference_brier,0.040508589474213846
chronological,lstm_classifier,2346,2,24,24h_bss,0.6034188227827254
chronological,lstm_classifier,2346,2,24,24h_predicted_survival_mean,0.9525893926620483
chronological,lstm_classifier,2346,2,24,24h_observed_survival_km,0.9596542113347408
chronological,lstm_classifier,2346,2,24,24h_ece,0.013988959782700006
chronological,lstm_classifier,2346,2,24,24h_calibration_intercept,0.08628603661740553
chronological,lstm_classifier,2346,2,24,24h_calibration_slope,1.3214001939620772
chronological,lstm_classifier,2346,2,24,48h_threshold,0.03834855556488037
chronological,lstm_classifier,2346,2,24,48h_tp_ipcw,30.639306148961744
chronological,lstm_classifier,2346,2,24,48h_tn_ipcw,518.8437849990605
chronological,lstm_classifier,2346,2,24,48h_fp_ipcw,127.71539323053797
chronological,lstm_classifier,2346,2,24,48h_fn_ipcw,2.2151025349703586
chronological,lstm_classifier,2346,2,24,48h_tss,0.7350473612613349
chronological,lstm_classifier,2346,2,24,48h_hss2,0.2613136096804224
chronological,lstm_classifier,2346,2,24,48h_far,0.8065147023168909
chronological,lstm_classifier,2346,2,24,48h_precision,0.19348529768310901
chronological,lstm_classifier,2346,2,24,48h_recall,0.9325782254588657
chronological,lstm_classifier,2346,2,24,48h_f1,0.3204795677285147
chronological,lstm_classifier,2346,2,24,48h_alert_fraction,0.24177949709864605
chronological,lstm_classifier,2346,2,24,48h_known_count,517.0
chronological,lstm_classifier,2346,2,24,48h_auc,0.9776540634302913
chronological,lstm_classifier,2346,2,24,48h_average_precision,0.8321200533567074
chronological,lstm_classifier,2346,2,24,48h_brier,0.014887710524763693
chronological,lstm_classifier,2346,2,24,48h_km_reference_brier,0.048246055336417265
chronological,lstm_classifier,2346,2,24,48h_bss,0.6914211862306161
chronological,lstm_classifier,2346,2,24,48h_predicted_survival_mean,0.9414218664169312
chronological,lstm_classifier,2346,2,24,48h_observed_survival_km,0.9525778467901921
chronological,lstm_classifier,2346,2,24,48h_ece,0.021516604243604576
chronological,lstm_classifier,2346,2,24,48h_calibration_intercept,0.1549930141252051
chronological,lstm_classifier,2346,2,24,48h_calibration_slope,1.408411221684727
chronological,lstm_classifier,2346,2,24,72h_threshold,0.06232553720474243
chronological,lstm_classifier,2346,2,24,72h_tp_ipcw,31.68516142832763
chronological,lstm_classifier,2346,2,24,72h_tn_ipcw,538.4436085716106
chronological,lstm_classifier,2346,2,24,72h_fp_ipcw,117.31452924185933
chronological,lstm_classifier,2346,2,24,72h_fn_ipcw,1.169247255604473
chronological,lstm_classifier,2346,2,24,72h_tss,0.7855121699101848
chronological,lstm_classifier,2346,2,24,72h_hss2,0.2932090725242813
chronological,lstm_classifier,2346,2,24,72h_far,0.7873474684020438
chronological,lstm_classifier,2346,2,24,72h_precision,0.21265253159795616
chronological,lstm_classifier,2346,2,24,72h_recall,0.9644112524789921
chronological,lstm_classifier,2346,2,24,72h_f1,0.3484679371085065
chronological,lstm_classifier,2346,2,24,72h_alert_fraction,0.23126338329764454
chronological,lstm_classifier,2346,2,24,72h_known_count,467.0
chronological,lstm_classifier,2346,2,24,72h_auc,0.9786242488723822
chronological,lstm_classifier,2346,2,24,72h_average_precision,0.8620211508958815
chronological,lstm_classifier,2346,2,24,72h_brier,0.013055691389676261
chronological,lstm_classifier,2346,2,24,72h_km_reference_brier,0.05083338933226156
chronological,lstm_classifier,2346,2,24,72h_bss,0.7431670096923789
chronological,lstm_classifier,2346,2,24,72h_predicted_survival_mean,0.9245480895042419
chronological,lstm_classifier,2346,2,24,72h_observed_survival_km,0.9525778467901921
chronological,lstm_classifier,2346,2,24,72h_ece,0.02759874055929279
chronological,lstm_classifier,2346,2,24,72h_calibration_intercept,-0.26082166344747804
chronological,lstm_classifier,2346,2,24,72h_calibration_slope,1.5476182799355036
chronological,lstm_classifier,2346,2,24,144h_threshold,0.21020644903182983
chronological,lstm_classifier,2346,2,24,144h_tp_ipcw,34.101462607868065
chronological,lstm_classifier,2346,2,24,144h_tn_ipcw,544.0412173458344
chronological,lstm_classifier,2346,2,24,144h_fp_ipcw,59.73785915954261
chronological,lstm_classifier,2346,2,24,144h_fn_ipcw,2.2151025349703586
chronological,lstm_classifier,2346,2,24,144h_tss,0.8400657963985214
chronological,lstm_classifier,2346,2,24,144h_hss2,0.4815986746155434
chronological,lstm_classifier,2346,2,24,144h_far,0.6365973030752327
chronological,lstm_classifier,2346,2,24,144h_precision,0.3634026969247674
chronological,lstm_classifier,2346,2,24,144h_recall,0.9390057257271432
chronological,lstm_classifier,2346,2,24,144h_f1,0.5240095306850505
chronological,lstm_classifier,2346,2,24,144h_alert_fraction,0.18670886075949367
chronological,lstm_classifier,2346,2,24,144h_known_count,316.0
chronological,lstm_classifier,2346,2,24,144h_auc,0.9832445958195462
chronological,lstm_classifier,2346,2,24,144h_average_precision,0.9397284029575338
chronological,lstm_classifier,2346,2,24,144h_brier,0.01633502710089806
chronological,lstm_classifier,2346,2,24,144h_km_reference_brier,0.05843412983047235
chronological,lstm_classifier,2346,2,24,144h_bss,0.7204540026815007
chronological,lstm_classifier,2346,2,24,144h_predicted_survival_mean,0.8723865747451782
chronological,lstm_classifier,2346,2,24,144h_observed_survival_km,0.9473444532866776
chronological,lstm_classifier,2346,2,24,144h_ece,0.06799289269141427
chronological,lstm_classifier,2346,2,24,144h_calibration_intercept,-0.5894983159426079
chronological,lstm_classifier,2346,2,24,144h_calibration_slope,2.195651933624383
chronological,lstm_classifier,2346,2,24,integrated_brier_score,0.01477843879107877
chronological,lstm_classifier,2346,2,24,integrated_auc,0.9804720387277152
chronological,lstm_classifier,2347,2,24,harrell_c_index,0.959792900788283
chronological,lstm_classifier,2347,2,24,uno_c_index,0.8604940514759393
chronological,lstm_classifier,2347,2,24,event_event_pairs,703.0
chronological,lstm_classifier,2347,2,24,event_event_fraction,0.0327907085218527
chronological,lstm_classifier,2347,2,24,event_event_c_index,0.6856330014224751
chronological,lstm_classifier,2347,2,24,event_censored_pairs,20736.0
chronological,lstm_classifier,2347,2,24,event_censored_fraction,0.9672092914781473
chronological,lstm_classifier,2347,2,24,event_censored_c_index,0.9690875771604939
chronological,lstm_classifier,2347,2,24,12h_threshold,0.02479332685470581
chronological,lstm_classifier,2347,2,24,12h_tp_ipcw,26.841039795711808
chronological,lstm_classifier,2347,2,24,12h_tn_ipcw,590.4350885521912
chronological,lstm_classifier,2347,2,24,12h_fp_ipcw,66.57401183305669
chronological,lstm_classifier,2347,2,24,12h_fn_ipcw,0.0
chronological,lstm_classifier,2347,2,24,12h_tss,0.8986710963455149
chronological,lstm_classifier,2347,2,24,12h_hss2,0.41044788557948775
chronological,lstm_classifier,2347,2,24,12h_far,0.7126690043230065
chronological,lstm_classifier,2347,2,24,12h_precision,0.28733099567699355
chronological,lstm_classifier,2347,2,24,12h_recall,1.0
chronological,lstm_classifier,2347,2,24,12h_f1,0.4463980074151625
chronological,lstm_classifier,2347,2,24,12h_alert_fraction,0.13853503184713375
chronological,lstm_classifier,2347,2,24,12h_known_count,628.0
chronological,lstm_classifier,2347,2,24,12h_auc,0.9919511776006553
chronological,lstm_classifier,2347,2,24,12h_average_precision,0.8604855463095042
chronological,lstm_classifier,2347,2,24,12h_brier,0.014740360431406191
chronological,lstm_classifier,2347,2,24,12h_km_reference_brier,0.03719403170926477
chronological,lstm_classifier,2347,2,24,12h_bss,0.6036901687177281
chronological,lstm_classifier,2347,2,24,12h_predicted_survival_mean,0.9633752703666687
chronological,lstm_classifier,2347,2,24,12h_observed_survival_km,0.9613497134749082
chronological,lstm_classifier,2347,2,24,12h_ece,0.020736331270869452
chronological,lstm_classifier,2347,2,24,12h_calibration_intercept,1.1608471937839935
chronological,lstm_classifier,2347,2,24,12h_calibration_slope,1.6022228787501502
chronological,lstm_classifier,2347,2,24,24h_threshold,0.03877365589141846
chronological,lstm_classifier,2347,2,24,24h_tp_ipcw,25.795184516345923
chronological,lstm_classifier,2347,2,24,24h_tn_ipcw,596.1475623640608
chronological,lstm_classifier,2347,2,24,24h_fp_ipcw,63.37001647177022
chronological,lstm_classifier,2347,2,24,24h_fn_ipcw,2.2151025349703586
chronological,lstm_classifier,2347,2,24,24h_tss,0.8248328401421987
chronological,lstm_classifier,2347,2,24,24h_hss2,0.403284526185828
chronological,lstm_classifier,2347,2,24,24h_far,0.7107034557149277
chronological,lstm_classifier,2347,2,24,24h_precision,0.2892965442850724
chronological,lstm_classifier,2347,2,24,24h_recall,0.9209182493948678
chronological,lstm_classifier,2347,2,24,24h_f1,0.4402829456560951
chronological,lstm_classifier,2347,2,24,24h_alert_fraction,0.13412563667232597
chronological,lstm_classifier,2347,2,24,24h_known_count,589.0
chronological,lstm_classifier,2347,2,24,24h_auc,0.9811494899871062
chronological,lstm_classifier,2347,2,24,24h_average_precision,0.8234315908244021
chronological,lstm_classifier,2347,2,24,24h_brier,0.016075965473333828
chronological,lstm_classifier,2347,2,24,24h_km_reference_brier,0.040508589474213846
chronological,lstm_classifier,2347,2,24,24h_bss,0.6031467478380814
chronological,lstm_classifier,2347,2,24,24h_predicted_survival_mean,0.952189028263092
chronological,lstm_classifier,2347,2,24,24h_observed_survival_km,0.9596542113347408
chronological,lstm_classifier,2347,2,24,24h_ece,0.01429343352339072
chronological,lstm_classifier,2347,2,24,24h_calibration_intercept,0.089581582253272
chronological,lstm_classifier,2347,2,24,24h_calibration_slope,1.3452208327840955
chronological,lstm_classifier,2347,2,24,48h_threshold,0.043255388736724854
chronological,lstm_classifier,2347,2,24,48h_tp_ipcw,31.68516142832763
chronological,lstm_classifier,2347,2,24,48h_tn_ipcw,528.1563657554539
chronological,lstm_classifier,2347,2,24,48h_fp_ipcw,118.40281247414457
chronological,lstm_classifier,2347,2,24,48h_fn_ipcw,1.169247255604473
chronological,lstm_classifier,2347,2,24,48h_tss,0.7812836804625312
chronological,lstm_classifier,2347,2,24,48h_hss2,0.29006500254738243
chronological,lstm_classifier,2347,2,24,48h_far,0.7888894052969442
chronological,lstm_classifier,2347,2,24,48h_precision,0.21111059470305585
chronological,lstm_classifier,2347,2,24,48h_recall,0.9644112524789921
chronological,lstm_classifier,2347,2,24,48h_f1,0.34639497945056685
chronological,lstm_classifier,2347,2,24,48h_alert_fraction,0.23017408123791103
chronological,lstm_classifier,2347,2,24,48h_known_count,517.0
chronological,lstm_classifier,2347,2,24,48h_auc,0.9816392195566654
chronological,lstm_classifier,2347,2,24,48h_average_precision,0.8586585776206501
chronological,lstm_classifier,2347,2,24,48h_brier,0.014045533697660416
chronological,lstm_classifier,2347,2,24,48h_km_reference_brier,0.048246055336417265
chronological,lstm_classifier,2347,2,24,48h_bss,0.7088770553422112
chronological,lstm_classifier,2347,2,24,48h_predicted_survival_mean,0.9381126761436462
chronological,lstm_classifier,2347,2,24,48h_observed_survival_km,0.9525778467901921
chronological,lstm_classifier,2347,2,24,48h_ece,0.022081839713196688
chronological,lstm_classifier,2347,2,24,48h_calibration_intercept,-0.0005917150355691874
chronological,lstm_classifier,2347,2,24,48h_calibration_slope,1.4783220693077483
chronological,lstm_classifier,2347,2,24,72h_threshold,0.06253910064697266
chronological,lstm_classifier,2347,2,24,72h_tp_ipcw,30.639306148961744
chronological,lstm_classifier,2347,2,24,72h_tn_ipcw,530.9234464407223
chronological,lstm_classifier,2347,2,24,72h_fp_ipcw,124.83469137274774
chronological,lstm_classifier,2347,2,24,72h_fn_ipcw,2.2151025349703586
chronological,lstm_classifier,2347,2,24,72h_tss,0.7422112529818015
chronological,lstm_classifier,2347,2,24,72h_hss2,0.26769396988756433
chronological,lstm_classifier,2347,2,24,72h_far,0.8029297076208293
chronological,lstm_classifier,2347,2,24,72h_precision,0.19707029237917065
chronological,lstm_classifier,2347,2,24,72h_recall,0.9325782254588657
chronological,lstm_classifier,2347,2,24,72h_f1,0.3253816751946144
chronological,lstm_classifier,2347,2,24,72h_alert_fraction,0.2398286937901499
chronological,lstm_classifier,2347,2,24,72h_known_count,467.0
chronological,lstm_classifier,2347,2,24,72h_auc,0.9785590851547514
chronological,lstm_classifier,2347,2,24,72h_average_precision,0.8840880231913499
chronological,lstm_classifier,2347,2,24,72h_brier,0.011914126372695826
chronological,lstm_classifier,2347,2,24,72h_km_reference_brier,0.05083338933226156
chronological,lstm_classifier,2347,2,24,72h_bss,0.7656240016808304
chronological,lstm_classifier,2347,2,24,72h_predicted_survival_mean,0.9254271984100342
chronological,lstm_classifier,2347,2,24,72h_observed_survival_km,0.9525778467901921
chronological,lstm_classifier,2347,2,24,72h_ece,0.026696895767224157
chronological,lstm_classifier,2347,2,24,72h_calibration_intercept,-0.21890255051166937
chronological,lstm_classifier,2347,2,24,72h_calibration_slope,1.5371930837838153
chronological,lstm_classifier,2347,2,24,144h_threshold,0.06530439853668213
chronological,lstm_classifier,2347,2,24,144h_tp_ipcw,35.14731788723395
chronological,lstm_classifier,2347,2,24,144h_tn_ipcw,396.83006441696165
chronological,lstm_classifier,2347,2,24,144h_fp_ipcw,206.9490120884155
chronological,lstm_classifier,2347,2,24,144h_fn_ipcw,1.169247255604473
chronological,lstm_classifier,2347,2,24,144h_tss,0.625047840368326
chronological,lstm_classifier,2347,2,24,144h_hss2,0.17065084096280728
chronological,lstm_classifier,2347,2,24,144h_far,0.8548209388768134
chronological,lstm_classifier,2347,2,24,144h_precision,0.14517906112318657
chronological,lstm_classifier,2347,2,24,144h_recall,0.9678040241139091
chronological,lstm_classifier,2347,2,24,144h_f1,0.2524834050684028
chronological,lstm_classifier,2347,2,24,144h_alert_fraction,0.40822784810126583
chronological,lstm_classifier,2347,2,24,144h_known_count,316.0
chronological,lstm_classifier,2347,2,24,144h_auc,0.9818391102755963
chronological,lstm_classifier,2347,2,24,144h_average_precision,0.9441278468209703
chronological,lstm_classifier,2347,2,24,144h_brier,0.01561867322652603
chronological,lstm_classifier,2347,2,24,144h_km_reference_brier,0.05843412983047235
chronological,lstm_classifier,2347,2,24,144h_bss,0.7327131717056703
chronological,lstm_classifier,2347,2,24,144h_predicted_survival_mean,0.8680073022842407
chronological,lstm_classifier,2347,2,24,144h_observed_survival_km,0.9473444532866776
chronological,lstm_classifier,2347,2,24,144h_ece,0.07505046150135093
chronological,lstm_classifier,2347,2,24,144h_calibration_intercept,-0.526031555119985
chronological,lstm_classifier,2347,2,24,144h_calibration_slope,2.157087523858005
chronological,lstm_classifier,2347,2,24,integrated_brier_score,0.014007974635580551
chronological,lstm_classifier,2347,2,24,integrated_auc,0.9809756303945557
chronological,svm,2345,2,24,harrell_c_index,0.9431176827277392
chronological,svm,2345,2,24,uno_c_index,0.8453604007629872
chronological,svm,2345,2,24,event_event_pairs,703.0
chronological,svm,2345,2,24,event_event_fraction,0.0327907085218527
chronological,svm,2345,2,24,event_event_c_index,0.7297297297297297
chronological,svm,2345,2,24,event_censored_pairs,20736.0
chronological,svm,2345,2,24,event_censored_fraction,0.9672092914781473
chronological,svm,2345,2,24,event_censored_c_index,0.9503520447530864
chronological,svm,2345,2,24,12h_threshold,0.05377239801174316
chronological,svm,2345,2,24,12h_tp_ipcw,23.71198813665864
chronological,svm,2345,2,24,12h_tn_ipcw,628.6332920629616
chronological,svm,2345,2,24,12h_fp_ipcw,28.37580832228646
chronological,svm,2345,2,24,12h_fn_ipcw,3.1290516590531716
chronological,svm,2345,2,24,12h_tss,0.8402334910413556
chronological,svm,2345,2,24,12h_hss2,0.579036899490788
chronological,svm,2345,2,24,12h_far,0.5447688374502825
chronological,svm,2345,2,24,12h_precision,0.45523116254971757
chronological,svm,2345,2,24,12h_recall,0.8834228598121197
chronological,svm,2345,2,24,12h_f1,0.6008447422220696
chronological,svm,2345,2,24,12h_alert_fraction,0.07802547770700637
chronological,svm,2345,2,24,12h_known_count,628.0
chronological,svm,2345,2,24,12h_auc,0.9512949312827484
chronological,svm,2345,2,24,12h_average_precision,0.8352721306588959
chronological,svm,2345,2,24,12h_brier,0.01529306020019642
chronological,svm,2345,2,24,12h_km_reference_brier,0.03719403170926477
chronological,svm,2345,2,24,12h_bss,0.5888302639590688
chronological,svm,2345,2,24,12h_predicted_survival_mean,0.9442124781300681
chronological,svm,2345,2,24,12h_observed_survival_km,0.9613497134749082
chronological,svm,2345,2,24,12h_ece,0.03050284313863441
chronological,svm,2345,2,24,12h_calibration_intercept,1.0554253996621694
chronological,svm,2345,2,24,12h_calibration_slope,1.6691901903248425
chronological,svm,2345,2,24,24h_threshold,0.09927415028767606
chronological,svm,2345,2,24,24h_tp_ipcw,24.76472870876398
chronological,svm,2345,2,24,24h_tn_ipcw,648.9559094238693
chronological,svm,2345,2,24,24h_fp_ipcw,10.561669411961708
chronological,svm,2345,2,24,24h_fn_ipcw,3.2455583425523042
chronological,svm,2345,2,24,24h_tss,0.8681155372826814
chronological,svm,2345,2,24,24h_hss2,0.7716237570343861
chronological,svm,2345,2,24,24h_far,0.2989738545058538
chronological,svm,2345,2,24,24h_precision,0.7010261454941462
chronological,svm,2345,2,24,24h_recall,0.8841297721581263
chronological,svm,2345,2,24,24h_f1,0.7820026779581325
chronological,svm,2345,2,24,24h_alert_fraction,0.05602716468590832
chronological,svm,2345,2,24,24h_known_count,589.0
chronological,svm,2345,2,24,24h_auc,0.9623324275262078
chronological,svm,2345,2,24,24h_average_precision,0.8556972036180261
chronological,svm,2345,2,24,24h_brier,0.013174871743250983
chronological,svm,2345,2,24,24h_km_reference_brier,0.040508589474213846
chronological,svm,2345,2,24,24h_bss,0.674763502895168
chronological,svm,2345,2,24,24h_predicted_survival_mean,0.9341622946682931
chronological,svm,2345,2,24,24h_observed_survival_km,0.9596542113347408
chronological,svm,2345,2,24,24h_ece,0.029020102973000932
chronological,svm,2345,2,24,24h_calibration_intercept,-0.288747115781362
chronological,svm,2345,2,24,24h_calibration_slope,1.4516686724489993
chronological,svm,2345,2,24,48h_threshold,0.08188836728111215
chronological,svm,2345,2,24,48h_tp_ipcw,31.68516142832763
chronological,svm,2345,2,24,48h_tn_ipcw,633.2554914347506
chronological,svm,2345,2,24,48h_fp_ipcw,13.303686794847705
chronological,svm,2345,2,24,48h_fn_ipcw,1.169247255604473
chronological,svm,2345,2,24,48h_tss,0.9438351207917492
chronological,svm,2345,2,24,48h_hss2,0.8030684462840041
chronological,svm,2345,2,24,48h_far,0.2957107665626903
chronological,svm,2345,2,24,48h_precision,0.7042892334373098
chronological,svm,2345,2,24,48h_recall,0.9644112524789921
chronological,svm,2345,2,24,48h_f1,0.8140759440766574
chronological,svm,2345,2,24,48h_alert_fraction,0.07736943907156674
chronological,svm,2345,2,24,48h_known_count,517.0
chronological,svm,2345,2,24,48h_auc,0.9699887178768922
chronological,svm,2345,2,24,48h_average_precision,0.8954027273585387
chronological,svm,2345,2,24,48h_brier,0.012672339710435142
chronological,svm,2345,2,24,48h_km_reference_brier,0.048246055336417265
chronological,svm,2345,2,24,48h_bss,0.7373393612789363
chronological,svm,2345,2,24,48h_predicted_survival_mean,0.9261304969498076
chronological,svm,2345,2,24,48h_observed_survival_km,0.9525778467901921
chronological,svm,2345,2,24,48h_ece,0.03435014807631069
chronological,svm,2345,2,24,48h_calibration_intercept,-0.20429792058737348
chronological,svm,2345,2,24,48h_calibration_slope,1.514702014362608
chronological,svm,2345,2,24,72h_threshold,0.05942285952468884
chronological,svm,2345,2,24,72h_tp_ipcw,31.68516142832763
chronological,svm,2345,2,24,72h_tn_ipcw,591.0847434878297
chronological,svm,2345,2,24,72h_fp_ipcw,64.67339432564037
chronological,svm,2345,2,24,72h_fn_ipcw,1.169247255604473
chronological,svm,2345,2,24,72h_tss,0.8657873992679828
chronological,svm,2345,2,24,72h_hss2,0.4513946807301141
chronological,svm,2345,2,24,72h_far,0.6711743842526111
chronological,svm,2345,2,24,72h_precision,0.32882561574738883
chronological,svm,2345,2,24,72h_recall,0.9644112524789921
chronological,svm,2345,2,24,72h_f1,0.49043316305238943
chronological,svm,2345,2,24,72h_alert_fraction,0.15631691648822268
chronological,svm,2345,2,24,72h_known_count,467.0
chronological,svm,2345,2,24,72h_auc,0.9912559375017662
chronological,svm,2345,2,24,72h_average_precision,0.9221822161352357
chronological,svm,2345,2,24,72h_brier,0.01051036126022938
chronological,svm,2345,2,24,72h_km_reference_brier,0.05083338933226156
chronological,svm,2345,2,24,72h_bss,0.7932390226524016
chronological,svm,2345,2,24,72h_predicted_survival_mean,0.9130491898790374
chronological,svm,2345,2,24,72h_observed_survival_km,0.9525778467901921
chronological,svm,2345,2,24,72h_ece,0.041680905326653056
chronological,svm,2345,2,24,72h_calibration_intercept,-0.3813198353897195
chronological,svm,2345,2,24,72h_calibration_slope,1.656348114402095
chronological,svm,2345,2,24,144h_threshold,0.11174765128506237
chronological,svm,2345,2,24,144h_tp_ipcw,33.52266399935765
chronological,svm,2345,2,24,144h_tn_ipcw,550.4417022557855
chronological,svm,2345,2,24,144h_fp_ipcw,53.33737424959161
chronological,svm,2345,2,24,144h_fn_ipcw,2.7939011434807735
chronological,svm,2345,2,24,144h_tss,0.8347289108253138
chronological,svm,2345,2,24,144h_hss2,0.5046674896115683
chronological,svm,2345,2,24,144h_far,0.6140611416347935
chronological,svm,2345,2,24,144h_precision,0.3859388583652065
chronological,svm,2345,2,24,144h_recall,0.9230681334401547
chronological,svm,2345,2,24,144h_f1,0.5443024580363228
chronological,svm,2345,2,24,144h_alert_fraction,0.17721518987341772
chronological,svm,2345,2,24,144h_known_count,316.0
chronological,svm,2345,2,24,144h_auc,0.9553589229856361
chronological,svm,2345,2,24,144h_average_precision,0.931251309122534
chronological,svm,2345,2,24,144h_brier,0.012671563120774481
chronological,svm,2345,2,24,144h_km_reference_brier,0.05843412983047235
chronological,svm,2345,2,24,144h_bss,0.7831479110318421
chronological,svm,2345,2,24,144h_predicted_survival_mean,0.857736634907342
chronological,svm,2345,2,24,144h_observed_survival_km,0.9473444532866776
chronological,svm,2345,2,24,144h_ece,0.07719737393392045
chronological,svm,2345,2,24,144h_calibration_intercept,0.7774776764152949
chronological,svm,2345,2,24,144h_calibration_slope,2.6131086176016214
chronological,svm,2345,2,24,integrated_brier_score,0.012073604685371449
chronological,svm,2345,2,24,integrated_auc,0.9718385510589495
chronological,svm,2346,2,24,harrell_c_index,0.9431176827277392
chronological,svm,2346,2,24,uno_c_index,0.8485755725365681
chronological,svm,2346,2,24,event_event_pairs,703.0
chronological,svm,2346,2,24,event_event_fraction,0.0327907085218527
chronological,svm,2346,2,24,event_event_c_index,0.7283072546230441
chronological,svm,2346,2,24,event_censored_pairs,20736.0
chronological,svm,2346,2,24,event_censored_fraction,0.9672092914781473
chronological,svm,2346,2,24,event_censored_c_index,0.9504002700617284
chronological,svm,2346,2,24,12h_threshold,0.05730838591463916
chronological,svm,2346,2,24,12h_tp_ipcw,23.71198813665864
chronological,svm,2346,2,24,12h_tn_ipcw,628.6332920629616
chronological,svm,2346,2,24,12h_fp_ipcw,28.37580832228646
chronological,svm,2346,2,24,12h_fn_ipcw,3.1290516590531716
chronological,svm,2346,2,24,12h_tss,0.8402334910413556
chronological,svm,2346,2,24,12h_hss2,0.579036899490788
chronological,svm,2346,2,24,12h_far,0.5447688374502825
chronological,svm,2346,2,24,12h_precision,0.45523116254971757
chronological,svm,2346,2,24,12h_recall,0.8834228598121197
chronological,svm,2346,2,24,12h_f1,0.6008447422220696
chronological,svm,2346,2,24,12h_alert_fraction,0.07802547770700637
chronological,svm,2346,2,24,12h_known_count,628.0
chronological,svm,2346,2,24,12h_auc,0.9512949312827484
chronological,svm,2346,2,24,12h_average_precision,0.8352721306588959
chronological,svm,2346,2,24,12h_brier,0.015447783384909812
chronological,svm,2346,2,24,12h_km_reference_brier,0.03719403170926477
chronological,svm,2346,2,24,12h_bss,0.5846703711589868
chronological,svm,2346,2,24,12h_predicted_survival_mean,0.9416941504157686
chronological,svm,2346,2,24,12h_observed_survival_km,0.9613497134749082
chronological,svm,2346,2,24,12h_ece,0.03335693569315826
chronological,svm,2346,2,24,12h_calibration_intercept,1.2270545818156198
chronological,svm,2346,2,24,12h_calibration_slope,1.7696062087008904
chronological,svm,2346,2,24,24h_threshold,0.09571965827947271
chronological,svm,2346,2,24,24h_tp_ipcw,24.76472870876398
chronological,svm,2346,2,24,24h_tn_ipcw,648.9559094238693
chronological,svm,2346,2,24,24h_fp_ipcw,10.561669411961708
chronological,svm,2346,2,24,24h_fn_ipcw,3.2455583425523042
chronological,svm,2346,2,24,24h_tss,0.8681155372826814
chronological,svm,2346,2,24,24h_hss2,0.7716237570343861
chronological,svm,2346,2,24,24h_far,0.2989738545058538
chronological,svm,2346,2,24,24h_precision,0.7010261454941462
chronological,svm,2346,2,24,24h_recall,0.8841297721581263
chronological,svm,2346,2,24,24h_f1,0.7820026779581325
chronological,svm,2346,2,24,24h_alert_fraction,0.05602716468590832
chronological,svm,2346,2,24,24h_known_count,589.0
chronological,svm,2346,2,24,24h_auc,0.9653298958763705
chronological,svm,2346,2,24,24h_average_precision,0.8541309690316988
chronological,svm,2346,2,24,24h_brier,0.013358838851135103
chronological,svm,2346,2,24,24h_km_reference_brier,0.040508589474213846
chronological,svm,2346,2,24,24h_bss,0.6702220683433372
chronological,svm,2346,2,24,24h_predicted_survival_mean,0.9324378421886782
chronological,svm,2346,2,24,24h_observed_survival_km,0.9596542113347408
chronological,svm,2346,2,24,24h_ece,0.03011618509030657
chronological,svm,2346,2,24,24h_calibration_intercept,-0.3827215990308528
chronological,svm,2346,2,24,24h_calibration_slope,1.4380331653946274
chronological,svm,2346,2,24,48h_threshold,0.08181014107521367
chronological,svm,2346,2,24,48h_tp_ipcw,31.68516142832763
chronological,svm,2346,2,24,48h_tn_ipcw,633.2554914347506
chronological,svm,2346,2,24,48h_fp_ipcw,13.303686794847705
chronological,svm,2346,2,24,48h_fn_ipcw,1.169247255604473
chronological,svm,2346,2,24,48h_tss,0.9438351207917492
chronological,svm,2346,2,24,48h_hss2,0.8030684462840041
chronological,svm,2346,2,24,48h_far,0.2957107665626903
chronological,svm,2346,2,24,48h_precision,0.7042892334373098
chronological,svm,2346,2,24,48h_recall,0.9644112524789921
chronological,svm,2346,2,24,48h_f1,0.8140759440766574
chronological,svm,2346,2,24,48h_alert_fraction,0.07736943907156674
chronological,svm,2346,2,24,48h_known_count,517.0
chronological,svm,2346,2,24,48h_auc,0.9691832112457581
chronological,svm,2346,2,24,48h_average_precision,0.8953411258736841
chronological,svm,2346,2,24,48h_brier,0.01282043273315201
chronological,svm,2346,2,24,48h_km_reference_brier,0.048246055336417265
chronological,svm,2346,2,24,48h_bss,0.7342698248850441
chronological,svm,2346,2,24,48h_predicted_survival_mean,0.924805289153521
chronological,svm,2346,2,24,48h_observed_survival_km,0.9525778467901921
chronological,svm,2346,2,24,48h_ece,0.036097244420306186
chronological,svm,2346,2,24,48h_calibration_intercept,-0.205704635482889
chronological,svm,2346,2,24,48h_calibration_slope,1.5327536505910095
chronological,svm,2346,2,24,72h_threshold,0.05932036351323278
chronological,svm,2346,2,24,72h_tp_ipcw,31.68516142832763
chronological,svm,2346,2,24,72h_tn_ipcw,598.604905618718
chronological,svm,2346,2,24,72h_fp_ipcw,57.15323219475194
chronological,svm,2346,2,24,72h_fn_ipcw,1.169247255604473
chronological,svm,2346,2,24,72h_tss,0.8772552891762397
chronological,svm,2346,2,24,72h_hss2,0.4848550202780199
chronological,svm,2346,2,24,72h_far,0.6433393250809969
chronological,svm,2346,2,24,72h_precision,0.3566606749190032
chronological,svm,2346,2,24,72h_recall,0.9644112524789921
chronological,svm,2346,2,24,72h_f1,0.520740106689153
chronological,svm,2346,2,24,72h_alert_fraction,0.145610278372591
chronological,svm,2346,2,24,72h_known_count,467.0
chronological,svm,2346,2,24,72h_auc,0.99101106079864
chronological,svm,2346,2,24,72h_average_precision,0.9219679648602713
chronological,svm,2346,2,24,72h_brier,0.01046235239009375
chronological,svm,2346,2,24,72h_km_reference_brier,0.05083338933226156
chronological,svm,2346,2,24,72h_bss,0.7941834584015474
chronological,svm,2346,2,24,72h_predicted_survival_mean,0.9137927532777691
chronological,svm,2346,2,24,72h_observed_survival_km,0.9525778467901921
chronological,svm,2346,2,24,72h_ece,0.041168666445216086
chronological,svm,2346,2,24,72h_calibration_intercept,-0.37670757244329844
chronological,svm,2346,2,24,72h_calibration_slope,1.6494173567788124
chronological,svm,2346,2,24,144h_threshold,0.1116028676348243
chronological,svm,2346,2,24,144h_tp_ipcw,33.52266399935765
chronological,svm,2346,2,24,144h_tn_ipcw,550.4417022557855
chronological,svm,2346,2,24,144h_fp_ipcw,53.33737424959161
chronological,svm,2346,2,24,144h_fn_ipcw,2.7939011434807735
chronological,svm,2346,2,24,144h_tss,0.8347289108253138
chronological,svm,2346,2,24,144h_hss2,0.5046674896115683
chronological,svm,2346,2,24,144h_far,0.6140611416347935
chronological,svm,2346,2,24,144h_precision,0.3859388583652065
chronological,svm,2346,2,24,144h_recall,0.9230681334401547
chronological,svm,2346,2,24,144h_f1,0.5443024580363228
chronological,svm,2346,2,24,144h_alert_fraction,0.17721518987341772
chronological,svm,2346,2,24,144h_known_count,316.0
chronological,svm,2346,2,24,144h_auc,0.9553589229856361
chronological,svm,2346,2,24,144h_average_precision,0.931251309122534
chronological,svm,2346,2,24,144h_brier,0.012669922113392977
chronological,svm,2346,2,24,144h_km_reference_brier,0.05843412983047235
chronological,svm,2346,2,24,144h_bss,0.7831759940611652
chronological,svm,2346,2,24,144h_predicted_survival_mean,0.8579560528167409
chronological,svm,2346,2,24,144h_observed_survival_km,0.9473444532866776
chronological,svm,2346,2,24,144h_ece,0.07737493591954972
chronological,svm,2346,2,24,144h_calibration_intercept,0.8000902236918325
chronological,svm,2346,2,24,144h_calibration_slope,2.622189461470567
chronological,svm,2346,2,24,integrated_brier_score,0.012114744666910501
chronological,svm,2346,2,24,integrated_auc,0.9720117949180833
chronological,svm,2347,2,24,harrell_c_index,0.9429311068613275
chronological,svm,2347,2,24,uno_c_index,0.8468545074792152
chronological,svm,2347,2,24,event_event_pairs,703.0
chronological,svm,2347,2,24,event_event_fraction,0.0327907085218527
chronological,svm,2347,2,24,event_event_c_index,0.7283072546230441
chronological,svm,2347,2,24,event_censored_pairs,20736.0
chronological,svm,2347,2,24,event_censored_fraction,0.9672092914781473
chronological,svm,2347,2,24,event_censored_c_index,0.9502073688271605
chronological,svm,2347,2,24,12h_threshold,0.05403284462602154
chronological,svm,2347,2,24,12h_tp_ipcw,23.71198813665864
chronological,svm,2347,2,24,12h_tn_ipcw,628.6332920629616
chronological,svm,2347,2,24,12h_fp_ipcw,28.37580832228646
chronological,svm,2347,2,24,12h_fn_ipcw,3.1290516590531716
chronological,svm,2347,2,24,12h_tss,0.8402334910413556
chronological,svm,2347,2,24,12h_hss2,0.579036899490788
chronological,svm,2347,2,24,12h_far,0.5447688374502825
chronological,svm,2347,2,24,12h_precision,0.45523116254971757
chronological,svm,2347,2,24,12h_recall,0.8834228598121197
chronological,svm,2347,2,24,12h_f1,0.6008447422220696
chronological,svm,2347,2,24,12h_alert_fraction,0.07802547770700637
chronological,svm,2347,2,24,12h_known_count,628.0
chronological,svm,2347,2,24,12h_auc,0.9512949312827484
chronological,svm,2347,2,24,12h_average_precision,0.8352721306588959
chronological,svm,2347,2,24,12h_brier,0.015211402729904457
chronological,svm,2347,2,24,12h_km_reference_brier,0.03719403170926477
chronological,svm,2347,2,24,12h_bss,0.5910257094792064
chronological,svm,2347,2,24,12h_predicted_survival_mean,0.9441351619972296
chronological,svm,2347,2,24,12h_observed_survival_km,0.9613497134749082
chronological,svm,2347,2,24,12h_ece,0.02983820419863898
chronological,svm,2347,2,24,12h_calibration_intercept,0.9060073058192175
chronological,svm,2347,2,24,12h_calibration_slope,1.6203046066700673
chronological,svm,2347,2,24,24h_threshold,0.09583834405469327
chronological,svm,2347,2,24,24h_tp_ipcw,24.76472870876398
chronological,svm,2347,2,24,24h_tn_ipcw,648.9559094238693
chronological,svm,2347,2,24,24h_fp_ipcw,10.561669411961708
chronological,svm,2347,2,24,24h_fn_ipcw,3.2455583425523042
chronological,svm,2347,2,24,24h_tss,0.8681155372826814
chronological,svm,2347,2,24,24h_hss2,0.7716237570343861
chronological,svm,2347,2,24,24h_far,0.2989738545058538
chronological,svm,2347,2,24,24h_precision,0.7010261454941462
chronological,svm,2347,2,24,24h_recall,0.8841297721581263
chronological,svm,2347,2,24,24h_f1,0.7820026779581325
chronological,svm,2347,2,24,24h_alert_fraction,0.05602716468590832
chronological,svm,2347,2,24,24h_known_count,589.0
chronological,svm,2347,2,24,24h_auc,0.963760339705888
chronological,svm,2347,2,24,24h_average_precision,0.8545784290619388
chronological,svm,2347,2,24,24h_brier,0.013171956686609055
chronological,svm,2347,2,24,24h_km_reference_brier,0.040508589474213846
chronological,svm,2347,2,24,24h_bss,0.6748354643403766
chronological,svm,2347,2,24,24h_predicted_survival_mean,0.9347022055618446
chronological,svm,2347,2,24,24h_observed_survival_km,0.9596542113347408
chronological,svm,2347,2,24,24h_ece,0.02778826456973178
chronological,svm,2347,2,24,24h_calibration_intercept,-0.3711125077118414
chronological,svm,2347,2,24,24h_calibration_slope,1.4119254557442478
chronological,svm,2347,2,24,48h_threshold,0.08030537576022645
chronological,svm,2347,2,24,48h_tp_ipcw,31.68516142832763
chronological,svm,2347,2,24,48h_tn_ipcw,633.2554914347506
chronological,svm,2347,2,24,48h_fp_ipcw,13.303686794847705
chronological,svm,2347,2,24,48h_fn_ipcw,1.169247255604473
chronological,svm,2347,2,24,48h_tss,0.9438351207917492
chronological,svm,2347,2,24,48h_hss2,0.8030684462840041
chronological,svm,2347,2,24,48h_far,0.2957107665626903
chronological,svm,2347,2,24,48h_precision,0.7042892334373098
chronological,svm,2347,2,24,48h_recall,0.9644112524789921
chronological,svm,2347,2,24,48h_f1,0.8140759440766574
chronological,svm,2347,2,24,48h_alert_fraction,0.07736943907156674
chronological,svm,2347,2,24,48h_known_count,517.0
chronological,svm,2347,2,24,48h_auc,0.9699154900013347
chronological,svm,2347,2,24,48h_average_precision,0.8953969842519864
chronological,svm,2347,2,24,48h_brier,0.01266458182475558
chronological,svm,2347,2,24,48h_km_reference_brier,0.048246055336417265
chronological,svm,2347,2,24,48h_bss,0.7375001596203855
chronological,svm,2347,2,24,48h_predicted_survival_mean,0.9266867528147036
chronological,svm,2347,2,24,48h_observed_survival_km,0.9525778467901921
chronological,svm,2347,2,24,48h_ece,0.03389830127290508
chronological,svm,2347,2,24,48h_calibration_intercept,-0.19496046517758125
chronological,svm,2347,2,24,48h_calibration_slope,1.5095538424749924
chronological,svm,2347,2,24,72h_threshold,0.060094314932747306
chronological,svm,2347,2,24,72h_tp_ipcw,31.68516142832763
chronological,svm,2347,2,24,72h_tn_ipcw,603.117002897251
chronological,svm,2347,2,24,72h_fp_ipcw,52.6411349162189
chronological,svm,2347,2,24,72h_fn_ipcw,1.169247255604473
chronological,svm,2347,2,24,72h_tss,0.8841360231211939
chronological,svm,2347,2,24,72h_hss2,0.506933455277085
chronological,svm,2347,2,24,72h_far,0.6242552702793197
chronological,svm,2347,2,24,72h_precision,0.3757447297206803
chronological,svm,2347,2,24,72h_recall,0.9644112524789921
chronological,svm,2347,2,24,72h_f1,0.5407914454965452
chronological,svm,2347,2,24,72h_alert_fraction,0.139186295503212
chronological,svm,2347,2,24,72h_known_count,467.0
chronological,svm,2347,2,24,72h_auc,0.9912559375017662
chronological,svm,2347,2,24,72h_average_precision,0.9221822161352357
chronological,svm,2347,2,24,72h_brier,0.010468158310675798
chronological,svm,2347,2,24,72h_km_reference_brier,0.05083338933226156
chronological,svm,2347,2,24,72h_bss,0.7940692436962461
chronological,svm,2347,2,24,72h_predicted_survival_mean,0.9132030933363651
chronological,svm,2347,2,24,72h_observed_survival_km,0.9525778467901921
chronological,svm,2347,2,24,72h_ece,0.04124306378139149
chronological,svm,2347,2,24,72h_calibration_intercept,-0.40445382307841543
chronological,svm,2347,2,24,72h_calibration_slope,1.64464722360358
chronological,svm,2347,2,24,144h_threshold,0.11131764937389854
chronological,svm,2347,2,24,144h_tp_ipcw,33.52266399935765
chronological,svm,2347,2,24,144h_tn_ipcw,550.4417022557855
chronological,svm,2347,2,24,144h_fp_ipcw,53.33737424959161
chronological,svm,2347,2,24,144h_fn_ipcw,2.7939011434807735
chronological,svm,2347,2,24,144h_tss,0.8347289108253138
chronological,svm,2347,2,24,144h_hss2,0.5046674896115683
chronological,svm,2347,2,24,144h_far,0.6140611416347935
chronological,svm,2347,2,24,144h_precision,0.3859388583652065
chronological,svm,2347,2,24,144h_recall,0.9230681334401547
chronological,svm,2347,2,24,144h_f1,0.5443024580363228
chronological,svm,2347,2,24,144h_alert_fraction,0.17721518987341772
chronological,svm,2347,2,24,144h_known_count,316.0
chronological,svm,2347,2,24,144h_auc,0.9553589229856361
chronological,svm,2347,2,24,144h_average_precision,0.931251309122534
chronological,svm,2347,2,24,144h_brier,0.012603378676644043
chronological,svm,2347,2,24,144h_km_reference_brier,0.05843412983047235
chronological,svm,2347,2,24,144h_bss,0.7843147709530602
chronological,svm,2347,2,24,144h_predicted_survival_mean,0.8580599206475583
chronological,svm,2347,2,24,144h_observed_survival_km,0.9473444532866776
chronological,svm,2347,2,24,144h_ece,0.07666478797452735
chronological,svm,2347,2,24,144h_calibration_intercept,0.7648938809866064
chronological,svm,2347,2,24,144h_calibration_slope,2.6015846917565306
chronological,svm,2347,2,24,integrated_brier_score,0.012034142665182936
chronological,svm,2347,2,24,integrated_auc,0.9720199521969861
chronological,tim_sfsa,2345,2,24,harrell_c_index,0.9704743691403517
chronological,tim_sfsa,2345,2,24,uno_c_index,0.8712687128969029
chronological,tim_sfsa,2345,2,24,event_event_pairs,703.0
chronological,tim_sfsa,2345,2,24,event_event_fraction,0.0327907085218527
chronological,tim_sfsa,2345,2,24,event_event_c_index,0.7339971550497866
chronological,tim_sfsa,2345,2,24,event_censored_pairs,20736.0
chronological,tim_sfsa,2345,2,24,event_censored_fraction,0.9672092914781473
chronological,tim_sfsa,2345,2,24,event_censored_c_index,0.978491512345679
chronological,tim_sfsa,2345,2,24,12h_threshold,0.04048675573731009
chronological,tim_sfsa,2345,2,24,12h_tp_ipcw,26.841039795711808
chronological,tim_sfsa,2345,2,24,12h_tn_ipcw,590.4350885521912
chronological,tim_sfsa,2345,2,24,12h_fp_ipcw,66.57401183305669
chronological,tim_sfsa,2345,2,24,12h_fn_ipcw,0.0
chronological,tim_sfsa,2345,2,24,12h_tss,0.8986710963455149
chronological,tim_sfsa,2345,2,24,12h_hss2,0.41044788557948775
chronological,tim_sfsa,2345,2,24,12h_far,0.7126690043230065
chronological,tim_sfsa,2345,2,24,12h_precision,0.28733099567699355
chronological,tim_sfsa,2345,2,24,12h_recall,1.0
chronological,tim_sfsa,2345,2,24,12h_f1,0.4463980074151625
chronological,tim_sfsa,2345,2,24,12h_alert_fraction,0.13853503184713375
chronological,tim_sfsa,2345,2,24,12h_known_count,628.0
chronological,tim_sfsa,2345,2,24,12h_auc,0.9962609110719093
chronological,tim_sfsa,2345,2,24,12h_average_precision,0.9178807474833178
chronological,tim_sfsa,2345,2,24,12h_brier,0.012692408018331835
chronological,tim_sfsa,2345,2,24,12h_km_reference_brier,0.03719403170926477
chronological,tim_sfsa,2345,2,24,12h_bss,0.6587514868636775
chronological,tim_sfsa,2345,2,24,12h_predicted_survival_mean,0.9644677648088433
chronological,tim_sfsa,2345,2,24,12h_observed_survival_km,0.9613497134749082
chronological,tim_sfsa,2345,2,24,12h_ece,0.01956247148476729
chronological,tim_sfsa,2345,2,24,12h_calibration_intercept,1.2965615681006455
chronological,tim_sfsa,2345,2,24,12h_calibration_slope,1.925667877280811
chronological,tim_sfsa,2345,2,24,24h_threshold,0.06382905913279402
chronological,tim_sfsa,2345,2,24,24h_tp_ipcw,26.841039795711808
chronological,tim_sfsa,2345,2,24,24h_tn_ipcw,589.106449422753
chronological,tim_sfsa,2345,2,24,24h_fp_ipcw,70.41112941307806
chronological,tim_sfsa,2345,2,24,24h_fn_ipcw,1.169247255604473
chronological,tim_sfsa,2345,2,24,24h_tss,0.8514949399445111
chronological,tim_sfsa,2345,2,24,24h_hss2,0.3899654604990629
chronological,tim_sfsa,2345,2,24,24h_far,0.724005746976327
chronological,tim_sfsa,2345,2,24,24h_precision,0.275994253023673
chronological,tim_sfsa,2345,2,24,24h_recall,0.95825650578081
chronological,tim_sfsa,2345,2,24,24h_f1,0.42855681737513873
chronological,tim_sfsa,2345,2,24,24h_alert_fraction,0.1460101867572156
chronological,tim_sfsa,2345,2,24,24h_known_count,589.0
chronological,tim_sfsa,2345,2,24,24h_auc,0.9870259438146549
chronological,tim_sfsa,2345,2,24,24h_average_precision,0.8818013782770089
chronological,tim_sfsa,2345,2,24,24h_brier,0.012779553730127707
chronological,tim_sfsa,2345,2,24,24h_km_reference_brier,0.040508589474213846
chronological,tim_sfsa,2345,2,24,24h_bss,0.6845223717734565
chronological,tim_sfsa,2345,2,24,24h_predicted_survival_mean,0.9503813904709297
chronological,tim_sfsa,2345,2,24,24h_observed_survival_km,0.9596542113347408
chronological,tim_sfsa,2345,2,24,24h_ece,0.013414174500987645
chronological,tim_sfsa,2345,2,24,24h_calibration_intercept,0.03500450367414712
chronological,tim_sfsa,2345,2,24,24h_calibration_slope,1.539622812873598
chronological,tim_sfsa,2345,2,24,48h_threshold,0.04648119643424531
chronological,tim_sfsa,2345,2,24,48h_tp_ipcw,31.68516142832763
chronological,tim_sfsa,2345,2,24,48h_tn_ipcw,537.4689465118472
chronological,tim_sfsa,2345,2,24,48h_fp_ipcw,109.09023171775117
chronological,tim_sfsa,2345,2,24,48h_fn_ipcw,1.169247255604473
chronological,tim_sfsa,2345,2,24,48h_tss,0.7956869726436011
chronological,tim_sfsa,2345,2,24,48h_hss2,0.31094220110187226
chronological,tim_sfsa,2345,2,24,48h_far,0.774924006815248
chronological,tim_sfsa,2345,2,24,48h_precision,0.2250759931847521
chronological,tim_sfsa,2345,2,24,48h_recall,0.9644112524789921
chronological,tim_sfsa,2345,2,24,48h_f1,0.3649737671111139
chronological,tim_sfsa,2345,2,24,48h_alert_fraction,0.21663442940038685
chronological,tim_sfsa,2345,2,24,48h_known_count,517.0
chronological,tim_sfsa,2345,2,24,48h_auc,0.9892234746586874
chronological,tim_sfsa,2345,2,24,48h_average_precision,0.909793775108605
chronological,tim_sfsa,2345,2,24,48h_brier,0.012179090101906709
chronological,tim_sfsa,2345,2,24,48h_km_reference_brier,0.048246055336417265
chronological,tim_sfsa,2345,2,24,48h_bss,0.7475629869222978
chronological,tim_sfsa,2345,2,24,48h_predicted_survival_mean,0.939141135001784
chronological,tim_sfsa,2345,2,24,48h_observed_survival_km,0.9525778467901921
chronological,tim_sfsa,2345,2,24,48h_ece,0.021945101888647366
chronological,tim_sfsa,2345,2,24,48h_calibration_intercept,0.07253102362094231
chronological,tim_sfsa,2345,2,24,48h_calibration_slope,1.653427915332684
chronological,tim_sfsa,2345,2,24,72h_threshold,0.043084966568227134
chronological,tim_sfsa,2345,2,24,72h_tp_ipcw,31.68516142832763
chronological,tim_sfsa,2345,2,24,72h_tn_ipcw,521.8992518836561
chronological,tim_sfsa,2345,2,24,72h_fp_ipcw,133.85888592981382
chronological,tim_sfsa,2345,2,24,72h_fn_ipcw,1.169247255604473
chronological,tim_sfsa,2345,2,24,72h_tss,0.7602828121120195
chronological,tim_sfsa,2345,2,24,72h_hss2,0.260532722561627
chronological,tim_sfsa,2345,2,24,72h_far,0.808599814164388
chronological,tim_sfsa,2345,2,24,72h_precision,0.191400185835612
chronological,tim_sfsa,2345,2,24,72h_recall,0.9644112524789921
chronological,tim_sfsa,2345,2,24,72h_f1,0.31940935489546635
chronological,tim_sfsa,2345,2,24,72h_alert_fraction,0.25481798715203424
chronological,tim_sfsa,2345,2,24,72h_known_count,467.0
chronological,tim_sfsa,2345,2,24,72h_auc,0.9895466447921146
chronological,tim_sfsa,2345,2,24,72h_average_precision,0.9210486445781595
chronological,tim_sfsa,2345,2,24,72h_brier,0.011346518353674092
chronological,tim_sfsa,2345,2,24,72h_km_reference_brier,0.05083338933226156
chronological,tim_sfsa,2345,2,24,72h_bss,0.7767900487707006
chronological,tim_sfsa,2345,2,24,72h_predicted_survival_mean,0.930466449658062
chronological,tim_sfsa,2345,2,24,72h_observed_survival_km,0.9525778467901921
chronological,tim_sfsa,2345,2,24,72h_ece,0.026350239270484285
chronological,tim_sfsa,2345,2,24,72h_calibration_intercept,-0.24787376244952092
chronological,tim_sfsa,2345,2,24,72h_calibration_slope,1.670673479541002
chronological,tim_sfsa,2345,2,24,144h_threshold,0.060457378436681974
chronological,tim_sfsa,2345,2,24,144h_tp_ipcw,35.14731788723395
chronological,tim_sfsa,2345,2,24,144h_tn_ipcw,439.499963816635
chronological,tim_sfsa,2345,2,24,144h_fp_ipcw,164.2791126887422
chronological,tim_sfsa,2345,2,24,144h_fn_ipcw,1.169247255604473
chronological,tim_sfsa,2345,2,24,144h_tss,0.6957192184601988
chronological,tim_sfsa,2345,2,24,144h_hss2,0.2236612501286463
chronological,tim_sfsa,2345,2,24,144h_far,0.8237579753810829
chronological,tim_sfsa,2345,2,24,144h_precision,0.1762420246189171
chronological,tim_sfsa,2345,2,24,144h_recall,0.9678040241139091
chronological,tim_sfsa,2345,2,24,144h_f1,0.2981833481844471
chronological,tim_sfsa,2345,2,24,144h_alert_fraction,0.3449367088607595
chronological,tim_sfsa,2345,2,24,144h_known_count,316.0
chronological,tim_sfsa,2345,2,24,144h_auc,0.9851830988042533
chronological,tim_sfsa,2345,2,24,144h_average_precision,0.94022457323948
chronological,tim_sfsa,2345,2,24,144h_brier,0.012277873847182137
chronological,tim_sfsa,2345,2,24,144h_km_reference_brier,0.05843412983047235
chronological,tim_sfsa,2345,2,24,144h_bss,0.7898852283279926
chronological,tim_sfsa,2345,2,24,144h_predicted_survival_mean,0.9149447027710149
chronological,tim_sfsa,2345,2,24,144h_observed_survival_km,0.9473444532866776
chronological,tim_sfsa,2345,2,24,144h_ece,0.05772921596257801
chronological,tim_sfsa,2345,2,24,144h_calibration_intercept,0.07982177658401958
chronological,tim_sfsa,2345,2,24,144h_calibration_slope,2.3445654995254563
chronological,tim_sfsa,2345,2,24,integrated_brier_score,0.01200849179676488
chronological,tim_sfsa,2345,2,24,integrated_auc,0.9882592905596844
chronological,tim_sfsa,2346,2,24,harrell_c_index,0.9715471803722189
chronological,tim_sfsa,2346,2,24,uno_c_index,0.8731647590631871
chronological,tim_sfsa,2346,2,24,event_event_pairs,703.0
chronological,tim_sfsa,2346,2,24,event_event_fraction,0.0327907085218527
chronological,tim_sfsa,2346,2,24,event_event_c_index,0.7382645803698435
chronological,tim_sfsa,2346,2,24,event_censored_pairs,20736.0
chronological,tim_sfsa,2346,2,24,event_censored_fraction,0.9672092914781473
chronological,tim_sfsa,2346,2,24,event_censored_c_index,0.9794560185185185
chronological,tim_sfsa,2346,2,24,12h_threshold,0.03952918246556125
chronological,tim_sfsa,2346,2,24,12h_tp_ipcw,26.841039795711808
chronological,tim_sfsa,2346,2,24,12h_tn_ipcw,593.7092202816859
chronological,tim_sfsa,2346,2,24,12h_fp_ipcw,63.2998801035621
chronological,tim_sfsa,2346,2,24,12h_fn_ipcw,0.0
chronological,tim_sfsa,2346,2,24,12h_tss,0.9036544850498338
chronological,tim_sfsa,2346,2,24,12h_hss2,0.4240539436118842
chronological,tim_sfsa,2346,2,24,12h_far,0.7022324619528537
chronological,tim_sfsa,2346,2,24,12h_precision,0.2977675380471463
chronological,tim_sfsa,2346,2,24,12h_recall,1.0
chronological,tim_sfsa,2346,2,24,12h_f1,0.4588919499330685
chronological,tim_sfsa,2346,2,24,12h_alert_fraction,0.1337579617834395
chronological,tim_sfsa,2346,2,24,12h_known_count,628.0
chronological,tim_sfsa,2346,2,24,12h_auc,0.9959488583558461
chronological,tim_sfsa,2346,2,24,12h_average_precision,0.9003772088229042
chronological,tim_sfsa,2346,2,24,12h_brier,0.012818827367317443
chronological,tim_sfsa,2346,2,24,12h_km_reference_brier,0.03719403170926477
chronological,tim_sfsa,2346,2,24,12h_bss,0.6553525719524413
chronological,tim_sfsa,2346,2,24,12h_predicted_survival_mean,0.9649455650399745
chronological,tim_sfsa,2346,2,24,12h_observed_survival_km,0.9613497134749082
chronological,tim_sfsa,2346,2,24,12h_ece,0.019522178843894164
chronological,tim_sfsa,2346,2,24,12h_calibration_intercept,1.3229705744630205
chronological,tim_sfsa,2346,2,24,12h_calibration_slope,1.8218361522264905
chronological,tim_sfsa,2346,2,24,24h_threshold,0.06289618021200427
chronological,tim_sfsa,2346,2,24,24h_tp_ipcw,26.841039795711808
chronological,tim_sfsa,2346,2,24,24h_tn_ipcw,592.6270058934069
chronological,tim_sfsa,2346,2,24,24h_fp_ipcw,66.89057294242414
chronological,tim_sfsa,2346,2,24,24h_fn_ipcw,1.169247255604473
chronological,tim_sfsa,2346,2,24,24h_tss,0.8568330182363262
chronological,tim_sfsa,2346,2,24,24h_hss2,0.40353099767040507
chronological,tim_sfsa,2346,2,24,24h_far,0.713639411383016
chronological,tim_sfsa,2346,2,24,24h_precision,0.286360588616984
chronological,tim_sfsa,2346,2,24,24h_recall,0.95825650578081
chronological,tim_sfsa,2346,2,24,24h_f1,0.44094990865318046
chronological,tim_sfsa,2346,2,24,24h_alert_fraction,0.14091680814940577
chronological,tim_sfsa,2346,2,24,24h_known_count,589.0
chronological,tim_sfsa,2346,2,24,24h_auc,0.9877455077626791
chronological,tim_sfsa,2346,2,24,24h_average_precision,0.8645699025593778
chronological,tim_sfsa,2346,2,24,24h_brier,0.012894988933952821
chronological,tim_sfsa,2346,2,24,24h_km_reference_brier,0.040508589474213846
chronological,tim_sfsa,2346,2,24,24h_bss,0.6816727241968952
chronological,tim_sfsa,2346,2,24,24h_predicted_survival_mean,0.9510220308608475
chronological,tim_sfsa,2346,2,24,24h_observed_survival_km,0.9596542113347408
chronological,tim_sfsa,2346,2,24,24h_ece,0.01353961988889241
chronological,tim_sfsa,2346,2,24,24h_calibration_intercept,0.07285048362315842
chronological,tim_sfsa,2346,2,24,24h_calibration_slope,1.4963447013400288
chronological,tim_sfsa,2346,2,24,48h_threshold,0.05531836529164724
chronological,tim_sfsa,2346,2,24,48h_tp_ipcw,31.68516142832763
chronological,tim_sfsa,2346,2,24,48h_tn_ipcw,542.7904212297863
chronological,tim_sfsa,2346,2,24,48h_fp_ipcw,103.76875699981206
chronological,tim_sfsa,2346,2,24,48h_fn_ipcw,1.169247255604473
chronological,tim_sfsa,2346,2,24,48h_tss,0.8039174253184984
chronological,tim_sfsa,2346,2,24,48h_hss2,0.3238880668254671
chronological,tim_sfsa,2346,2,24,48h_far,0.7660816180438732
chronological,tim_sfsa,2346,2,24,48h_precision,0.23391838195612688
chronological,tim_sfsa,2346,2,24,48h_recall,0.9644112524789921
chronological,tim_sfsa,2346,2,24,48h_f1,0.3765132952361813
chronological,tim_sfsa,2346,2,24,48h_alert_fraction,0.20889748549323017
chronological,tim_sfsa,2346,2,24,48h_known_count,517.0
chronological,tim_sfsa,2346,2,24,48h_auc,0.9899572761763776
chronological,tim_sfsa,2346,2,24,48h_average_precision,0.9095284270375807
chronological,tim_sfsa,2346,2,24,48h_brier,0.012752022765789068
chronological,tim_sfsa,2346,2,24,48h_km_reference_brier,0.048246055336417265
chronological,tim_sfsa,2346,2,24,48h_bss,0.7356877639659891
chronological,tim_sfsa,2346,2,24,48h_predicted_survival_mean,0.9398302333728826
chronological,tim_sfsa,2346,2,24,48h_observed_survival_km,0.9525778467901921
chronological,tim_sfsa,2346,2,24,48h_ece,0.02256218352398766
chronological,tim_sfsa,2346,2,24,48h_calibration_intercept,0.17930725066874165
chronological,tim_sfsa,2346,2,24,48h_calibration_slope,1.6339970319421568
chronological,tim_sfsa,2346,2,24,72h_threshold,0.06876952801926706
chronological,tim_sfsa,2346,2,24,72h_tp_ipcw,31.68516142832763
chronological,tim_sfsa,2346,2,24,72h_tn_ipcw,544.4597382763214
chronological,tim_sfsa,2346,2,24,72h_fp_ipcw,111.29839953714858
chronological,tim_sfsa,2346,2,24,72h_fn_ipcw,1.169247255604473
chronological,tim_sfsa,2346,2,24,72h_tss,0.7946864818367902
chronological,tim_sfsa,2346,2,24,72h_hss2,0.30658644641677213
chronological,tim_sfsa,2346,2,24,72h_far,0.7783999697980798
chronological,tim_sfsa,2346,2,24,72h_precision,0.2216000302019202
chronological,tim_sfsa,2346,2,24,72h_recall,0.9644112524789921
chronological,tim_sfsa,2346,2,24,72h_f1,0.3603904377592914
chronological,tim_sfsa,2346,2,24,72h_alert_fraction,0.22269807280513917
chronological,tim_sfsa,2346,2,24,72h_known_count,467.0
chronological,tim_sfsa,2346,2,24,72h_auc,0.9902007144149191
chronological,tim_sfsa,2346,2,24,72h_average_precision,0.9189079797811961
chronological,tim_sfsa,2346,2,24,72h_brier,0.01215119786866768
chronological,tim_sfsa,2346,2,24,72h_km_reference_brier,0.05083338933226156
chronological,tim_sfsa,2346,2,24,72h_bss,0.7609603052583416
chronological,tim_sfsa,2346,2,24,72h_predicted_survival_mean,0.9311955499213188
chronological,tim_sfsa,2346,2,24,72h_observed_survival_km,0.9525778467901921
chronological,tim_sfsa,2346,2,24,72h_ece,0.027015140558285862
chronological,tim_sfsa,2346,2,24,72h_calibration_intercept,-0.18439958185528807
chronological,tim_sfsa,2346,2,24,72h_calibration_slope,1.6291284155096886
chronological,tim_sfsa,2346,2,24,144h_threshold,0.2129541944110298
chronological,tim_sfsa,2346,2,24,144h_tp_ipcw,33.52266399935765
chronological,tim_sfsa,2346,2,24,144h_tn_ipcw,582.4441268055403
chronological,tim_sfsa,2346,2,24,144h_fp_ipcw,21.334949699836645
chronological,tim_sfsa,2346,2,24,144h_fn_ipcw,2.7939011434807735
chronological,tim_sfsa,2346,2,24,144h_tss,0.8877324443942183
chronological,tim_sfsa,2346,2,24,144h_hss2,0.715961942564086
chronological,tim_sfsa,2346,2,24,144h_far,0.38891501582304516
chronological,tim_sfsa,2346,2,24,144h_precision,0.6110849841769549
chronological,tim_sfsa,2346,2,24,144h_recall,0.9230681334401547
chronological,tim_sfsa,2346,2,24,144h_f1,0.7353543388076706
chronological,tim_sfsa,2346,2,24,144h_alert_fraction,0.12974683544303797
chronological,tim_sfsa,2346,2,24,144h_known_count,316.0
chronological,tim_sfsa,2346,2,24,144h_auc,0.9857844502702331
chronological,tim_sfsa,2346,2,24,144h_average_precision,0.9405629383936117
chronological,tim_sfsa,2346,2,24,144h_brier,0.012890172352111963
chronological,tim_sfsa,2346,2,24,144h_km_reference_brier,0.05843412983047235
chronological,tim_sfsa,2346,2,24,144h_bss,0.7794067886437497
chronological,tim_sfsa,2346,2,24,144h_predicted_survival_mean,0.9158058506196063
chronological,tim_sfsa,2346,2,24,144h_observed_survival_km,0.9473444532866776
chronological,tim_sfsa,2346,2,24,144h_ece,0.06043398690116949
chronological,tim_sfsa,2346,2,24,144h_calibration_intercept,0.5279716819636006
chronological,tim_sfsa,2346,2,24,144h_calibration_slope,2.622788776229683
chronological,tim_sfsa,2346,2,24,integrated_brier_score,0.01259375010428843
chronological,tim_sfsa,2346,2,24,integrated_auc,0.9888784956040975
chronological,tim_sfsa,2347,2,24,harrell_c_index,0.9731330752367181
chronological,tim_sfsa,2347,2,24,uno_c_index,0.873117716258146
chronological,tim_sfsa,2347,2,24,event_event_pairs,703.0
chronological,tim_sfsa,2347,2,24,event_event_fraction,0.0327907085218527
chronological,tim_sfsa,2347,2,24,event_event_c_index,0.7581792318634424
chronological,tim_sfsa,2347,2,24,event_censored_pairs,20736.0
chronological,tim_sfsa,2347,2,24,event_censored_fraction,0.9672092914781473
chronological,tim_sfsa,2347,2,24,event_censored_c_index,0.980420524691358
chronological,tim_sfsa,2347,2,24,12h_threshold,0.03240609052021781
chronological,tim_sfsa,2347,2,24,12h_tp_ipcw,26.841039795711808
chronological,tim_sfsa,2347,2,24,12h_tn_ipcw,563.1506574730697
chronological,tim_sfsa,2347,2,24,12h_fp_ipcw,93.85844291217825
chronological,tim_sfsa,2347,2,24,12h_fn_ipcw,0.0
chronological,tim_sfsa,2347,2,24,12h_tss,0.8571428571428572
chronological,tim_sfsa,2347,2,24,12h_hss2,0.3201897124863166
chronological,tim_sfsa,2347,2,24,12h_far,0.7776209210384858
chronological,tim_sfsa,2347,2,24,12h_precision,0.22237907896151426
chronological,tim_sfsa,2347,2,24,12h_recall,1.0
chronological,tim_sfsa,2347,2,24,12h_f1,0.36384634323165754
chronological,tim_sfsa,2347,2,24,12h_alert_fraction,0.17834394904458598
chronological,tim_sfsa,2347,2,24,12h_known_count,628.0
chronological,tim_sfsa,2347,2,24,12h_auc,0.9957478719471228
chronological,tim_sfsa,2347,2,24,12h_average_precision,0.8940240742824335
chronological,tim_sfsa,2347,2,24,12h_brier,0.012870131200347164
chronological,tim_sfsa,2347,2,24,12h_km_reference_brier,0.03719403170926477
chronological,tim_sfsa,2347,2,24,12h_bss,0.6539732153548359
chronological,tim_sfsa,2347,2,24,12h_predicted_survival_mean,0.9645620835523808
chronological,tim_sfsa,2347,2,24,12h_observed_survival_km,0.9613497134749082
chronological,tim_sfsa,2347,2,24,12h_ece,0.020126778104557427
chronological,tim_sfsa,2347,2,24,12h_calibration_intercept,1.2986644088515447
chronological,tim_sfsa,2347,2,24,12h_calibration_slope,1.8190156657855847
chronological,tim_sfsa,2347,2,24,24h_threshold,0.11813266359624741
chronological,tim_sfsa,2347,2,24,24h_tp_ipcw,26.841039795711808
chronological,tim_sfsa,2347,2,24,24h_tn_ipcw,647.7823906003181
chronological,tim_sfsa,2347,2,24,24h_fp_ipcw,11.735188235513009
chronological,tim_sfsa,2347,2,24,24h_fn_ipcw,1.169247255604473
chronological,tim_sfsa,2347,2,24,24h_tss,0.9404629114747602
chronological,tim_sfsa,2347,2,24,24h_hss2,0.7965988563659535
chronological,tim_sfsa,2347,2,24,24h_far,0.30420776821451223
chronological,tim_sfsa,2347,2,24,24h_precision,0.6957922317854878
chronological,tim_sfsa,2347,2,24,24h_recall,0.95825650578081
chronological,tim_sfsa,2347,2,24,24h_f1,0.8062004675402962
chronological,tim_sfsa,2347,2,24,24h_alert_fraction,0.06112054329371817
chronological,tim_sfsa,2347,2,24,24h_known_count,589.0
chronological,tim_sfsa,2347,2,24,24h_auc,0.9862022230487066
chronological,tim_sfsa,2347,2,24,24h_average_precision,0.8572447500804202
chronological,tim_sfsa,2347,2,24,24h_brier,0.013005035131598482
chronological,tim_sfsa,2347,2,24,24h_km_reference_brier,0.040508589474213846
chronological,tim_sfsa,2347,2,24,24h_bss,0.6789561102867585
chronological,tim_sfsa,2347,2,24,24h_predicted_survival_mean,0.9503790370167757
chronological,tim_sfsa,2347,2,24,24h_observed_survival_km,0.9596542113347408
chronological,tim_sfsa,2347,2,24,24h_ece,0.014488781883258485
chronological,tim_sfsa,2347,2,24,24h_calibration_intercept,0.04544582813965383
chronological,tim_sfsa,2347,2,24,24h_calibration_slope,1.4924666425726056
chronological,tim_sfsa,2347,2,24,48h_threshold,0.06153292176860392
chronological,tim_sfsa,2347,2,24,48h_tp_ipcw,31.68516142832763
chronological,tim_sfsa,2347,2,24,48h_tn_ipcw,541.4600525503015
chronological,tim_sfsa,2347,2,24,48h_fp_ipcw,105.09912567929682
chronological,tim_sfsa,2347,2,24,48h_fn_ipcw,1.169247255604473
chronological,tim_sfsa,2347,2,24,48h_tss,0.801859812149774
chronological,tim_sfsa,2347,2,24,48h_hss2,0.32057700262267813
chronological,tim_sfsa,2347,2,24,48h_far,0.7683567162696316
chronological,tim_sfsa,2347,2,24,48h_precision,0.23164328373036847
chronological,tim_sfsa,2347,2,24,48h_recall,0.9644112524789921
chronological,tim_sfsa,2347,2,24,48h_f1,0.373560540305742
chronological,tim_sfsa,2347,2,24,48h_alert_fraction,0.21083172147001933
chronological,tim_sfsa,2347,2,24,48h_known_count,517.0
chronological,tim_sfsa,2347,2,24,48h_auc,0.9885891302447102
chronological,tim_sfsa,2347,2,24,48h_average_precision,0.9045185287556449
chronological,tim_sfsa,2347,2,24,48h_brier,0.012984320278603077
chronological,tim_sfsa,2347,2,24,48h_km_reference_brier,0.048246055336417265
chronological,tim_sfsa,2347,2,24,48h_bss,0.7308729141053278
chronological,tim_sfsa,2347,2,24,48h_predicted_survival_mean,0.938908597007372
chronological,tim_sfsa,2347,2,24,48h_observed_survival_km,0.9525778467901921
chronological,tim_sfsa,2347,2,24,48h_ece,0.02395551620803115
chronological,tim_sfsa,2347,2,24,48h_calibration_intercept,0.11705978011371765
chronological,tim_sfsa,2347,2,24,48h_calibration_slope,1.6148123618541488
chronological,tim_sfsa,2347,2,24,72h_threshold,0.07656568561316135
chronological,tim_sfsa,2347,2,24,72h_tp_ipcw,31.68516142832763
chronological,tim_sfsa,2347,2,24,72h_tn_ipcw,542.9557058501438
chronological,tim_sfsa,2347,2,24,72h_fp_ipcw,112.80243196332627
chronological,tim_sfsa,2347,2,24,72h_fn_ipcw,1.169247255604473
chronological,tim_sfsa,2347,2,24,72h_tss,0.7923929038551387
chronological,tim_sfsa,2347,2,24,72h_hss2,0.3031586441124821
chronological,tim_sfsa,2347,2,24,72h_far,0.7807066981699907
chronological,tim_sfsa,2347,2,24,72h_precision,0.21929330183000942
chronological,tim_sfsa,2347,2,24,72h_recall,0.9644112524789921
chronological,tim_sfsa,2347,2,24,72h_f1,0.35733397680739964
chronological,tim_sfsa,2347,2,24,72h_alert_fraction,0.22483940042826553
chronological,tim_sfsa,2347,2,24,72h_known_count,467.0
chronological,tim_sfsa,2347,2,24,72h_auc,0.9888276643727087
chronological,tim_sfsa,2347,2,24,72h_average_precision,0.9146071199415826
chronological,tim_sfsa,2347,2,24,72h_brier,0.012334085177952552
chronological,tim_sfsa,2347,2,24,72h_km_reference_brier,0.05083338933226156
chronological,tim_sfsa,2347,2,24,72h_bss,0.757362526088248
chronological,tim_sfsa,2347,2,24,72h_predicted_survival_mean,0.9300239105001047
chronological,tim_sfsa,2347,2,24,72h_observed_survival_km,0.9525778467901921
chronological,tim_sfsa,2347,2,24,72h_ece,0.02896716240480935
chronological,tim_sfsa,2347,2,24,72h_calibration_intercept,-0.2282571389771562
chronological,tim_sfsa,2347,2,24,72h_calibration_slope,1.6180113318016731
chronological,tim_sfsa,2347,2,24,144h_threshold,0.10741680886371929
chronological,tim_sfsa,2347,2,24,144h_tp_ipcw,35.14731788723395
chronological,tim_sfsa,2347,2,24,144h_tn_ipcw,467.23539842642265
chronological,tim_sfsa,2347,2,24,144h_fp_ipcw,136.5436780789545
chronological,tim_sfsa,2347,2,24,144h_fn_ipcw,1.169247255604473
chronological,tim_sfsa,2347,2,24,144h_tss,0.7416556142199162
chronological,tim_sfsa,2347,2,24,144h_hss2,0.26952583293208043
chronological,tim_sfsa,2347,2,24,144h_far,0.7952873551146759
chronological,tim_sfsa,2347,2,24,144h_precision,0.20471264488532412
chronological,tim_sfsa,2347,2,24,144h_recall,0.9678040241139091
chronological,tim_sfsa,2347,2,24,144h_f1,0.3379426949658963
chronological,tim_sfsa,2347,2,24,144h_alert_fraction,0.3037974683544304
chronological,tim_sfsa,2347,2,24,144h_known_count,316.0
chronological,tim_sfsa,2347,2,24,144h_auc,0.9885221017045334
chronological,tim_sfsa,2347,2,24,144h_average_precision,0.9529356356413212
chronological,tim_sfsa,2347,2,24,144h_brier,0.01302102860521332
chronological,tim_sfsa,2347,2,24,144h_km_reference_brier,0.05843412983047235
chronological,tim_sfsa,2347,2,24,144h_bss,0.7771674081056806
chronological,tim_sfsa,2347,2,24,144h_predicted_survival_mean,0.9141142404766959
chronological,tim_sfsa,2347,2,24,144h_observed_survival_km,0.9473444532866776
chronological,tim_sfsa,2347,2,24,144h_ece,0.06116329134070715
chronological,tim_sfsa,2347,2,24,144h_calibration_intercept,0.6558622728917685
chronological,tim_sfsa,2347,2,24,144h_calibration_slope,2.6929764672495557
chronological,tim_sfsa,2347,2,24,integrated_brier_score,0.012755516852929782
chronological,tim_sfsa,2347,2,24,integrated_auc,0.9886574994218615
official,balanced22,2345,2,24,harrell_c_index,0.9460148636863459
official,balanced22,2345,2,24,uno_c_index,0.8268263908638277
official,balanced22,2345,2,24,event_event_pairs,5777.0
official,balanced22,2345,2,24,event_event_fraction,0.054762965561043125
official,balanced22,2345,2,24,event_event_c_index,0.6955167041717154
official,balanced22,2345,2,24,event_censored_pairs,99714.0
official,balanced22,2345,2,24,event_censored_fraction,0.9452370344389569
official,balanced22,2345,2,24,event_censored_c_index,0.9605271075275287
official,balanced22,2345,2,24,12h_threshold,0.05279378090246012
official,balanced22,2345,2,24,12h_tp_ipcw,56.81019514753142
official,balanced22,2345,2,24,12h_tn_ipcw,1104.3643952727189
official,balanced22,2345,2,24,12h_fp_ipcw,99.01198026582998
official,balanced22,2345,2,24,12h_fn_ipcw,2.1111961661424434
official,balanced22,2345,2,24,12h_tss,0.8818907940320657
official,balanced22,2345,2,24,12h_hss2,0.49488081979804033
official,balanced22,2345,2,24,12h_far,0.6354164932120434
official,balanced22,2345,2,24,12h_precision,0.3645835067879567
official,balanced22,2345,2,24,12h_recall,0.9641692750447239
official,balanced22,2345,2,24,12h_f1,0.5290979936059642
official,balanced22,2345,2,24,12h_alert_fraction,0.12553740326741186
official,balanced22,2345,2,24,12h_known_count,1163.0
official,balanced22,2345,2,24,12h_auc,0.9829720652620949
official,balanced22,2345,2,24,12h_average_precision,0.7425634358294254
official,balanced22,2345,2,24,12h_brier,0.022611688817593387
official,balanced22,2345,2,24,12h_km_reference_brier,0.04357689317292897
official,balanced22,2345,2,24,12h_bss,0.48110828535063344
official,balanced22,2345,2,24,12h_predicted_survival_mean,0.9566694621638226
official,balanced22,2345,2,24,12h_observed_survival_km,0.9541362661402012
official,balanced22,2345,2,24,12h_ece,0.020442346707414728
official,balanced22,2345,2,24,12h_calibration_intercept,0.8574047663385624
official,balanced22,2345,2,24,12h_calibration_slope,1.6654199679284765
official,balanced22,2345,2,24,24h_threshold,0.10788381811511083
official,balanced22,2345,2,24,24h_tp_ipcw,62.58847077401114
official,balanced22,2345,2,24,24h_tn_ipcw,1134.3779071426688
official,balanced22,2345,2,24,24h_fp_ipcw,46.778470397635836
official,balanced22,2345,2,24,24h_fn_ipcw,6.528125212939051
official,balanced22,2345,2,24,24h_tss,0.8659451321233371
official,balanced22,2345,2,24,24h_hss2,0.6796318149890472
official,balanced22,2345,2,24,24h_far,0.4277203869514731
official,balanced22,2345,2,24,24h_precision,0.5722796130485269
official,balanced22,2345,2,24,24h_recall,0.9055490925193768
official,balanced22,2345,2,24,24h_f1,0.7013360646074174
official,balanced22,2345,2,24,24h_alert_fraction,0.09293680297397769
official,balanced22,2345,2,24,24h_known_count,1076.0
official,balanced22,2345,2,24,24h_auc,0.9769765654719683
official,balanced22,2345,2,24,24h_average_precision,0.7447265259918232
official,balanced22,2345,2,24,24h_brier,0.02409151136357203
official,balanced22,2345,2,24,24h_km_reference_brier,0.05125594252633338
official,balanced22,2345,2,24,24h_bss,0.5299762295621679
official,balanced22,2345,2,24,24h_predicted_survival_mean,0.9401225031137718
official,balanced22,2345,2,24,24h_observed_survival_km,0.946025556578541
official,balanced22,2345,2,24,24h_ece,0.01819481350121348
official,balanced22,2345,2,24,24h_calibration_intercept,0.19149460734304835
official,balanced22,2345,2,24,24h_calibration_slope,1.4718522406454015
official,balanced22,2345,2,24,48h_threshold,0.12099650928302597
official,balanced22,2345,2,24,48h_tp_ipcw,73.50369166715913
official,balanced22,2345,2,24,48h_tn_ipcw,1100.2455219849141
official,balanced22,2345,2,24,48h_fp_ipcw,41.09350744762934
official,balanced22,2345,2,24,48h_fn_ipcw,10.292430774834223
official,balanced22,2345,2,24,48h_tss,0.8411683012099354
official,balanced22,2345,2,24,48h_hss2,0.7187676255718044
official,balanced22,2345,2,24,48h_far,0.35859085357284554
official,balanced22,2345,2,24,48h_precision,0.6414091464271544
official,balanced22,2345,2,24,48h_recall,0.8771729469706786
official,balanced22,2345,2,24,48h_f1,0.7409895765681989
official,balanced22,2345,2,24,48h_alert_fraction,0.10649627263045794
official,balanced22,2345,2,24,48h_known_count,939.0
official,balanced22,2345,2,24,48h_auc,0.9708544412944748
official,balanced22,2345,2,24,48h_average_precision,0.7997636805199367
official,balanced22,2345,2,24,48h_brier,0.024243877031444767
official,balanced22,2345,2,24,48h_km_reference_brier,0.061692278013956325
official,balanced22,2345,2,24,48h_bss,0.6070192605635312
official,balanced22,2345,2,24,48h_predicted_survival_mean,0.9246380698181321
official,balanced22,2345,2,24,48h_observed_survival_km,0.9341837307990893
official,balanced22,2345,2,24,48h_ece,0.025140401562053653
official,balanced22,2345,2,24,48h_calibration_intercept,0.06127273836905567
official,balanced22,2345,2,24,48h_calibration_slope,1.4379554575832418
official,balanced22,2345,2,24,72h_threshold,0.1454036328472359
official,balanced22,2345,2,24,72h_tp_ipcw,76.29213784596385
official,balanced22,2345,2,24,72h_tn_ipcw,1116.086997595833
official,balanced22,2345,2,24,72h_fp_ipcw,39.16094728406432
official,balanced22,2345,2,24,72h_fn_ipcw,14.729610724404855
official,balanced22,2345,2,24,72h_tss,0.8042765162546024
official,balanced22,2345,2,24,72h_hss2,0.7157828685955397
official,balanced22,2345,2,24,72h_far,0.3391935974682668
official,balanced22,2345,2,24,72h_precision,0.6608064025317332
official,balanced22,2345,2,24,72h_recall,0.8381748213393481
official,balanced22,2345,2,24,72h_f1,0.738996966154885
official,balanced22,2345,2,24,72h_alert_fraction,0.11411764705882353
official,balanced22,2345,2,24,72h_known_count,850.0
official,balanced22,2345,2,24,72h_auc,0.9642223428174335
official,balanced22,2345,2,24,72h_average_precision,0.8055819873758313
official,balanced22,2345,2,24,72h_brier,0.025883807008383147
official,balanced22,2345,2,24,72h_km_reference_brier,0.06751678430739513
official,balanced22,2345,2,24,72h_bss,0.6166315194968774
official,balanced22,2345,2,24,72h_predicted_survival_mean,0.9139512560684374
official,balanced22,2345,2,24,72h_observed_survival_km,0.9283200097187064
official,balanced22,2345,2,24,72h_ece,0.02432893035244714
official,balanced22,2345,2,24,72h_calibration_intercept,-0.14065723246149542
official,balanced22,2345,2,24,72h_calibration_slope,1.3795001725516765
official,balanced22,2345,2,24,144h_threshold,0.1966829773060409
official,balanced22,2345,2,24,144h_tp_ipcw,84.79484126831748
official,balanced22,2345,2,24,144h_tn_ipcw,1044.8778121783403
official,balanced22,2345,2,24,144h_fp_ipcw,38.619713797146055
official,balanced22,2345,2,24,144h_fn_ipcw,26.940254144641294
official,balanced22,2345,2,24,144h_tss,0.7232481782507236
official,balanced22,2345,2,24,144h_hss2,0.690864355210148
official,balanced22,2345,2,24,144h_far,0.3129267352352465
official,balanced22,2345,2,24,144h_precision,0.6870732647647536
official,balanced22,2345,2,24,144h_recall,0.7588917426071592
official,balanced22,2345,2,24,144h_f1,0.7211989564585672
official,balanced22,2345,2,24,144h_alert_fraction,0.15666666666666668
official,balanced22,2345,2,24,144h_known_count,600.0
official,balanced22,2345,2,24,144h_auc,0.9429483313430349
official,balanced22,2345,2,24,144h_average_precision,0.8087114399470471
official,balanced22,2345,2,24,144h_brier,0.03246455901158057
official,balanced22,2345,2,24,144h_km_reference_brier,0.08158930098774504
official,balanced22,2345,2,24,144h_bss,0.6020978410336321
official,balanced22,2345,2,24,144h_predicted_survival_mean,0.8935578056416199
official,balanced22,2345,2,24,144h_observed_survival_km,0.9112654249610479
official,balanced22,2345,2,24,144h_ece,0.04234200805736144
official,balanced22,2345,2,24,144h_calibration_intercept,-0.3582782240457797
official,balanced22,2345,2,24,144h_calibration_slope,1.288540044689535
official,balanced22,2345,2,24,integrated_brier_score,0.026987251871392594
official,balanced22,2345,2,24,integrated_auc,0.9622176480660716
official,balanced22,2346,2,24,harrell_c_index,0.9475884427255147
official,balanced22,2346,2,24,uno_c_index,0.8390183851741462
official,balanced22,2346,2,24,event_event_pairs,5777.0
official,balanced22,2346,2,24,event_event_fraction,0.054762965561043125
official,balanced22,2346,2,24,event_event_c_index,0.695862904621776
official,balanced22,2346,2,24,event_censored_pairs,99714.0
official,balanced22,2346,2,24,event_censored_fraction,0.9452370344389569
official,balanced22,2346,2,24,event_censored_c_index,0.9621718113805484
official,balanced22,2346,2,24,12h_threshold,0.04648427726526816
official,balanced22,2346,2,24,12h_tp_ipcw,57.854910622620096
official,balanced22,2346,2,24,12h_tn_ipcw,1045.6100333567322
official,balanced22,2346,2,24,12h_fp_ipcw,157.766342181817
official,balanced22,2346,2,24,12h_fn_ipcw,1.0664806910537599
official,balanced22,2346,2,24,12h_tss,0.8507968663173111
official,balanced22,2346,2,24,12h_hss2,0.3756894272701125
official,balanced22,2346,2,24,12h_far,0.7316827081276027
official,balanced22,2346,2,24,12h_precision,0.26831729187239717
official,balanced22,2346,2,24,12h_recall,0.98189994045836
official,balanced22,2346,2,24,12h_f1,0.4214639281883679
official,balanced22,2346,2,24,12h_alert_fraction,0.17282889079965605
official,balanced22,2346,2,24,12h_known_count,1163.0
official,balanced22,2346,2,24,12h_auc,0.9820583084340297
official,balanced22,2346,2,24,12h_average_precision,0.7425904542137287
official,balanced22,2346,2,24,12h_brier,0.022141068862886196
official,balanced22,2346,2,24,12h_km_reference_brier,0.04357689317292897
official,balanced22,2346,2,24,12h_bss,0.4919080445909171
official,balanced22,2346,2,24,12h_predicted_survival_mean,0.9562391678486808
official,balanced22,2346,2,24,12h_observed_survival_km,0.9541362661402012
official,balanced22,2346,2,24,12h_ece,0.021080694721603732
official,balanced22,2346,2,24,12h_calibration_intercept,0.8759966898701672
official,balanced22,2346,2,24,12h_calibration_slope,1.6563475944968054
official,balanced22,2346,2,24,24h_threshold,0.10418823679082001
official,balanced22,2346,2,24,24h_tp_ipcw,62.58847077401114
official,balanced22,2346,2,24,24h_tn_ipcw,1135.5473689026098
official,balanced22,2346,2,24,24h_fp_ipcw,45.60900863769493
official,balanced22,2346,2,24,24h_fn_ipcw,6.528125212939051
official,balanced22,2346,2,24,24h_tss,0.8669352311332381
official,balanced22,2346,2,24,24h_hss2,0.6846890811167804
official,balanced22,2346,2,24,24h_far,0.42153485354447556
official,balanced22,2346,2,24,24h_precision,0.5784651464555245
official,balanced22,2346,2,24,24h_recall,0.9055490925193768
official,balanced22,2346,2,24,24h_f1,0.7059616743148351
official,balanced22,2346,2,24,24h_alert_fraction,0.09200743494423792
official,balanced22,2346,2,24,24h_known_count,1076.0
official,balanced22,2346,2,24,24h_auc,0.9762916262431534
official,balanced22,2346,2,24,24h_average_precision,0.7432502713705728
official,balanced22,2346,2,24,24h_brier,0.02376879305606407
official,balanced22,2346,2,24,24h_km_reference_brier,0.05125594252633338
official,balanced22,2346,2,24,24h_bss,0.536272442090933
official,balanced22,2346,2,24,24h_predicted_survival_mean,0.9396751474759606
official,balanced22,2346,2,24,24h_observed_survival_km,0.946025556578541
official,balanced22,2346,2,24,24h_ece,0.01936105099013828
official,balanced22,2346,2,24,24h_calibration_intercept,0.21833788269285156
official,balanced22,2346,2,24,24h_calibration_slope,1.4808057269951158
official,balanced22,2346,2,24,48h_threshold,0.14023776200353522
official,balanced22,2346,2,24,48h_tp_ipcw,73.50369166715913
official,balanced22,2346,2,24,48h_tn_ipcw,1108.199104071552
official,balanced22,2346,2,24,48h_fp_ipcw,33.13992536099139
official,balanced22,2346,2,24,48h_fn_ipcw,10.292430774834223
official,balanced22,2346,2,24,48h_tss,0.8481369423249179
official,balanced22,2346,2,24,48h_hss2,0.7530167675511239
official,balanced22,2346,2,24,48h_far,0.31075395119281735
official,balanced22,2346,2,24,48h_precision,0.6892460488071828
official,balanced22,2346,2,24,48h_recall,0.8771729469706786
official,balanced22,2346,2,24,48h_f1,0.7719364862781978
official,balanced22,2346,2,24,48h_alert_fraction,0.10010649627263046
official,balanced22,2346,2,24,48h_known_count,939.0
official,balanced22,2346,2,24,48h_auc,0.9712970934664108
official,balanced22,2346,2,24,48h_average_precision,0.7934925778655524
official,balanced22,2346,2,24,48h_brier,0.024124622163675637
official,balanced22,2346,2,24,48h_km_reference_brier,0.061692278013956325
official,balanced22,2346,2,24,48h_bss,0.608952320447333
official,balanced22,2346,2,24,48h_predicted_survival_mean,0.9243028752439945
official,balanced22,2346,2,24,48h_observed_survival_km,0.9341837307990893
official,balanced22,2346,2,24,48h_ece,0.026615434483722784
official,balanced22,2346,2,24,48h_calibration_intercept,0.10167714260747045
official,balanced22,2346,2,24,48h_calibration_slope,1.45820992112638
official,balanced22,2346,2,24,72h_threshold,0.16771682583673542
official,balanced22,2346,2,24,72h_tp_ipcw,76.29213784596385
official,balanced22,2346,2,24,72h_tn_ipcw,1125.1241392767708
official,balanced22,2346,2,24,72h_fp_ipcw,30.123805603126407
official,balanced22,2346,2,24,72h_fn_ipcw,14.729610724404855
official,balanced22,2346,2,24,72h_tss,0.8120992020433899
official,balanced22,2346,2,24,72h_hss2,0.7534082791196052
official,balanced22,2346,2,24,72h_far,0.2830760563386607
official,balanced22,2346,2,24,72h_precision,0.7169239436613393
official,balanced22,2346,2,24,72h_recall,0.8381748213393481
official,balanced22,2346,2,24,72h_f1,0.7728224237795961
official,balanced22,2346,2,24,72h_alert_fraction,0.10705882352941176
official,balanced22,2346,2,24,72h_known_count,850.0
official,balanced22,2346,2,24,72h_auc,0.9674505890649968
official,balanced22,2346,2,24,72h_average_precision,0.8096162062597198
official,balanced22,2346,2,24,72h_brier,0.025518097444715847
official,balanced22,2346,2,24,72h_km_reference_brier,0.06751678430739513
official,balanced22,2346,2,24,72h_bss,0.6220480920931413
official,balanced22,2346,2,24,72h_predicted_survival_mean,0.9137388117292151
official,balanced22,2346,2,24,72h_observed_survival_km,0.9283200097187064
official,balanced22,2346,2,24,72h_ece,0.026337418645231654
official,balanced22,2346,2,24,72h_calibration_intercept,-0.08146482453299733
official,balanced22,2346,2,24,72h_calibration_slope,1.422440362124864
official,balanced22,2346,2,24,144h_threshold,0.22714687676842393
official,balanced22,2346,2,24,144h_tp_ipcw,84.79484126831748
official,balanced22,2346,2,24,144h_tn_ipcw,1059.8965897661196
official,balanced22,2346,2,24,144h_fp_ipcw,23.60093620936703
official,balanced22,2346,2,24,144h_fn_ipcw,26.940254144641294
official,balanced22,2346,2,24,144h_tss,0.7371095643893373
official,balanced22,2346,2,24,144h_hss2,0.7471225173667368
official,balanced22,2346,2,24,144h_far,0.21772929498315344
official,balanced22,2346,2,24,144h_precision,0.7822707050168466
official,balanced22,2346,2,24,144h_recall,0.7588917426071592
official,balanced22,2346,2,24,144h_f1,0.7704038979615722
official,balanced22,2346,2,24,144h_alert_fraction,0.145
official,balanced22,2346,2,24,144h_known_count,600.0
official,balanced22,2346,2,24,144h_auc,0.9481330237815763
official,balanced22,2346,2,24,144h_average_precision,0.8120599629350564
official,balanced22,2346,2,24,144h_brier,0.032010248754321104
official,balanced22,2346,2,24,144h_km_reference_brier,0.08158930098774504
official,balanced22,2346,2,24,144h_bss,0.6076660987801681
official,balanced22,2346,2,24,144h_predicted_survival_mean,0.8932676711011601
official,balanced22,2346,2,24,144h_observed_survival_km,0.9112654249610479
official,balanced22,2346,2,24,144h_ece,0.042023935383121984
official,balanced22,2346,2,24,144h_calibration_intercept,-0.2746380845509144
official,balanced22,2346,2,24,144h_calibration_slope,1.348744430876463
official,balanced22,2346,2,24,integrated_brier_score,0.026643282216792467
official,balanced22,2346,2,24,integrated_auc,0.9647511098290257
official,balanced22,2347,2,24,harrell_c_index,0.9456925643650703
official,balanced22,2347,2,24,uno_c_index,0.8314773121297876
official,balanced22,2347,2,24,event_event_pairs,5777.0
official,balanced22,2347,2,24,event_event_fraction,0.054762965561043125
official,balanced22,2347,2,24,event_event_c_index,0.6792452830188679
official,balanced22,2347,2,24,event_censored_pairs,99714.0
official,balanced22,2347,2,24,event_censored_fraction,0.9452370344389569
official,balanced22,2347,2,24,event_censored_c_index,0.9611288284493652
official,balanced22,2347,2,24,12h_threshold,0.07348428282418418
official,balanced22,2347,2,24,12h_tp_ipcw,53.7379640725085
official,balanced22,2347,2,24,12h_tn_ipcw,1153.3263635360418
official,balanced22,2347,2,24,12h_fp_ipcw,50.05001200250748
official,balanced22,2347,2,24,12h_fn_ipcw,5.183427241165364
official,balanced22,2347,2,24,12h_tss,0.8704367714985048
official,balanced22,2347,2,24,12h_hss2,0.6390446920631692
official,balanced22,2347,2,24,12h_far,0.4822332402583155
official,balanced22,2347,2,24,12h_precision,0.5177667597416845
official,balanced22,2347,2,24,12h_recall,0.9120280915708376
official,balanced22,2347,2,24,12h_f1,0.6605392785301175
official,balanced22,2347,2,24,12h_alert_fraction,0.08426483233018056
official,balanced22,2347,2,24,12h_known_count,1163.0
official,balanced22,2347,2,24,12h_auc,0.9799391977792293
official,balanced22,2347,2,24,12h_average_precision,0.6795148720988754
official,balanced22,2347,2,24,12h_brier,0.023763744303909404
official,balanced22,2347,2,24,12h_km_reference_brier,0.04357689317292897
official,balanced22,2347,2,24,12h_bss,0.45467098332122435
official,balanced22,2347,2,24,12h_predicted_survival_mean,0.9573042216964534
official,balanced22,2347,2,24,12h_observed_survival_km,0.9541362661402012
official,balanced22,2347,2,24,12h_ece,0.023345815368482997
official,balanced22,2347,2,24,12h_calibration_intercept,0.9549097031767431
official,balanced22,2347,2,24,12h_calibration_slope,1.65446675497623
official,balanced22,2347,2,24,24h_threshold,0.10290723782019673
official,balanced22,2347,2,24,24h_tp_ipcw,61.54375529892246
official,balanced22,2347,2,24,24h_tn_ipcw,1134.3779071426688
official,balanced22,2347,2,24,24h_fp_ipcw,46.778470397635836
official,balanced22,2347,2,24,24h_fn_ipcw,7.572840688027735
official,balanced22,2347,2,24,24h_tss,0.8508298698600458
official,balanced22,2347,2,24,24h_hss2,0.6715187687923458
official,balanced22,2347,2,24,24h_far,0.43184554320990215
official,balanced22,2347,2,24,24h_precision,0.5681544567900979
official,balanced22,2347,2,24,24h_recall,0.8904338302560856
official,balanced22,2347,2,24,24h_f1,0.6936898556359435
official,balanced22,2347,2,24,24h_alert_fraction,0.09200743494423792
official,balanced22,2347,2,24,24h_known_count,1076.0
official,balanced22,2347,2,24,24h_auc,0.974198118625264
official,balanced22,2347,2,24,24h_average_precision,0.6990544274945509
official,balanced22,2347,2,24,24h_brier,0.025253836202908733
official,balanced22,2347,2,24,24h_km_reference_brier,0.05125594252633338
official,balanced22,2347,2,24,24h_bss,0.5072993499254401
official,balanced22,2347,2,24,24h_predicted_survival_mean,0.9407923001718226
official,balanced22,2347,2,24,24h_observed_survival_km,0.946025556578541
official,balanced22,2347,2,24,24h_ece,0.02239512582946961
official,balanced22,2347,2,24,24h_calibration_intercept,0.29323178456053683
official,balanced22,2347,2,24,24h_calibration_slope,1.4963795407060827
official,balanced22,2347,2,24,48h_threshold,0.13825211419835204
official,balanced22,2347,2,24,48h_tp_ipcw,72.45897619207047
official,balanced22,2347,2,24,48h_tn_ipcw,1106.8735070571124
official,balanced22,2347,2,24,48h_fp_ipcw,34.46552237543105
official,balanced22,2347,2,24,48h_fn_ipcw,11.337146249922906
official,balanced22,2347,2,24,48h_tss,0.8345081534761243
official,balanced22,2347,2,24,48h_hss2,0.7398963277880908
official,balanced22,2347,2,24,48h_far,0.32233513214628673
official,balanced22,2347,2,24,48h_precision,0.6776648678537133
official,balanced22,2347,2,24,48h_recall,0.8647055983077154
official,balanced22,2347,2,24,48h_f1,0.7598441721565404
official,balanced22,2347,2,24,48h_alert_fraction,0.10010649627263046
official,balanced22,2347,2,24,48h_known_count,939.0
official,balanced22,2347,2,24,48h_auc,0.9681529530952416
official,balanced22,2347,2,24,48h_average_precision,0.767390814288369
official,balanced22,2347,2,24,48h_brier,0.02602730019849609
official,balanced22,2347,2,24,48h_km_reference_brier,0.061692278013956325
official,balanced22,2347,2,24,48h_bss,0.5781108910809215
official,balanced22,2347,2,24,48h_predicted_survival_mean,0.9252557624188481
official,balanced22,2347,2,24,48h_observed_survival_km,0.9341837307990893
official,balanced22,2347,2,24,48h_ece,0.028681201676168534
official,balanced22,2347,2,24,48h_calibration_intercept,0.13160486787712236
official,balanced22,2347,2,24,48h_calibration_slope,1.4652968571391563
official,balanced22,2347,2,24,72h_threshold,0.1649393197880743
official,balanced22,2347,2,24,72h_tp_ipcw,75.24742237087519
official,balanced22,2347,2,24,72h_tn_ipcw,1125.1241392767708
official,balanced22,2347,2,24,72h_fp_ipcw,30.123805603126407
official,balanced22,2347,2,24,72h_fn_ipcw,15.774326199493538
official,balanced22,2347,2,24,72h_tss,0.8006215553106311
official,balanced22,2347,2,24,72h_hss2,0.746421019885167
official,balanced22,2347,2,24,72h_far,0.2858826473063302
official,balanced22,2347,2,24,72h_precision,0.7141173526936699
official,balanced22,2347,2,24,72h_recall,0.8266971746065893
official,balanced22,2347,2,24,72h_f1,0.7662944336899423
official,balanced22,2347,2,24,72h_alert_fraction,0.10588235294117647
official,balanced22,2347,2,24,72h_known_count,850.0
official,balanced22,2347,2,24,72h_auc,0.9636721614377556
official,balanced22,2347,2,24,72h_average_precision,0.784601850189573
official,balanced22,2347,2,24,72h_brier,0.027817929772062436
official,balanced22,2347,2,24,72h_km_reference_brier,0.06751678430739513
official,balanced22,2347,2,24,72h_bss,0.5879849720713738
official,balanced22,2347,2,24,72h_predicted_survival_mean,0.9145881434394405
official,balanced22,2347,2,24,72h_observed_survival_km,0.9283200097187064
official,balanced22,2347,2,24,72h_ece,0.027510482891065384
official,balanced22,2347,2,24,72h_calibration_intercept,-0.09046185639164517
official,balanced22,2347,2,24,72h_calibration_slope,1.4119783768898642
official,balanced22,2347,2,24,144h_threshold,0.22088263392775265
official,balanced22,2347,2,24,144h_tp_ipcw,83.7501257932288
official,balanced22,2347,2,24,144h_tn_ipcw,1059.8965897661196
official,balanced22,2347,2,24,144h_fp_ipcw,23.60093620936703
official,balanced22,2347,2,24,144h_fn_ipcw,27.984969619729977
official,balanced22,2347,2,24,144h_tss,0.7277596330071914
official,balanced22,2347,2,24,144h_hss2,0.740793815096387
official,balanced22,2347,2,24,144h_far,0.2198481856546174
official,balanced22,2347,2,24,144h_precision,0.7801518143453826
official,balanced22,2347,2,24,144h_recall,0.7495418112250133
official,balanced22,2347,2,24,144h_f1,0.764540551362856
official,balanced22,2347,2,24,144h_alert_fraction,0.14333333333333334
official,balanced22,2347,2,24,144h_known_count,600.0
official,balanced22,2347,2,24,144h_auc,0.9452206337510011
official,balanced22,2347,2,24,144h_average_precision,0.7965669411773044
official,balanced22,2347,2,24,144h_brier,0.03453699750932135
official,balanced22,2347,2,24,144h_km_reference_brier,0.08158930098774504
official,balanced22,2347,2,24,144h_bss,0.5766969799813715
official,balanced22,2347,2,24,144h_predicted_survival_mean,0.8944069348109948
official,balanced22,2347,2,24,144h_observed_survival_km,0.9112654249610479
official,balanced22,2347,2,24,144h_ece,0.042848155836358294
official,balanced22,2347,2,24,144h_calibration_intercept,-0.32437648001725666
official,balanced22,2347,2,24,144h_calibration_slope,1.3311295229735576
official,balanced22,2347,2,24,integrated_brier_score,0.028790903497229434
official,balanced22,2347,2,24,integrated_auc,0.9616293845474563
official,bc_history,2345,2,26,harrell_c_index,0.9451427596405415
official,bc_history,2345,2,26,uno_c_index,0.8309415518979136
official,bc_history,2345,2,26,event_event_pairs,5777.0
official,bc_history,2345,2,26,event_event_fraction,0.054762965561043125
official,bc_history,2345,2,26,event_event_c_index,0.6835727886446252
official,bc_history,2345,2,26,event_censored_pairs,99714.0
official,bc_history,2345,2,26,event_censored_fraction,0.9452370344389569
official,bc_history,2345,2,26,event_censored_c_index,0.9602964478408248
official,bc_history,2345,2,26,12h_threshold,0.10127958485802036
official,bc_history,2345,2,26,12h_tp_ipcw,55.79409496587727
official,bc_history,2345,2,26,12h_tn_ipcw,1151.1502760576718
official,bc_history,2345,2,26,12h_fp_ipcw,52.22609948087736
official,bc_history,2345,2,26,12h_fn_ipcw,3.1272963477965785
official,bc_history,2345,2,26,12h_tss,0.9035246233269916
official,bc_history,2345,2,26,12h_hss2,0.6471098003891943
official,bc_history,2345,2,26,12h_far,0.4834845905283079
official,bc_history,2345,2,26,12h_precision,0.5165154094716922
official,bc_history,2345,2,26,12h_recall,0.9469242616633388
official,bc_history,2345,2,26,12h_f1,0.6684265602453934
official,bc_history,2345,2,26,12h_alert_fraction,0.08770421324161651
official,bc_history,2345,2,26,12h_known_count,1163.0
official,bc_history,2345,2,26,12h_auc,0.9817206411884082
official,bc_history,2345,2,26,12h_average_precision,0.717100040512836
official,bc_history,2345,2,26,12h_brier,0.022112113645598584
official,bc_history,2345,2,26,12h_km_reference_brier,0.04357689317292897
official,bc_history,2345,2,26,12h_bss,0.4925725072264865
official,bc_history,2345,2,26,12h_predicted_survival_mean,0.9555750086948587
official,bc_history,2345,2,26,12h_observed_survival_km,0.9541362661402012
official,bc_history,2345,2,26,12h_ece,0.01814091848604954
official,bc_history,2345,2,26,12h_calibration_intercept,0.6205632138449535
official,bc_history,2345,2,26,12h_calibration_slope,1.5185639624543645
official,bc_history,2345,2,26,24h_threshold,0.15076258081403715
official,bc_history,2345,2,26,24h_tp_ipcw,62.58847077401114
official,bc_history,2345,2,26,24h_tn_ipcw,1133.2084453827279
official,bc_history,2345,2,26,24h_fp_ipcw,47.94793215757673
official,bc_history,2345,2,26,24h_fn_ipcw,6.528125212939051
official,bc_history,2345,2,26,24h_tss,0.8649550331134361
official,bc_history,2345,2,26,24h_hss2,0.6746373849712592
official,bc_history,2345,2,26,24h_far,0.43377503596939193
official,bc_history,2345,2,26,24h_precision,0.5662249640306081
official,bc_history,2345,2,26,24h_recall,0.9055490925193768
official,bc_history,2345,2,26,24h_f1,0.6967706762567464
official,bc_history,2345,2,26,24h_alert_fraction,0.09386617100371747
official,bc_history,2345,2,26,24h_known_count,1076.0
official,bc_history,2345,2,26,24h_auc,0.9769401903807229
official,bc_history,2345,2,26,24h_average_precision,0.72532370139903
official,bc_history,2345,2,26,24h_brier,0.023775921378686043
official,bc_history,2345,2,26,24h_km_reference_brier,0.05125594252633338
official,bc_history,2345,2,26,24h_bss,0.5361333689948075
official,bc_history,2345,2,26,24h_predicted_survival_mean,0.9390771277005902
official,bc_history,2345,2,26,24h_observed_survival_km,0.946025556578541
official,bc_history,2345,2,26,24h_ece,0.014821503990113259
official,bc_history,2345,2,26,24h_calibration_intercept,0.01557656164619248
official,bc_history,2345,2,26,24h_calibration_slope,1.3614229912082452
official,bc_history,2345,2,26,48h_threshold,0.11710024540280006
official,bc_history,2345,2,26,48h_tp_ipcw,74.51979184881327
official,bc_history,2345,2,26,48h_tn_ipcw,1104.2223130282332
official,bc_history,2345,2,26,48h_fp_ipcw,37.11671640431037
official,bc_history,2345,2,26,48h_fn_ipcw,9.276330593180088
official,bc_history,2345,2,26,48h_tss,0.8567784833472092
official,bc_history,2345,2,26,48h_hss2,0.7424916423383578
official,bc_history,2345,2,26,48h_far,0.33247829930467054
official,bc_history,2345,2,26,48h_precision,0.6675217006953295
official,bc_history,2345,2,26,48h_recall,0.8892988085504613
official,bc_history,2345,2,26,48h_f1,0.7626136084210752
official,bc_history,2345,2,26,48h_alert_fraction,0.10436634717784878
official,bc_history,2345,2,26,48h_known_count,939.0
official,bc_history,2345,2,26,48h_auc,0.9701599141350689
official,bc_history,2345,2,26,48h_average_precision,0.7776625746624898
official,bc_history,2345,2,26,48h_brier,0.024739397596478394
official,bc_history,2345,2,26,48h_km_reference_brier,0.061692278013956325
official,bc_history,2345,2,26,48h_bss,0.5989871278398615
official,bc_history,2345,2,26,48h_predicted_survival_mean,0.9239454201886298
official,bc_history,2345,2,26,48h_observed_survival_km,0.9341837307990893
official,bc_history,2345,2,26,48h_ece,0.017269586243923017
official,bc_history,2345,2,26,48h_calibration_intercept,-0.1360371834194435
official,bc_history,2345,2,26,48h_calibration_slope,1.3113523260790179
official,bc_history,2345,2,26,72h_threshold,0.1408420731851876
official,bc_history,2345,2,26,72h_tp_ipcw,77.30823802761799
official,bc_history,2345,2,26,72h_tn_ipcw,1120.6055684363018
official,bc_history,2345,2,26,72h_fp_ipcw,34.64237644359537
official,bc_history,2345,2,26,72h_fn_ipcw,13.71351054275072
official,bc_history,2345,2,26,72h_tss,0.8193511272427592
official,bc_history,2345,2,26,72h_hss2,0.7408853512911028
official,bc_history,2345,2,26,72h_far,0.30944337918308795
official,bc_history,2345,2,26,72h_precision,0.690556620816912
official,bc_history,2345,2,26,72h_recall,0.8493380894331113
official,bc_history,2345,2,26,72h_f1,0.7617612257071686
official,bc_history,2345,2,26,72h_alert_fraction,0.11176470588235295
official,bc_history,2345,2,26,72h_known_count,850.0
official,bc_history,2345,2,26,72h_auc,0.9638653443330251
official,bc_history,2345,2,26,72h_average_precision,0.7891339796892378
official,bc_history,2345,2,26,72h_brier,0.027411846844951574
official,bc_history,2345,2,26,72h_km_reference_brier,0.06751678430739513
official,bc_history,2345,2,26,72h_bss,0.5939995198801382
official,bc_history,2345,2,26,72h_predicted_survival_mean,0.9138985242033572
official,bc_history,2345,2,26,72h_observed_survival_km,0.9283200097187064
official,bc_history,2345,2,26,72h_ece,0.02256790352832277
official,bc_history,2345,2,26,72h_calibration_intercept,-0.3852125181636065
official,bc_history,2345,2,26,72h_calibration_slope,1.2289341218662433
official,bc_history,2345,2,26,144h_threshold,0.1913819894366312
official,bc_history,2345,2,26,144h_tp_ipcw,85.81094144997161
official,bc_history,2345,2,26,144h_tn_ipcw,1053.4599707999284
official,bc_history,2345,2,26,144h_fp_ipcw,30.037555175558037
official,bc_history,2345,2,26,144h_fn_ipcw,25.924153962987162
official,bc_history,2345,2,26,144h_tss,0.7402628022893418
official,bc_history,2345,2,26,144h_hss2,0.728240477210207
official,bc_history,2345,2,26,144h_far,0.25928308135626366
official,bc_history,2345,2,26,144h_precision,0.7407169186437363
official,bc_history,2345,2,26,144h_recall,0.7679855745665696
official,bc_history,2345,2,26,144h_f1,0.7541048164444074
official,bc_history,2345,2,26,144h_alert_fraction,0.15166666666666667
official,bc_history,2345,2,26,144h_known_count,600.0
official,bc_history,2345,2,26,144h_auc,0.9427357814328623
official,bc_history,2345,2,26,144h_average_precision,0.7703510243367055
official,bc_history,2345,2,26,144h_brier,0.03565831969271738
official,bc_history,2345,2,26,144h_km_reference_brier,0.08158930098774504
official,bc_history,2345,2,26,144h_bss,0.5629534845742414
official,bc_history,2345,2,26,144h_predicted_survival_mean,0.8956021788827049
official,bc_history,2345,2,26,144h_observed_survival_km,0.9112654249610479
official,bc_history,2345,2,26,144h_ece,0.03631069386627978
official,bc_history,2345,2,26,144h_calibration_intercept,-0.6406797361954304
official,bc_history,2345,2,26,144h_calibration_slope,1.086330847342918
official,bc_history,2345,2,26,integrated_brier_score,0.028438280049249417
official,bc_history,2345,2,26,integrated_auc,0.9618417414605557
official,bc_history,2346,2,26,harrell_c_index,0.9457778788912903
official,bc_history,2346,2,26,uno_c_index,0.8236039576806026
official,bc_history,2346,2,26,event_event_pairs,5777.0
official,bc_history,2346,2,26,event_event_fraction,0.054762965561043125
official,bc_history,2346,2,26,event_event_c_index,0.6827072875194737
official,bc_history,2346,2,26,event_censored_pairs,99714.0
official,bc_history,2346,2,26,event_censored_fraction,0.9452370344389569
official,bc_history,2346,2,26,event_censored_c_index,0.9610185129470284
official,bc_history,2346,2,26,12h_threshold,0.06446293076602827
official,bc_history,2346,2,26,12h_tp_ipcw,56.81019514753142
official,bc_history,2346,2,26,12h_tn_ipcw,1144.622013622562
official,bc_history,2346,2,26,12h_fp_ipcw,58.75436191598704
official,bc_history,2346,2,26,12h_fn_ipcw,2.1111961661424434
official,bc_history,2346,2,26,12h_tss,0.9153446819163333
official,bc_history,2346,2,26,12h_hss2,0.6281823404854603
official,bc_history,2346,2,26,12h_far,0.5084116048114433
official,bc_history,2346,2,26,12h_precision,0.4915883951885566
official,bc_history,2346,2,26,12h_recall,0.9641692750447239
official,bc_history,2346,2,26,12h_f1,0.6511721508338637
official,bc_history,2346,2,26,12h_alert_fraction,0.0937231298366294
official,bc_history,2346,2,26,12h_known_count,1163.0
official,bc_history,2346,2,26,12h_auc,0.9819733826526812
official,bc_history,2346,2,26,12h_average_precision,0.7267343463981389
official,bc_history,2346,2,26,12h_brier,0.022000595406262716
official,bc_history,2346,2,26,12h_km_reference_brier,0.04357689317292897
official,bc_history,2346,2,26,12h_bss,0.4951316212710175
official,bc_history,2346,2,26,12h_predicted_survival_mean,0.9557154038011162
official,bc_history,2346,2,26,12h_observed_survival_km,0.9541362661402012
official,bc_history,2346,2,26,12h_ece,0.018133132030922275
official,bc_history,2346,2,26,12h_calibration_intercept,0.6464232883970469
official,bc_history,2346,2,26,12h_calibration_slope,1.547802427107314
official,bc_history,2346,2,26,24h_threshold,0.09691580720840287
official,bc_history,2346,2,26,24h_tp_ipcw,63.60457095566528
official,bc_history,2346,2,26,24h_tn_ipcw,1127.3611365830234
official,bc_history,2346,2,26,24h_fp_ipcw,53.7952409572812
official,bc_history,2346,2,26,24h_fn_ipcw,5.5120250312849155
official,bc_history,2346,2,26,24h_tss,0.8747057855305451
official,bc_history,2346,2,26,24h_hss2,0.6582430812777404
official,bc_history,2346,2,26,24h_far,0.45822254806652574
official,bc_history,2346,2,26,24h_precision,0.5417774519334743
official,bc_history,2346,2,26,24h_recall,0.9202503399859907
official,bc_history,2346,2,26,24h_f1,0.6820265484611073
official,bc_history,2346,2,26,24h_alert_fraction,0.09944237918215613
official,bc_history,2346,2,26,24h_known_count,1076.0
official,bc_history,2346,2,26,24h_auc,0.9769910964249295
official,bc_history,2346,2,26,24h_average_precision,0.7355423286803757
official,bc_history,2346,2,26,24h_brier,0.023635700724930157
official,bc_history,2346,2,26,24h_km_reference_brier,0.05125594252633338
official,bc_history,2346,2,26,24h_bss,0.5388690645423793
official,bc_history,2346,2,26,24h_predicted_survival_mean,0.9392208315884503
official,bc_history,2346,2,26,24h_observed_survival_km,0.946025556578541
official,bc_history,2346,2,26,24h_ece,0.014939600411625193
official,bc_history,2346,2,26,24h_calibration_intercept,0.025372072128183768
official,bc_history,2346,2,26,24h_calibration_slope,1.3799414158284888
official,bc_history,2346,2,26,48h_threshold,0.1322540338697512
official,bc_history,2346,2,26,48h_tp_ipcw,74.51979184881327
official,bc_history,2346,2,26,48h_tn_ipcw,1098.9199249704745
official,bc_history,2346,2,26,48h_fp_ipcw,42.41910446206898
official,bc_history,2346,2,26,48h_fn_ipcw,9.276330593180088
official,bc_history,2346,2,26,48h_tss,0.8521327226038875
official,bc_history,2346,2,26,48h_hss2,0.7201694806798475
official,bc_history,2346,2,26,48h_far,0.36274589379822536
official,bc_history,2346,2,26,48h_precision,0.6372541062017746
official,bc_history,2346,2,26,48h_recall,0.8892988085504613
official,bc_history,2346,2,26,48h_f1,0.7424692742879546
official,bc_history,2346,2,26,48h_alert_fraction,0.10862619808306709
official,bc_history,2346,2,26,48h_known_count,939.0
official,bc_history,2346,2,26,48h_auc,0.9705789622016624
official,bc_history,2346,2,26,48h_average_precision,0.7804989055322066
official,bc_history,2346,2,26,48h_brier,0.024671857404999515
official,bc_history,2346,2,26,48h_km_reference_brier,0.061692278013956325
official,bc_history,2346,2,26,48h_bss,0.6000819195002309
official,bc_history,2346,2,26,48h_predicted_survival_mean,0.9240989444306069
official,bc_history,2346,2,26,48h_observed_survival_km,0.9341837307990893
official,bc_history,2346,2,26,48h_ece,0.018118339689234465
official,bc_history,2346,2,26,48h_calibration_intercept,-0.1400372988076848
official,bc_history,2346,2,26,48h_calibration_slope,1.326738887544352
official,bc_history,2346,2,26,72h_threshold,0.1590065175209101
official,bc_history,2346,2,26,72h_tp_ipcw,77.30823802761799
official,bc_history,2346,2,26,72h_tn_ipcw,1114.5808073156766
official,bc_history,2346,2,26,72h_fp_ipcw,40.66713756422064
official,bc_history,2346,2,26,72h_fn_ipcw,13.71351054275072
official,bc_history,2346,2,26,72h_tss,0.8141360033835676
official,bc_history,2346,2,26,72h_hss2,0.7164194475161585
official,bc_history,2346,2,26,72h_far,0.3447086933201841
official,bc_history,2346,2,26,72h_precision,0.6552913066798158
official,bc_history,2346,2,26,72h_recall,0.8493380894331113
official,bc_history,2346,2,26,72h_f1,0.739801931127218
official,bc_history,2346,2,26,72h_alert_fraction,0.11647058823529412
official,bc_history,2346,2,26,72h_known_count,850.0
official,bc_history,2346,2,26,72h_auc,0.9630770536527569
official,bc_history,2346,2,26,72h_average_precision,0.7879855076199244
official,bc_history,2346,2,26,72h_brier,0.02752829177484253
official,bc_history,2346,2,26,72h_km_reference_brier,0.06751678430739513
official,bc_history,2346,2,26,72h_bss,0.5922748386607128
official,bc_history,2346,2,26,72h_predicted_survival_mean,0.9140885333227646
official,bc_history,2346,2,26,72h_observed_survival_km,0.9283200097187064
official,bc_history,2346,2,26,72h_ece,0.022967453183491998
official,bc_history,2346,2,26,72h_calibration_intercept,-0.399625521124296
official,bc_history,2346,2,26,72h_calibration_slope,1.2337949584075796
official,bc_history,2346,2,26,144h_threshold,0.21484704786022812
official,bc_history,2346,2,26,144h_tp_ipcw,85.81094144997161
official,bc_history,2346,2,26,144h_tn_ipcw,1044.8778121783403
official,bc_history,2346,2,26,144h_fp_ipcw,38.619713797146055
official,bc_history,2346,2,26,144h_fn_ipcw,25.924153962987162
official,bc_history,2346,2,26,144h_tss,0.7323420102101341
official,bc_history,2346,2,26,144h_hss2,0.6968365334112908
official,bc_history,2346,2,26,144h_far,0.31037137689621425
official,bc_history,2346,2,26,144h_precision,0.6896286231037857
official,bc_history,2346,2,26,144h_recall,0.7679855745665696
official,bc_history,2346,2,26,144h_f1,0.7267009819174246
official,bc_history,2346,2,26,144h_alert_fraction,0.15833333333333333
official,bc_history,2346,2,26,144h_known_count,600.0
official,bc_history,2346,2,26,144h_auc,0.940482661254276
official,bc_history,2346,2,26,144h_average_precision,0.7645002258413491
official,bc_history,2346,2,26,144h_brier,0.03607648309196797
official,bc_history,2346,2,26,144h_km_reference_brier,0.08158930098774504
official,bc_history,2346,2,26,144h_bss,0.5578282611173888
official,bc_history,2346,2,26,144h_predicted_survival_mean,0.895891057770784
official,bc_history,2346,2,26,144h_observed_survival_km,0.9112654249610479
official,bc_history,2346,2,26,144h_ece,0.037978694839355814
official,bc_history,2346,2,26,144h_calibration_intercept,-0.6703649998112405
official,bc_history,2346,2,26,144h_calibration_slope,1.0945392552831783
official,bc_history,2346,2,26,integrated_brier_score,0.02855819817961815
official,bc_history,2346,2,26,integrated_auc,0.9610352235219014
official,bc_history,2347,2,26,harrell_c_index,0.9455219353126303
official,bc_history,2347,2,26,uno_c_index,0.8329350386695739
official,bc_history,2347,2,26,event_event_pairs,5777.0
official,bc_history,2347,2,26,event_event_fraction,0.054762965561043125
official,bc_history,2347,2,26,event_event_c_index,0.677514280768565
official,bc_history,2347,2,26,event_censored_pairs,99714.0
official,bc_history,2347,2,26,event_censored_fraction,0.9452370344389569
official,bc_history,2347,2,26,event_censored_c_index,0.9610485989931203
official,bc_history,2347,2,26,12h_threshold,0.060199987144861966
official,bc_history,2347,2,26,12h_tp_ipcw,56.81019514753142
official,bc_history,2347,2,26,12h_tn_ipcw,1120.6850513604932
official,bc_history,2347,2,26,12h_fp_ipcw,82.6913241780558
official,bc_history,2347,2,26,12h_fn_ipcw,2.1111961661424434
official,bc_history,2347,2,26,12h_tss,0.8954531810121742
official,bc_history,2347,2,26,12h_hss2,0.5425960860190128
official,bc_history,2347,2,26,12h_far,0.5927628930338729
official,bc_history,2347,2,26,12h_precision,0.4072371069661272
official,bc_history,2347,2,26,12h_recall,0.9641692750447239
official,bc_history,2347,2,26,12h_f1,0.5726172946914795
official,bc_history,2347,2,26,12h_alert_fraction,0.11263972484952708
official,bc_history,2347,2,26,12h_known_count,1163.0
official,bc_history,2347,2,26,12h_auc,0.9820924512800749
official,bc_history,2347,2,26,12h_average_precision,0.6999397113812773
official,bc_history,2347,2,26,12h_brier,0.022426455718390772
official,bc_history,2347,2,26,12h_km_reference_brier,0.04357689317292897
official,bc_history,2347,2,26,12h_bss,0.4853590036950446
official,bc_history,2347,2,26,12h_predicted_survival_mean,0.9559437192893967
official,bc_history,2347,2,26,12h_observed_survival_km,0.9541362661402012
official,bc_history,2347,2,26,12h_ece,0.017370525368934287
official,bc_history,2347,2,26,12h_calibration_intercept,0.6105587350941251
official,bc_history,2347,2,26,12h_calibration_slope,1.5296441598795723
official,bc_history,2347,2,26,24h_threshold,0.09061401792631951
official,bc_history,2347,2,26,24h_tp_ipcw,63.60457095566528
official,bc_history,2347,2,26,24h_tn_ipcw,1101.632977864324
official,bc_history,2347,2,26,24h_fp_ipcw,79.52339967598094
official,bc_history,2347,2,26,24h_fn_ipcw,5.5120250312849155
official,bc_history,2347,2,26,24h_tss,0.8529236073127233
official,bc_history,2347,2,26,24h_hss2,0.5670734773729978
official,bc_history,2347,2,26,24h_far,0.5556104744937812
official,bc_history,2347,2,26,24h_precision,0.44438952550621874
official,bc_history,2347,2,26,24h_recall,0.9202503399859907
official,bc_history,2347,2,26,24h_f1,0.5993517004368146
official,bc_history,2347,2,26,24h_alert_fraction,0.11988847583643122
official,bc_history,2347,2,26,24h_known_count,1076.0
official,bc_history,2347,2,26,24h_auc,0.9774445379972897
official,bc_history,2347,2,26,24h_average_precision,0.7209515199084516
official,bc_history,2347,2,26,24h_brier,0.023879314407374345
official,bc_history,2347,2,26,24h_km_reference_brier,0.05125594252633338
official,bc_history,2347,2,26,24h_bss,0.5341161779415908
official,bc_history,2347,2,26,24h_predicted_survival_mean,0.9394603993351447
official,bc_history,2347,2,26,24h_observed_survival_km,0.946025556578541
official,bc_history,2347,2,26,24h_ece,0.013748685070216092
official,bc_history,2347,2,26,24h_calibration_intercept,-0.0015639740383469618
official,bc_history,2347,2,26,24h_calibration_slope,1.3640957605715143
official,bc_history,2347,2,26,48h_threshold,0.12730554341996325
official,bc_history,2347,2,26,48h_tp_ipcw,74.51979184881327
official,bc_history,2347,2,26,48h_tn_ipcw,1072.4079846816812
official,bc_history,2347,2,26,48h_fp_ipcw,68.93104475086209
official,bc_history,2347,2,26,48h_fn_ipcw,9.276330593180088
official,bc_history,2347,2,26,48h_tss,0.8289039188872789
official,bc_history,2347,2,26,48h_hss2,0.6233213881582653
official,bc_history,2347,2,26,48h_far,0.48052033982364434
official,bc_history,2347,2,26,48h_precision,0.5194796601763556
official,bc_history,2347,2,26,48h_recall,0.8892988085504613
official,bc_history,2347,2,26,48h_f1,0.6558485285178148
official,bc_history,2347,2,26,48h_alert_fraction,0.1299254526091587
official,bc_history,2347,2,26,48h_known_count,939.0
official,bc_history,2347,2,26,48h_auc,0.9708556421050858
official,bc_history,2347,2,26,48h_average_precision,0.7702195483150017
official,bc_history,2347,2,26,48h_brier,0.02479519959593707
official,bc_history,2347,2,26,48h_km_reference_brier,0.061692278013956325
official,bc_history,2347,2,26,48h_bss,0.5980826062164899
official,bc_history,2347,2,26,48h_predicted_survival_mean,0.9243383696439986
official,bc_history,2347,2,26,48h_observed_survival_km,0.9341837307990893
official,bc_history,2347,2,26,48h_ece,0.016501199190072282
official,bc_history,2347,2,26,48h_calibration_intercept,-0.17828526646553491
official,bc_history,2347,2,26,48h_calibration_slope,1.3023101301282982
official,bc_history,2347,2,26,72h_threshold,0.14861755397434817
official,bc_history,2347,2,26,72h_tp_ipcw,77.30823802761799
official,bc_history,2347,2,26,72h_tn_ipcw,1079.9384308720814
official,bc_history,2347,2,26,72h_fp_ipcw,75.30951400781599
official,bc_history,2347,2,26,72h_fn_ipcw,13.71351054275072
official,bc_history,2347,2,26,72h_tss,0.7841490411932157
official,bc_history,2347,2,26,72h_hss2,0.5978114967271891
official,bc_history,2347,2,26,72h_far,0.49345186260069557
official,bc_history,2347,2,26,72h_precision,0.5065481373993045
official,bc_history,2347,2,26,72h_recall,0.8493380894331113
official,bc_history,2347,2,26,72h_f1,0.6346116933862798
official,bc_history,2347,2,26,72h_alert_fraction,0.14352941176470588
official,bc_history,2347,2,26,72h_known_count,850.0
official,bc_history,2347,2,26,72h_auc,0.9646735576662137
official,bc_history,2347,2,26,72h_average_precision,0.7828843156299382
official,bc_history,2347,2,26,72h_brier,0.027709476013339233
official,bc_history,2347,2,26,72h_km_reference_brier,0.06751678430739513
official,bc_history,2347,2,26,72h_bss,0.5895912950003426
official,bc_history,2347,2,26,72h_predicted_survival_mean,0.9143391561008544
official,bc_history,2347,2,26,72h_observed_survival_km,0.9283200097187064
official,bc_history,2347,2,26,72h_ece,0.022817026456726692
official,bc_history,2347,2,26,72h_calibration_intercept,-0.4299486316150642
official,bc_history,2347,2,26,72h_calibration_slope,1.2111126842948212
official,bc_history,2347,2,26,144h_threshold,0.2824057595376911
official,bc_history,2347,2,26,144h_tp_ipcw,84.79484126831748
official,bc_history,2347,2,26,144h_tn_ipcw,1053.4599707999284
official,bc_history,2347,2,26,144h_fp_ipcw,30.037555175558037
official,bc_history,2347,2,26,144h_fn_ipcw,26.940254144641294
official,bc_history,2347,2,26,144h_tss,0.7311689703299313
official,bc_history,2347,2,26,144h_hss2,0.7221916144994802
official,bc_history,2347,2,26,144h_far,0.2615773606208674
official,bc_history,2347,2,26,144h_precision,0.7384226393791326
official,bc_history,2347,2,26,144h_recall,0.7588917426071592
official,bc_history,2347,2,26,144h_f1,0.7485172790975546
official,bc_history,2347,2,26,144h_alert_fraction,0.15
official,bc_history,2347,2,26,144h_known_count,600.0
official,bc_history,2347,2,26,144h_auc,0.9408378749590076
official,bc_history,2347,2,26,144h_average_precision,0.7567405165811976
official,bc_history,2347,2,26,144h_brier,0.036120338508185953
official,bc_history,2347,2,26,144h_km_reference_brier,0.08158930098774504
official,bc_history,2347,2,26,144h_bss,0.5572907468148142
official,bc_history,2347,2,26,144h_predicted_survival_mean,0.8962798666300499
official,bc_history,2347,2,26,144h_observed_survival_km,0.9112654249610479
official,bc_history,2347,2,26,144h_ece,0.038509515452219055
official,bc_history,2347,2,26,144h_calibration_intercept,-0.6983379776424035
official,bc_history,2347,2,26,144h_calibration_slope,1.066774695570679
official,bc_history,2347,2,26,integrated_brier_score,0.02871104711273144
official,bc_history,2347,2,26,integrated_auc,0.9618301974898201
official,legacy18,2345,2,18,harrell_c_index,0.9446687900504304
official,legacy18,2345,2,18,uno_c_index,0.8315654609541324
official,legacy18,2345,2,18,event_event_pairs,5777.0
official,legacy18,2345,2,18,event_event_fraction,0.054762965561043125
official,legacy18,2345,2,18,event_event_c_index,0.6666089665916566
official,legacy18,2345,2,18,event_censored_pairs,99714.0
official,legacy18,2345,2,18,event_censored_fraction,0.9452370344389569
official,legacy18,2345,2,18,event_censored_c_index,0.960777824578294
official,legacy18,2345,2,18,12h_threshold,0.06852247780147147
official,legacy18,2345,2,18,12h_tp_ipcw,54.782679547597176
official,legacy18,2345,2,18,12h_tn_ipcw,1153.3263635360418
official,legacy18,2345,2,18,12h_fp_ipcw,50.05001200250748
official,legacy18,2345,2,18,12h_fn_ipcw,4.13871176607668
official,legacy18,2345,2,18,12h_tss,0.8881674369121411
official,legacy18,2345,2,18,12h_hss2,0.6480505433464087
official,legacy18,2345,2,18,12h_far,0.47742752058012494
official,legacy18,2345,2,18,12h_precision,0.5225724794198751
official,legacy18,2345,2,18,12h_recall,0.9297587569844737
official,legacy18,2345,2,18,12h_f1,0.6690847469515497
official,legacy18,2345,2,18,12h_alert_fraction,0.08512467755803955
official,legacy18,2345,2,18,12h_known_count,1163.0
official,legacy18,2345,2,18,12h_auc,0.9796787534402734
official,legacy18,2345,2,18,12h_average_precision,0.6826752280662948
official,legacy18,2345,2,18,12h_brier,0.02328061205920629
official,legacy18,2345,2,18,12h_km_reference_brier,0.04357689317292897
official,legacy18,2345,2,18,12h_bss,0.46575787386171963
official,legacy18,2345,2,18,12h_predicted_survival_mean,0.9583898452497631
official,legacy18,2345,2,18,12h_observed_survival_km,0.9541362661402012
official,legacy18,2345,2,18,12h_ece,0.019541195243386975
official,legacy18,2345,2,18,12h_calibration_intercept,0.8467139791812941
official,legacy18,2345,2,18,12h_calibration_slope,1.529319262615397
official,legacy18,2345,2,18,24h_threshold,0.101910216275226
official,legacy18,2345,2,18,24h_tp_ipcw,61.57705535573105
official,legacy18,2345,2,18,24h_tn_ipcw,1135.5473689026098
official,legacy18,2345,2,18,24h_fp_ipcw,45.60900863769493
official,legacy18,2345,2,18,24h_fn_ipcw,7.539540631219152
official,legacy18,2345,2,18,24h_tss,0.8523017642525621
official,legacy18,2345,2,18,24h_hss2,0.676814035790426
official,legacy18,2345,2,18,24h_far,0.4255124867771267
official,legacy18,2345,2,18,24h_precision,0.5744875132228733
official,legacy18,2345,2,18,24h_recall,0.8909156256387006
official,legacy18,2345,2,18,24h_f1,0.6985380182305251
official,legacy18,2345,2,18,24h_alert_fraction,0.09107806691449814
official,legacy18,2345,2,18,24h_known_count,1076.0
official,legacy18,2345,2,18,24h_auc,0.9739423985850012
official,legacy18,2345,2,18,24h_average_precision,0.6962779678453952
official,legacy18,2345,2,18,24h_brier,0.025098115382503425
official,legacy18,2345,2,18,24h_km_reference_brier,0.05125594252633338
official,legacy18,2345,2,18,24h_bss,0.510337452684458
official,legacy18,2345,2,18,24h_predicted_survival_mean,0.9425394240068992
official,legacy18,2345,2,18,24h_observed_survival_km,0.946025556578541
official,legacy18,2345,2,18,24h_ece,0.017555784351556122
official,legacy18,2345,2,18,24h_calibration_intercept,0.23652412894514913
official,legacy18,2345,2,18,24h_calibration_slope,1.385409301477309
official,legacy18,2345,2,18,48h_threshold,0.11025648092725293
official,legacy18,2345,2,18,48h_tp_ipcw,73.72682210511472
official,legacy18,2345,2,18,48h_tn_ipcw,1084.3383578116382
official,legacy18,2345,2,18,48h_fp_ipcw,57.0006716209052
official,legacy18,2345,2,18,48h_fn_ipcw,10.069300336878637
official,legacy18,2345,2,18,48h_tss,0.8298937965817625
official,legacy18,2345,2,18,48h_hss2,0.6589213166086314
official,legacy18,2345,2,18,48h_far,0.43602665358495907
official,legacy18,2345,2,18,48h_precision,0.5639733464150409
official,legacy18,2345,2,18,48h_recall,0.879835724572471
official,legacy18,2345,2,18,48h_f1,0.6873538999768906
official,legacy18,2345,2,18,48h_alert_fraction,0.11927582534611289
official,legacy18,2345,2,18,48h_known_count,939.0
official,legacy18,2345,2,18,48h_auc,0.9693194263580984
official,legacy18,2345,2,18,48h_average_precision,0.765839526370085
official,legacy18,2345,2,18,48h_brier,0.025683267715254393
official,legacy18,2345,2,18,48h_km_reference_brier,0.061692278013956325
official,legacy18,2345,2,18,48h_bss,0.5836874801503651
official,legacy18,2345,2,18,48h_predicted_survival_mean,0.9277973888694193
official,legacy18,2345,2,18,48h_observed_survival_km,0.9341837307990893
official,legacy18,2345,2,18,48h_ece,0.024386360866181758
official,legacy18,2345,2,18,48h_calibration_intercept,0.13499871656181453
official,legacy18,2345,2,18,48h_calibration_slope,1.372609626541143
official,legacy18,2345,2,18,72h_threshold,0.13258648557284625
official,legacy18,2345,2,18,72h_tp_ipcw,76.51526828391944
official,legacy18,2345,2,18,72h_tn_ipcw,1098.012714233957
official,legacy18,2345,2,18,72h_fp_ipcw,57.23523064594015
official,legacy18,2345,2,18,72h_fn_ipcw,14.506480286449268
official,legacy18,2345,2,18,72h_tss,0.7910825416394036
official,legacy18,2345,2,18,72h_hss2,0.6504415184838745
official,legacy18,2345,2,18,72h_far,0.42792536180336055
official,legacy18,2345,2,18,72h_precision,0.5720746381966395
official,legacy18,2345,2,18,72h_recall,0.8406262183017243
official,legacy18,2345,2,18,72h_f1,0.6808248717078982
official,legacy18,2345,2,18,72h_alert_fraction,0.12823529411764706
official,legacy18,2345,2,18,72h_known_count,850.0
official,legacy18,2345,2,18,72h_auc,0.9630376708197748
official,legacy18,2345,2,18,72h_average_precision,0.7766535922908612
official,legacy18,2345,2,18,72h_brier,0.027335463062251306
official,legacy18,2345,2,18,72h_km_reference_brier,0.06751678430739513
official,legacy18,2345,2,18,72h_bss,0.5951308501631758
official,legacy18,2345,2,18,72h_predicted_survival_mean,0.9176257165288516
official,legacy18,2345,2,18,72h_observed_survival_km,0.9283200097187064
official,legacy18,2345,2,18,72h_ece,0.022039713885335058
official,legacy18,2345,2,18,72h_calibration_intercept,-0.07482104853486066
official,legacy18,2345,2,18,72h_calibration_slope,1.3229607642574424
official,legacy18,2345,2,18,144h_threshold,0.17552213917883308
official,legacy18,2345,2,18,144h_tp_ipcw,88.51999228815032
official,legacy18,2345,2,18,144h_tn_ipcw,999.8214794150033
official,legacy18,2345,2,18,144h_fp_ipcw,83.67604656048312
official,legacy18,2345,2,18,144h_fn_ipcw,23.21510312480846
official,legacy18,2345,2,18,144h_tss,0.7150031511621084
official,legacy18,2345,2,18,144h_hss2,0.575383925416594
official,legacy18,2345,2,18,144h_far,0.48593479338997686
official,legacy18,2345,2,18,144h_precision,0.5140652066100232
official,legacy18,2345,2,18,144h_recall,0.7922308739343858
official,legacy18,2345,2,18,144h_f1,0.6235314243952891
official,legacy18,2345,2,18,144h_alert_fraction,0.195
official,legacy18,2345,2,18,144h_known_count,600.0
official,legacy18,2345,2,18,144h_auc,0.9435776689379382
official,legacy18,2345,2,18,144h_average_precision,0.7866560607689032
official,legacy18,2345,2,18,144h_brier,0.03334075993369757
official,legacy18,2345,2,18,144h_km_reference_brier,0.08158930098774504
official,legacy18,2345,2,18,144h_bss,0.5913586765658716
official,legacy18,2345,2,18,144h_predicted_survival_mean,0.8983397509492129
official,legacy18,2345,2,18,144h_observed_survival_km,0.9112654249610479
official,legacy18,2345,2,18,144h_ece,0.033808108315061244
official,legacy18,2345,2,18,144h_calibration_intercept,-0.2534404170044767
official,legacy18,2345,2,18,144h_calibration_slope,1.2678901947327414
official,legacy18,2345,2,18,integrated_brier_score,0.028183467871269543
official,legacy18,2345,2,18,integrated_auc,0.9611159561278863
official,legacy18,2346,2,18,harrell_c_index,0.9437113714784059
official,legacy18,2346,2,18,uno_c_index,0.8322436944548437
official,legacy18,2346,2,18,event_event_pairs,5777.0
official,legacy18,2346,2,18,event_event_fraction,0.054762965561043125
official,legacy18,2346,2,18,event_event_c_index,0.6693785701921412
official,legacy18,2346,2,18,event_censored_pairs,99714.0
official,legacy18,2346,2,18,event_censored_fraction,0.9452370344389569
official,legacy18,2346,2,18,event_censored_c_index,0.9596044687807128
official,legacy18,2346,2,18,12h_threshold,0.05624863975971295
official,legacy18,2346,2,18,12h_tp_ipcw,54.782679547597176
official,legacy18,2346,2,18,12h_tn_ipcw,1139.1817949266374
official,legacy18,2346,2,18,12h_fp_ipcw,64.19458061191176
official,legacy18,2346,2,18,12h_fn_ipcw,4.13871176607668
official,legacy18,2346,2,18,12h_tss,0.8764133681960469
official,legacy18,2346,2,18,12h_hss2,0.5903069521660982
official,legacy18,2346,2,18,12h_far,0.5395533610863805
official,legacy18,2346,2,18,12h_precision,0.4604466389136195
official,legacy18,2346,2,18,12h_recall,0.9297587569844737
official,legacy18,2346,2,18,12h_f1,0.6158863947977183
official,legacy18,2346,2,18,12h_alert_fraction,0.09630266552020636
official,legacy18,2346,2,18,12h_known_count,1163.0
official,legacy18,2346,2,18,12h_auc,0.9797340850236349
official,legacy18,2346,2,18,12h_average_precision,0.6805987914441821
official,legacy18,2346,2,18,12h_brier,0.02328349207001721
official,legacy18,2346,2,18,12h_km_reference_brier,0.04357689317292897
official,legacy18,2346,2,18,12h_bss,0.4656917835417995
official,legacy18,2346,2,18,12h_predicted_survival_mean,0.9584326761212114
official,legacy18,2346,2,18,12h_observed_survival_km,0.9541362661402012
official,legacy18,2346,2,18,12h_ece,0.018751970240621738
official,legacy18,2346,2,18,12h_calibration_intercept,0.811713655884897
official,legacy18,2346,2,18,12h_calibration_slope,1.5206421967635702
official,legacy18,2346,2,18,24h_threshold,0.08389671076279293
official,legacy18,2346,2,18,24h_tp_ipcw,61.57705535573105
official,legacy18,2346,2,18,24h_tn_ipcw,1120.3443660233781
official,legacy18,2346,2,18,24h_fp_ipcw,60.81201151692658
official,legacy18,2346,2,18,24h_fn_ipcw,7.539540631219152
official,legacy18,2346,2,18,24h_tss,0.8394304771238492
official,legacy18,2346,2,18,24h_hss2,0.615946489043698
official,legacy18,2346,2,18,24h_far,0.49687454174480933
official,legacy18,2346,2,18,24h_precision,0.5031254582551907
official,legacy18,2346,2,18,24h_recall,0.8909156256387006
official,legacy18,2346,2,18,24h_f1,0.6430833891410614
official,legacy18,2346,2,18,24h_alert_fraction,0.10315985130111524
official,legacy18,2346,2,18,24h_known_count,1076.0
official,legacy18,2346,2,18,24h_auc,0.9734495632823964
official,legacy18,2346,2,18,24h_average_precision,0.6949841312091911
official,legacy18,2346,2,18,24h_brier,0.02515235693432441
official,legacy18,2346,2,18,24h_km_reference_brier,0.05125594252633338
official,legacy18,2346,2,18,24h_bss,0.5092792036474195
official,legacy18,2346,2,18,24h_predicted_survival_mean,0.942721481218533
official,legacy18,2346,2,18,24h_observed_survival_km,0.946025556578541
official,legacy18,2346,2,18,24h_ece,0.016489699532207757
official,legacy18,2346,2,18,24h_calibration_intercept,0.20407230141256985
official,legacy18,2346,2,18,24h_calibration_slope,1.373373180721841
official,legacy18,2346,2,18,48h_threshold,0.11364377353245603
official,legacy18,2346,2,18,48h_tp_ipcw,73.72682210511472
official,legacy18,2346,2,18,48h_tn_ipcw,1092.2919398982763
official,legacy18,2346,2,18,48h_fp_ipcw,49.04708953426727
official,legacy18,2346,2,18,48h_fn_ipcw,10.069300336878637
official,legacy18,2346,2,18,48h_tss,0.8368624376967451
official,legacy18,2346,2,18,48h_hss2,0.6884925248625255
official,legacy18,2346,2,18,48h_far,0.39949113683313253
official,legacy18,2346,2,18,48h_precision,0.6005088631668675
official,legacy18,2346,2,18,48h_recall,0.879835724572471
official,legacy18,2346,2,18,48h_f1,0.7138191406413872
official,legacy18,2346,2,18,48h_alert_fraction,0.11288604898828541
official,legacy18,2346,2,18,48h_known_count,939.0
official,legacy18,2346,2,18,48h_auc,0.9684318145212113
official,legacy18,2346,2,18,48h_average_precision,0.7613535327681202
official,legacy18,2346,2,18,48h_brier,0.0257360750791129
official,legacy18,2346,2,18,48h_km_reference_brier,0.061692278013956325
official,legacy18,2346,2,18,48h_bss,0.5828315000251609
official,legacy18,2346,2,18,48h_predicted_survival_mean,0.9281443919103114
official,legacy18,2346,2,18,48h_observed_survival_km,0.9341837307990893
official,legacy18,2346,2,18,48h_ece,0.02292061867942906
official,legacy18,2346,2,18,48h_calibration_intercept,0.09186942151743469
official,legacy18,2346,2,18,48h_calibration_slope,1.3532757067362504
official,legacy18,2346,2,18,72h_threshold,0.1366099651545325
official,legacy18,2346,2,18,72h_tp_ipcw,76.51526828391944
official,legacy18,2346,2,18,72h_tn_ipcw,1107.049855914895
official,legacy18,2346,2,18,72h_fp_ipcw,48.19808896500224
official,legacy18,2346,2,18,72h_fn_ipcw,14.506480286449268
official,legacy18,2346,2,18,72h_tss,0.7989052274281911
official,legacy18,2346,2,18,72h_hss2,0.6825376641930925
official,legacy18,2346,2,18,72h_far,0.3864709444779138
official,legacy18,2346,2,18,72h_precision,0.6135290555220861
official,legacy18,2346,2,18,72h_recall,0.8406262183017243
official,legacy18,2346,2,18,72h_f1,0.7093446195818695
official,legacy18,2346,2,18,72h_alert_fraction,0.12117647058823529
official,legacy18,2346,2,18,72h_known_count,850.0
official,legacy18,2346,2,18,72h_auc,0.9616642177617349
official,legacy18,2346,2,18,72h_average_precision,0.775593040543398
official,legacy18,2346,2,18,72h_brier,0.027424695338131893
official,legacy18,2346,2,18,72h_km_reference_brier,0.06751678430739513
official,legacy18,2346,2,18,72h_bss,0.5938092191525173
official,legacy18,2346,2,18,72h_predicted_survival_mean,0.9181344723230075
official,legacy18,2346,2,18,72h_observed_survival_km,0.9283200097187064
official,legacy18,2346,2,18,72h_ece,0.020627863011071834
official,legacy18,2346,2,18,72h_calibration_intercept,-0.11845834052533667
official,legacy18,2346,2,18,72h_calibration_slope,1.301325962749256
official,legacy18,2346,2,18,144h_threshold,0.18339805738474846
official,legacy18,2346,2,18,144h_tp_ipcw,86.59189214472751
official,legacy18,2346,2,18,144h_tn_ipcw,1029.8590345905614
official,legacy18,2346,2,18,144h_fp_ipcw,53.638491384925075
official,legacy18,2346,2,18,144h_fn_ipcw,25.143203268231254
official,legacy18,2346,2,18,144h_tss,0.7254699293732214
official,legacy18,2346,2,18,144h_hss2,0.651017588752652
official,legacy18,2346,2,18,144h_far,0.3825026362677164
official,legacy18,2346,2,18,144h_precision,0.6174973637322836
official,legacy18,2346,2,18,144h_recall,0.7749748798682708
official,legacy18,2346,2,18,144h_f1,0.6873313956190801
official,legacy18,2346,2,18,144h_alert_fraction,0.17
official,legacy18,2346,2,18,144h_known_count,600.0
official,legacy18,2346,2,18,144h_auc,0.9425370390420325
official,legacy18,2346,2,18,144h_average_precision,0.7888289128042575
official,legacy18,2346,2,18,144h_brier,0.03339336466839952
official,legacy18,2346,2,18,144h_km_reference_brier,0.08158930098774504
official,legacy18,2346,2,18,144h_bss,0.5907139261627539
official,legacy18,2346,2,18,144h_predicted_survival_mean,0.8992132318395556
official,legacy18,2346,2,18,144h_observed_survival_km,0.9112654249610479
official,legacy18,2346,2,18,144h_ece,0.035308837472804375
official,legacy18,2346,2,18,144h_calibration_intercept,-0.2976926906920428
official,legacy18,2346,2,18,144h_calibration_slope,1.2377783854524311
official,legacy18,2346,2,18,integrated_brier_score,0.02824739154113156
official,legacy18,2346,2,18,integrated_auc,0.9601066367864429
official,legacy18,2347,2,18,harrell_c_index,0.9432658400637015
official,legacy18,2347,2,18,uno_c_index,0.8369814067980645
official,legacy18,2347,2,18,event_event_pairs,5777.0
official,legacy18,2347,2,18,event_event_fraction,0.054762965561043125
official,legacy18,2347,2,18,event_event_c_index,0.6667820668166868
official,legacy18,2347,2,18,event_censored_pairs,99714.0
official,legacy18,2347,2,18,event_censored_fraction,0.9452370344389569
official,legacy18,2347,2,18,event_censored_c_index,0.9592835509557334
official,legacy18,2347,2,18,12h_threshold,0.09191948359514956
official,legacy18,2347,2,18,12h_tp_ipcw,53.7379640725085
official,legacy18,2347,2,18,12h_tn_ipcw,1153.3263635360418
official,legacy18,2347,2,18,12h_fp_ipcw,50.05001200250748
official,legacy18,2347,2,18,12h_fn_ipcw,5.183427241165364
official,legacy18,2347,2,18,12h_tss,0.8704367714985048
official,legacy18,2347,2,18,12h_hss2,0.6390446920631692
official,legacy18,2347,2,18,12h_far,0.4822332402583155
official,legacy18,2347,2,18,12h_precision,0.5177667597416845
official,legacy18,2347,2,18,12h_recall,0.9120280915708376
official,legacy18,2347,2,18,12h_f1,0.6605392785301175
official,legacy18,2347,2,18,12h_alert_fraction,0.08426483233018056
official,legacy18,2347,2,18,12h_known_count,1163.0
official,legacy18,2347,2,18,12h_auc,0.9789022040069765
official,legacy18,2347,2,18,12h_average_precision,0.6454500586712828
official,legacy18,2347,2,18,12h_brier,0.02366516375974935
official,legacy18,2347,2,18,12h_km_reference_brier,0.04357689317292897
official,legacy18,2347,2,18,12h_bss,0.45693320389231584
official,legacy18,2347,2,18,12h_predicted_survival_mean,0.9579960074208114
official,legacy18,2347,2,18,12h_observed_survival_km,0.9541362661402012
official,legacy18,2347,2,18,12h_ece,0.020037321480844323
official,legacy18,2347,2,18,12h_calibration_intercept,0.8345597406635357
official,legacy18,2347,2,18,12h_calibration_slope,1.5371830490597866
official,legacy18,2347,2,18,24h_threshold,0.13560669066366704
official,legacy18,2347,2,18,24h_tp_ipcw,60.53233988064237
official,legacy18,2347,2,18,24h_tn_ipcw,1135.5473689026098
official,legacy18,2347,2,18,24h_fp_ipcw,45.60900863769493
official,legacy18,2347,2,18,24h_fn_ipcw,8.584256106307837
official,legacy18,2347,2,18,24h_tss,0.837186501989271
official,legacy18,2347,2,18,24h_hss2,0.6685887383819512
official,legacy18,2347,2,18,24h_far,0.4297006706092054
official,legacy18,2347,2,18,24h_precision,0.5702993293907946
official,legacy18,2347,2,18,24h_recall,0.8758003633754097
official,legacy18,2347,2,18,24h_f1,0.6907799820602841
official,legacy18,2347,2,18,24h_alert_fraction,0.09014869888475836
official,legacy18,2347,2,18,24h_known_count,1076.0
official,legacy18,2347,2,18,24h_auc,0.9721879435681201
official,legacy18,2347,2,18,24h_average_precision,0.6692745710940398
official,legacy18,2347,2,18,24h_brier,0.025494740944160092
official,legacy18,2347,2,18,24h_km_reference_brier,0.05125594252633338
official,legacy18,2347,2,18,24h_bss,0.5025993145855848
official,legacy18,2347,2,18,24h_predicted_survival_mean,0.9419835173064272
official,legacy18,2347,2,18,24h_observed_survival_km,0.946025556578541
official,legacy18,2347,2,18,24h_ece,0.01826939169611012
official,legacy18,2347,2,18,24h_calibration_intercept,0.22081019316251382
official,legacy18,2347,2,18,24h_calibration_slope,1.3940432461217735
official,legacy18,2347,2,18,48h_threshold,0.1380115626658608
official,legacy18,2347,2,18,48h_tp_ipcw,71.44756077379036
official,legacy18,2347,2,18,48h_tn_ipcw,1106.8735070571124
official,legacy18,2347,2,18,48h_fp_ipcw,34.46552237543105
official,legacy18,2347,2,18,48h_fn_ipcw,12.348561668203008
official,legacy18,2347,2,18,48h_tss,0.822438198580774
official,legacy18,2347,2,18,48h_hss2,0.732828097281432
official,legacy18,2347,2,18,48h_far,0.32541326671486304
official,legacy18,2347,2,18,48h_precision,0.674586733285137
official,legacy18,2347,2,18,48h_recall,0.8526356434123653
official,legacy18,2347,2,18,48h_f1,0.7532324069475627
official,legacy18,2347,2,18,48h_alert_fraction,0.09904153354632587
official,legacy18,2347,2,18,48h_known_count,939.0
official,legacy18,2347,2,18,48h_auc,0.9669168778714629
official,legacy18,2347,2,18,48h_average_precision,0.7573130503410836
official,legacy18,2347,2,18,48h_brier,0.02625650073195669
official,legacy18,2347,2,18,48h_km_reference_brier,0.061692278013956325
official,legacy18,2347,2,18,48h_bss,0.5743956686764458
official,legacy18,2347,2,18,48h_predicted_survival_mean,0.927027910498339
official,legacy18,2347,2,18,48h_observed_survival_km,0.9341837307990893
official,legacy18,2347,2,18,48h_ece,0.025165291989862667
official,legacy18,2347,2,18,48h_calibration_intercept,0.09671744917995272
official,legacy18,2347,2,18,48h_calibration_slope,1.3693267757780234
official,legacy18,2347,2,18,72h_threshold,0.13384613692268088
official,legacy18,2347,2,18,72h_tp_ipcw,75.28072242768377
official,legacy18,2347,2,18,72h_tn_ipcw,1105.5436656347388
official,legacy18,2347,2,18,72h_fp_ipcw,49.70427924515856
official,legacy18,2347,2,18,72h_fn_ipcw,15.741026142684955
official,legacy18,2347,2,18,72h_tss,0.7840382500226957
official,legacy18,2347,2,18,72h_hss2,0.6690504603402232
official,legacy18,2347,2,18,72h_far,0.39768195047325167
official,legacy18,2347,2,18,72h_precision,0.6023180495267484
official,legacy18,2347,2,18,72h_recall,0.827063021861027
official,legacy18,2347,2,18,72h_f1,0.6970219434616932
official,legacy18,2347,2,18,72h_alert_fraction,0.12117647058823529
official,legacy18,2347,2,18,72h_known_count,850.0
official,legacy18,2347,2,18,72h_auc,0.9620420552026885
official,legacy18,2347,2,18,72h_average_precision,0.7779562647045856
official,legacy18,2347,2,18,72h_brier,0.027828461123057875
official,legacy18,2347,2,18,72h_km_reference_brier,0.06751678430739513
official,legacy18,2347,2,18,72h_bss,0.5878289908423584
official,legacy18,2347,2,18,72h_predicted_survival_mean,0.9167120915112831
official,legacy18,2347,2,18,72h_observed_survival_km,0.9283200097187064
official,legacy18,2347,2,18,72h_ece,0.02308671988030697
official,legacy18,2347,2,18,72h_calibration_intercept,-0.10359703604137692
official,legacy18,2347,2,18,72h_calibration_slope,1.3298623129813183
official,legacy18,2347,2,18,144h_threshold,0.1817680827654795
official,legacy18,2347,2,18,144h_tp_ipcw,86.9839303080208
official,legacy18,2347,2,18,144h_tn_ipcw,1036.2956535567523
official,legacy18,2347,2,18,144h_fp_ipcw,47.20187241873406
official,legacy18,2347,2,18,144h_fn_ipcw,24.751165104937968
official,legacy18,2347,2,18,144h_tss,0.7349191628788496
official,legacy18,2347,2,18,144h_hss2,0.6741736269114499
official,legacy18,2347,2,18,144h_far,0.35176502625134004
official,legacy18,2347,2,18,144h_precision,0.6482349737486599
official,legacy18,2347,2,18,144h_recall,0.778483519314493
official,legacy18,2347,2,18,144h_f1,0.7074138958178586
official,legacy18,2347,2,18,144h_alert_fraction,0.165
official,legacy18,2347,2,18,144h_known_count,600.0
official,legacy18,2347,2,18,144h_auc,0.9443478647207909
official,legacy18,2347,2,18,144h_average_precision,0.7879374294087199
official,legacy18,2347,2,18,144h_brier,0.03382625458918353
official,legacy18,2347,2,18,144h_km_reference_brier,0.08158930098774504
official,legacy18,2347,2,18,144h_bss,0.5854082069625239
official,legacy18,2347,2,18,144h_predicted_survival_mean,0.8972015268449816
official,legacy18,2347,2,18,144h_observed_survival_km,0.9112654249610479
official,legacy18,2347,2,18,144h_ece,0.03447538681090789
official,legacy18,2347,2,18,144h_calibration_intercept,-0.276229602828879
official,legacy18,2347,2,18,144h_calibration_slope,1.2723039032056978
official,legacy18,2347,2,18,integrated_brier_score,0.02867093663816457
official,legacy18,2347,2,18,integrated_auc,0.960252598915611
official,linear_cox,2345,2,24,harrell_c_index,0.9405594737041671
official,linear_cox,2345,2,24,uno_c_index,0.8287917186265643
official,linear_cox,2345,2,24,event_event_pairs,5777.0
official,linear_cox,2345,2,24,event_event_fraction,0.054762965561043125
official,linear_cox,2345,2,24,event_event_c_index,0.6931798511338064
official,linear_cox,2345,2,24,event_censored_pairs,99714.0
official,linear_cox,2345,2,24,event_censored_fraction,0.9452370344389569
official,linear_cox,2345,2,24,event_censored_c_index,0.9548909882263273
official,linear_cox,2345,2,24,12h_threshold,0.07860001451384468
official,linear_cox,2345,2,24,12h_tp_ipcw,53.74738913233404
official,linear_cox,2345,2,24,12h_tn_ipcw,1128.3013575347877
official,linear_cox,2345,2,24,12h_fp_ipcw,75.07501800376117
official,linear_cox,2345,2,24,12h_fn_ipcw,5.174002181339811
official,linear_cox,2345,2,24,12h_tss,0.8498010713617132
official,linear_cox,2345,2,24,12h_hss2,0.543306569513833
official,linear_cox,2345,2,24,12h_far,0.5827791893722938
official,linear_cox,2345,2,24,12h_precision,0.4172208106277061
official,linear_cox,2345,2,24,12h_recall,0.9121880514702123
official,linear_cox,2345,2,24,12h_f1,0.5725610068203044
official,linear_cox,2345,2,24,12h_alert_fraction,0.10404127257093723
official,linear_cox,2345,2,24,12h_known_count,1163.0
official,linear_cox,2345,2,24,12h_auc,0.9760484208926827
official,linear_cox,2345,2,24,12h_average_precision,0.7880209305252235
official,linear_cox,2345,2,24,12h_brier,0.019997130098793958
official,linear_cox,2345,2,24,12h_km_reference_brier,0.04357689317292897
official,linear_cox,2345,2,24,12h_bss,0.5411070261609043
official,linear_cox,2345,2,24,12h_predicted_survival_mean,0.9538541053769704
official,linear_cox,2345,2,24,12h_observed_survival_km,0.9541362661402012
official,linear_cox,2345,2,24,12h_ece,0.013833431693525324
official,linear_cox,2345,2,24,12h_calibration_intercept,0.5309757976784357
official,linear_cox,2345,2,24,12h_calibration_slope,1.4546122416090526
official,linear_cox,2345,2,24,24h_threshold,0.1179488039939407
official,linear_cox,2345,2,24,24h_tp_ipcw,60.541764940467914
official,linear_cox,2345,2,24,24h_tn_ipcw,1110.988671943851
official,linear_cox,2345,2,24,24h_fp_ipcw,70.16770559645377
official,linear_cox,2345,2,24,24h_fn_ipcw,8.574831046482284
official,linear_cox,2345,2,24,24h_tss,0.8165307874227357
official,linear_cox,2345,2,24,24h_hss2,0.5752245788749111
official,linear_cox,2345,2,24,24h_far,0.5368218944520428
official,linear_cox,2345,2,24,24h_precision,0.4631781055479572
official,linear_cox,2345,2,24,24h_recall,0.8759367280167951
official,linear_cox,2345,2,24,24h_f1,0.605944619674885
official,linear_cox,2345,2,24,24h_alert_fraction,0.10966542750929369
official,linear_cox,2345,2,24,24h_known_count,1076.0
official,linear_cox,2345,2,24,24h_auc,0.9723535119219738
official,linear_cox,2345,2,24,24h_average_precision,0.7823765867846053
official,linear_cox,2345,2,24,24h_brier,0.02269687147384228
official,linear_cox,2345,2,24,24h_km_reference_brier,0.05125594252633338
official,linear_cox,2345,2,24,24h_bss,0.5571855602463758
official,linear_cox,2345,2,24,24h_predicted_survival_mean,0.9379005471689555
official,linear_cox,2345,2,24,24h_observed_survival_km,0.946025556578541
official,linear_cox,2345,2,24,24h_ece,0.012468160055361962
official,linear_cox,2345,2,24,24h_calibration_intercept,-0.009388679371119903
official,linear_cox,2345,2,24,24h_calibration_slope,1.3414385908516895
official,linear_cox,2345,2,24,48h_threshold,0.11865480760642144
official,linear_cox,2345,2,24,48h_tp_ipcw,73.55308188168476
official,linear_cox,2345,2,24,48h_tn_ipcw,1045.8960443928881
official,linear_cox,2345,2,24,48h_fp_ipcw,95.4429850396552
official,linear_cox,2345,2,24,48h_fn_ipcw,10.243040560308595
official,linear_cox,2345,2,24,48h_tss,0.7941386628986966
official,linear_cox,2345,2,24,48h_hss2,0.539844097549874
official,linear_cox,2345,2,24,48h_far,0.5647645343372376
official,linear_cox,2345,2,24,48h_precision,0.4352354656627625
official,linear_cox,2345,2,24,48h_recall,0.8777623562784878
official,linear_cox,2345,2,24,48h_f1,0.5819252728253272
official,linear_cox,2345,2,24,48h_alert_fraction,0.1501597444089457
official,linear_cox,2345,2,24,48h_known_count,939.0
official,linear_cox,2345,2,24,48h_auc,0.9603911043399034
official,linear_cox,2345,2,24,48h_average_precision,0.815111956244461
official,linear_cox,2345,2,24,48h_brier,0.0245103629647268
official,linear_cox,2345,2,24,48h_km_reference_brier,0.061692278013956325
official,linear_cox,2345,2,24,48h_bss,0.6026996610632218
official,linear_cox,2345,2,24,48h_predicted_survival_mean,0.9230262301353999
official,linear_cox,2345,2,24,48h_observed_survival_km,0.9341837307990893
official,linear_cox,2345,2,24,48h_ece,0.02149746221788093
official,linear_cox,2345,2,24,48h_calibration_intercept,-0.11574462246166482
official,linear_cox,2345,2,24,48h_calibration_slope,1.3124044880891135
official,linear_cox,2345,2,24,72h_threshold,0.4470858699682
official,linear_cox,2345,2,24,72h_tp_ipcw,68.95213970045673
official,linear_cox,2345,2,24,72h_tn_ipcw,1137.1736615180214
official,linear_cox,2345,2,24,72h_fp_ipcw,18.074283361875843
official,linear_cox,2345,2,24,72h_fn_ipcw,22.069608869911985
official,linear_cox,2345,2,24,72h_tss,0.7418894020721531
official,linear_cox,2345,2,24,72h_hss2,0.7571983518575819
official,linear_cox,2345,2,24,72h_far,0.20768730606025435
official,linear_cox,2345,2,24,72h_precision,0.7923126939397457
official,linear_cox,2345,2,24,72h_recall,0.7575347736497281
official,linear_cox,2345,2,24,72h_f1,0.7745335328991675
official,linear_cox,2345,2,24,72h_alert_fraction,0.08941176470588236
official,linear_cox,2345,2,24,72h_known_count,850.0
official,linear_cox,2345,2,24,72h_auc,0.9562335443256954
official,linear_cox,2345,2,24,72h_average_precision,0.82341440472161
official,linear_cox,2345,2,24,72h_brier,0.026693472700488212
official,linear_cox,2345,2,24,72h_km_reference_brier,0.06751678430739513
official,linear_cox,2345,2,24,72h_bss,0.6046394541103097
official,linear_cox,2345,2,24,72h_predicted_survival_mean,0.9127758248544682
official,linear_cox,2345,2,24,72h_observed_survival_km,0.9283200097187064
official,linear_cox,2345,2,24,72h_ece,0.02629998466091944
official,linear_cox,2345,2,24,72h_calibration_intercept,-0.300051668623286
official,linear_cox,2345,2,24,72h_calibration_slope,1.2966522279409451
official,linear_cox,2345,2,24,144h_threshold,0.5391435822114985
official,linear_cox,2345,2,24,144h_tp_ipcw,75.91203485644903
official,linear_cox,2345,2,24,144h_tn_ipcw,1072.7698276985016
official,linear_cox,2345,2,24,144h_fp_ipcw,10.727698276985016
official,linear_cox,2345,2,24,144h_fn_ipcw,35.82306055650974
official,linear_cox,2345,2,24,144h_tss,0.6694919488508138
official,linear_cox,2345,2,24,144h_hss2,0.7444736676806086
official,linear_cox,2345,2,24,144h_far,0.12381961357687084
official,linear_cox,2345,2,24,144h_precision,0.8761803864231291
official,linear_cox,2345,2,24,144h_recall,0.6793929389498237
official,linear_cox,2345,2,24,144h_f1,0.7653393871863727
official,linear_cox,2345,2,24,144h_alert_fraction,0.12166666666666667
official,linear_cox,2345,2,24,144h_known_count,600.0
official,linear_cox,2345,2,24,144h_auc,0.9308682267452516
official,linear_cox,2345,2,24,144h_average_precision,0.7980685198304862
official,linear_cox,2345,2,24,144h_brier,0.03543907809195413
official,linear_cox,2345,2,24,144h_km_reference_brier,0.08158930098774504
official,linear_cox,2345,2,24,144h_bss,0.5656406212221724
official,linear_cox,2345,2,24,144h_predicted_survival_mean,0.8939822905665005
official,linear_cox,2345,2,24,144h_observed_survival_km,0.9112654249610479
official,linear_cox,2345,2,24,144h_ece,0.041434711929696916
official,linear_cox,2345,2,24,144h_calibration_intercept,-0.5322839187535164
official,linear_cox,2345,2,24,144h_calibration_slope,1.2139486907765211
official,linear_cox,2345,2,24,integrated_brier_score,0.027832338478857202
official,linear_cox,2345,2,24,integrated_auc,0.9531705040497859
official,linear_cox,2346,2,24,harrell_c_index,0.9405594737041671
official,linear_cox,2346,2,24,uno_c_index,0.8287917186265643
official,linear_cox,2346,2,24,event_event_pairs,5777.0
official,linear_cox,2346,2,24,event_event_fraction,0.054762965561043125
official,linear_cox,2346,2,24,event_event_c_index,0.6931798511338064
official,linear_cox,2346,2,24,event_censored_pairs,99714.0
official,linear_cox,2346,2,24,event_censored_fraction,0.9452370344389569
official,linear_cox,2346,2,24,event_censored_c_index,0.9548909882263273
official,linear_cox,2346,2,24,12h_threshold,0.07860001451384468
official,linear_cox,2346,2,24,12h_tp_ipcw,53.74738913233404
official,linear_cox,2346,2,24,12h_tn_ipcw,1128.3013575347877
official,linear_cox,2346,2,24,12h_fp_ipcw,75.07501800376117
official,linear_cox,2346,2,24,12h_fn_ipcw,5.174002181339811
official,linear_cox,2346,2,24,12h_tss,0.8498010713617132
official,linear_cox,2346,2,24,12h_hss2,0.543306569513833
official,linear_cox,2346,2,24,12h_far,0.5827791893722938
official,linear_cox,2346,2,24,12h_precision,0.4172208106277061
official,linear_cox,2346,2,24,12h_recall,0.9121880514702123
official,linear_cox,2346,2,24,12h_f1,0.5725610068203044
official,linear_cox,2346,2,24,12h_alert_fraction,0.10404127257093723
official,linear_cox,2346,2,24,12h_known_count,1163.0
official,linear_cox,2346,2,24,12h_auc,0.9760484208926827
official,linear_cox,2346,2,24,12h_average_precision,0.7880209305252235
official,linear_cox,2346,2,24,12h_brier,0.019997130098793958
official,linear_cox,2346,2,24,12h_km_reference_brier,0.04357689317292897
official,linear_cox,2346,2,24,12h_bss,0.5411070261609043
official,linear_cox,2346,2,24,12h_predicted_survival_mean,0.9538541053769704
official,linear_cox,2346,2,24,12h_observed_survival_km,0.9541362661402012
official,linear_cox,2346,2,24,12h_ece,0.013833431693525324
official,linear_cox,2346,2,24,12h_calibration_intercept,0.5309757976784357
official,linear_cox,2346,2,24,12h_calibration_slope,1.4546122416090526
official,linear_cox,2346,2,24,24h_threshold,0.1179488039939407
official,linear_cox,2346,2,24,24h_tp_ipcw,60.541764940467914
official,linear_cox,2346,2,24,24h_tn_ipcw,1110.988671943851
official,linear_cox,2346,2,24,24h_fp_ipcw,70.16770559645377
official,linear_cox,2346,2,24,24h_fn_ipcw,8.574831046482284
official,linear_cox,2346,2,24,24h_tss,0.8165307874227357
official,linear_cox,2346,2,24,24h_hss2,0.5752245788749111
official,linear_cox,2346,2,24,24h_far,0.5368218944520428
official,linear_cox,2346,2,24,24h_precision,0.4631781055479572
official,linear_cox,2346,2,24,24h_recall,0.8759367280167951
official,linear_cox,2346,2,24,24h_f1,0.605944619674885
official,linear_cox,2346,2,24,24h_alert_fraction,0.10966542750929369
official,linear_cox,2346,2,24,24h_known_count,1076.0
official,linear_cox,2346,2,24,24h_auc,0.9723535119219738
official,linear_cox,2346,2,24,24h_average_precision,0.7823765867846053
official,linear_cox,2346,2,24,24h_brier,0.02269687147384228
official,linear_cox,2346,2,24,24h_km_reference_brier,0.05125594252633338
official,linear_cox,2346,2,24,24h_bss,0.5571855602463758
official,linear_cox,2346,2,24,24h_predicted_survival_mean,0.9379005471689555
official,linear_cox,2346,2,24,24h_observed_survival_km,0.946025556578541
official,linear_cox,2346,2,24,24h_ece,0.012468160055361962
official,linear_cox,2346,2,24,24h_calibration_intercept,-0.009388679371119903
official,linear_cox,2346,2,24,24h_calibration_slope,1.3414385908516895
official,linear_cox,2346,2,24,48h_threshold,0.11865480760642144
official,linear_cox,2346,2,24,48h_tp_ipcw,73.55308188168476
official,linear_cox,2346,2,24,48h_tn_ipcw,1045.8960443928881
official,linear_cox,2346,2,24,48h_fp_ipcw,95.4429850396552
official,linear_cox,2346,2,24,48h_fn_ipcw,10.243040560308595
official,linear_cox,2346,2,24,48h_tss,0.7941386628986966
official,linear_cox,2346,2,24,48h_hss2,0.539844097549874
official,linear_cox,2346,2,24,48h_far,0.5647645343372376
official,linear_cox,2346,2,24,48h_precision,0.4352354656627625
official,linear_cox,2346,2,24,48h_recall,0.8777623562784878
official,linear_cox,2346,2,24,48h_f1,0.5819252728253272
official,linear_cox,2346,2,24,48h_alert_fraction,0.1501597444089457
official,linear_cox,2346,2,24,48h_known_count,939.0
official,linear_cox,2346,2,24,48h_auc,0.9603911043399034
official,linear_cox,2346,2,24,48h_average_precision,0.815111956244461
official,linear_cox,2346,2,24,48h_brier,0.0245103629647268
official,linear_cox,2346,2,24,48h_km_reference_brier,0.061692278013956325
official,linear_cox,2346,2,24,48h_bss,0.6026996610632218
official,linear_cox,2346,2,24,48h_predicted_survival_mean,0.9230262301353999
official,linear_cox,2346,2,24,48h_observed_survival_km,0.9341837307990893
official,linear_cox,2346,2,24,48h_ece,0.02149746221788093
official,linear_cox,2346,2,24,48h_calibration_intercept,-0.11574462246166482
official,linear_cox,2346,2,24,48h_calibration_slope,1.3124044880891135
official,linear_cox,2346,2,24,72h_threshold,0.4470858699682
official,linear_cox,2346,2,24,72h_tp_ipcw,68.95213970045673
official,linear_cox,2346,2,24,72h_tn_ipcw,1137.1736615180214
official,linear_cox,2346,2,24,72h_fp_ipcw,18.074283361875843
official,linear_cox,2346,2,24,72h_fn_ipcw,22.069608869911985
official,linear_cox,2346,2,24,72h_tss,0.7418894020721531
official,linear_cox,2346,2,24,72h_hss2,0.7571983518575819
official,linear_cox,2346,2,24,72h_far,0.20768730606025435
official,linear_cox,2346,2,24,72h_precision,0.7923126939397457
official,linear_cox,2346,2,24,72h_recall,0.7575347736497281
official,linear_cox,2346,2,24,72h_f1,0.7745335328991675
official,linear_cox,2346,2,24,72h_alert_fraction,0.08941176470588236
official,linear_cox,2346,2,24,72h_known_count,850.0
official,linear_cox,2346,2,24,72h_auc,0.9562335443256954
official,linear_cox,2346,2,24,72h_average_precision,0.82341440472161
official,linear_cox,2346,2,24,72h_brier,0.026693472700488212
official,linear_cox,2346,2,24,72h_km_reference_brier,0.06751678430739513
official,linear_cox,2346,2,24,72h_bss,0.6046394541103097
official,linear_cox,2346,2,24,72h_predicted_survival_mean,0.9127758248544682
official,linear_cox,2346,2,24,72h_observed_survival_km,0.9283200097187064
official,linear_cox,2346,2,24,72h_ece,0.02629998466091944
official,linear_cox,2346,2,24,72h_calibration_intercept,-0.300051668623286
official,linear_cox,2346,2,24,72h_calibration_slope,1.2966522279409451
official,linear_cox,2346,2,24,144h_threshold,0.5391435822114985
official,linear_cox,2346,2,24,144h_tp_ipcw,75.91203485644903
official,linear_cox,2346,2,24,144h_tn_ipcw,1072.7698276985016
official,linear_cox,2346,2,24,144h_fp_ipcw,10.727698276985016
official,linear_cox,2346,2,24,144h_fn_ipcw,35.82306055650974
official,linear_cox,2346,2,24,144h_tss,0.6694919488508138
official,linear_cox,2346,2,24,144h_hss2,0.7444736676806086
official,linear_cox,2346,2,24,144h_far,0.12381961357687084
official,linear_cox,2346,2,24,144h_precision,0.8761803864231291
official,linear_cox,2346,2,24,144h_recall,0.6793929389498237
official,linear_cox,2346,2,24,144h_f1,0.7653393871863727
official,linear_cox,2346,2,24,144h_alert_fraction,0.12166666666666667
official,linear_cox,2346,2,24,144h_known_count,600.0
official,linear_cox,2346,2,24,144h_auc,0.9308682267452516
official,linear_cox,2346,2,24,144h_average_precision,0.7980685198304862
official,linear_cox,2346,2,24,144h_brier,0.03543907809195413
official,linear_cox,2346,2,24,144h_km_reference_brier,0.08158930098774504
official,linear_cox,2346,2,24,144h_bss,0.5656406212221724
official,linear_cox,2346,2,24,144h_predicted_survival_mean,0.8939822905665005
official,linear_cox,2346,2,24,144h_observed_survival_km,0.9112654249610479
official,linear_cox,2346,2,24,144h_ece,0.041434711929696916
official,linear_cox,2346,2,24,144h_calibration_intercept,-0.5322839187535164
official,linear_cox,2346,2,24,144h_calibration_slope,1.2139486907765211
official,linear_cox,2346,2,24,integrated_brier_score,0.027832338478857202
official,linear_cox,2346,2,24,integrated_auc,0.9531705040497859
official,linear_cox,2347,2,24,harrell_c_index,0.9405594737041671
official,linear_cox,2347,2,24,uno_c_index,0.8287917186265643
official,linear_cox,2347,2,24,event_event_pairs,5777.0
official,linear_cox,2347,2,24,event_event_fraction,0.054762965561043125
official,linear_cox,2347,2,24,event_event_c_index,0.6931798511338064
official,linear_cox,2347,2,24,event_censored_pairs,99714.0
official,linear_cox,2347,2,24,event_censored_fraction,0.9452370344389569
official,linear_cox,2347,2,24,event_censored_c_index,0.9548909882263273
official,linear_cox,2347,2,24,12h_threshold,0.07860001451384468
official,linear_cox,2347,2,24,12h_tp_ipcw,53.74738913233404
official,linear_cox,2347,2,24,12h_tn_ipcw,1128.3013575347877
official,linear_cox,2347,2,24,12h_fp_ipcw,75.07501800376117
official,linear_cox,2347,2,24,12h_fn_ipcw,5.174002181339811
official,linear_cox,2347,2,24,12h_tss,0.8498010713617132
official,linear_cox,2347,2,24,12h_hss2,0.543306569513833
official,linear_cox,2347,2,24,12h_far,0.5827791893722938
official,linear_cox,2347,2,24,12h_precision,0.4172208106277061
official,linear_cox,2347,2,24,12h_recall,0.9121880514702123
official,linear_cox,2347,2,24,12h_f1,0.5725610068203044
official,linear_cox,2347,2,24,12h_alert_fraction,0.10404127257093723
official,linear_cox,2347,2,24,12h_known_count,1163.0
official,linear_cox,2347,2,24,12h_auc,0.9760484208926827
official,linear_cox,2347,2,24,12h_average_precision,0.7880209305252235
official,linear_cox,2347,2,24,12h_brier,0.019997130098793958
official,linear_cox,2347,2,24,12h_km_reference_brier,0.04357689317292897
official,linear_cox,2347,2,24,12h_bss,0.5411070261609043
official,linear_cox,2347,2,24,12h_predicted_survival_mean,0.9538541053769704
official,linear_cox,2347,2,24,12h_observed_survival_km,0.9541362661402012
official,linear_cox,2347,2,24,12h_ece,0.013833431693525324
official,linear_cox,2347,2,24,12h_calibration_intercept,0.5309757976784357
official,linear_cox,2347,2,24,12h_calibration_slope,1.4546122416090526
official,linear_cox,2347,2,24,24h_threshold,0.1179488039939407
official,linear_cox,2347,2,24,24h_tp_ipcw,60.541764940467914
official,linear_cox,2347,2,24,24h_tn_ipcw,1110.988671943851
official,linear_cox,2347,2,24,24h_fp_ipcw,70.16770559645377
official,linear_cox,2347,2,24,24h_fn_ipcw,8.574831046482284
official,linear_cox,2347,2,24,24h_tss,0.8165307874227357
official,linear_cox,2347,2,24,24h_hss2,0.5752245788749111
official,linear_cox,2347,2,24,24h_far,0.5368218944520428
official,linear_cox,2347,2,24,24h_precision,0.4631781055479572
official,linear_cox,2347,2,24,24h_recall,0.8759367280167951
official,linear_cox,2347,2,24,24h_f1,0.605944619674885
official,linear_cox,2347,2,24,24h_alert_fraction,0.10966542750929369
official,linear_cox,2347,2,24,24h_known_count,1076.0
official,linear_cox,2347,2,24,24h_auc,0.9723535119219738
official,linear_cox,2347,2,24,24h_average_precision,0.7823765867846053
official,linear_cox,2347,2,24,24h_brier,0.02269687147384228
official,linear_cox,2347,2,24,24h_km_reference_brier,0.05125594252633338
official,linear_cox,2347,2,24,24h_bss,0.5571855602463758
official,linear_cox,2347,2,24,24h_predicted_survival_mean,0.9379005471689555
official,linear_cox,2347,2,24,24h_observed_survival_km,0.946025556578541
official,linear_cox,2347,2,24,24h_ece,0.012468160055361962
official,linear_cox,2347,2,24,24h_calibration_intercept,-0.009388679371119903
official,linear_cox,2347,2,24,24h_calibration_slope,1.3414385908516895
official,linear_cox,2347,2,24,48h_threshold,0.11865480760642144
official,linear_cox,2347,2,24,48h_tp_ipcw,73.55308188168476
official,linear_cox,2347,2,24,48h_tn_ipcw,1045.8960443928881
official,linear_cox,2347,2,24,48h_fp_ipcw,95.4429850396552
official,linear_cox,2347,2,24,48h_fn_ipcw,10.243040560308595
official,linear_cox,2347,2,24,48h_tss,0.7941386628986966
official,linear_cox,2347,2,24,48h_hss2,0.539844097549874
official,linear_cox,2347,2,24,48h_far,0.5647645343372376
official,linear_cox,2347,2,24,48h_precision,0.4352354656627625
official,linear_cox,2347,2,24,48h_recall,0.8777623562784878
official,linear_cox,2347,2,24,48h_f1,0.5819252728253272
official,linear_cox,2347,2,24,48h_alert_fraction,0.1501597444089457
official,linear_cox,2347,2,24,48h_known_count,939.0
official,linear_cox,2347,2,24,48h_auc,0.9603911043399034
official,linear_cox,2347,2,24,48h_average_precision,0.815111956244461
official,linear_cox,2347,2,24,48h_brier,0.0245103629647268
official,linear_cox,2347,2,24,48h_km_reference_brier,0.061692278013956325
official,linear_cox,2347,2,24,48h_bss,0.6026996610632218
official,linear_cox,2347,2,24,48h_predicted_survival_mean,0.9230262301353999
official,linear_cox,2347,2,24,48h_observed_survival_km,0.9341837307990893
official,linear_cox,2347,2,24,48h_ece,0.02149746221788093
official,linear_cox,2347,2,24,48h_calibration_intercept,-0.11574462246166482
official,linear_cox,2347,2,24,48h_calibration_slope,1.3124044880891135
official,linear_cox,2347,2,24,72h_threshold,0.4470858699682
official,linear_cox,2347,2,24,72h_tp_ipcw,68.95213970045673
official,linear_cox,2347,2,24,72h_tn_ipcw,1137.1736615180214
official,linear_cox,2347,2,24,72h_fp_ipcw,18.074283361875843
official,linear_cox,2347,2,24,72h_fn_ipcw,22.069608869911985
official,linear_cox,2347,2,24,72h_tss,0.7418894020721531
official,linear_cox,2347,2,24,72h_hss2,0.7571983518575819
official,linear_cox,2347,2,24,72h_far,0.20768730606025435
official,linear_cox,2347,2,24,72h_precision,0.7923126939397457
official,linear_cox,2347,2,24,72h_recall,0.7575347736497281
official,linear_cox,2347,2,24,72h_f1,0.7745335328991675
official,linear_cox,2347,2,24,72h_alert_fraction,0.08941176470588236
official,linear_cox,2347,2,24,72h_known_count,850.0
official,linear_cox,2347,2,24,72h_auc,0.9562335443256954
official,linear_cox,2347,2,24,72h_average_precision,0.82341440472161
official,linear_cox,2347,2,24,72h_brier,0.026693472700488212
official,linear_cox,2347,2,24,72h_km_reference_brier,0.06751678430739513
official,linear_cox,2347,2,24,72h_bss,0.6046394541103097
official,linear_cox,2347,2,24,72h_predicted_survival_mean,0.9127758248544682
official,linear_cox,2347,2,24,72h_observed_survival_km,0.9283200097187064
official,linear_cox,2347,2,24,72h_ece,0.02629998466091944
official,linear_cox,2347,2,24,72h_calibration_intercept,-0.300051668623286
official,linear_cox,2347,2,24,72h_calibration_slope,1.2966522279409451
official,linear_cox,2347,2,24,144h_threshold,0.5391435822114985
official,linear_cox,2347,2,24,144h_tp_ipcw,75.91203485644903
official,linear_cox,2347,2,24,144h_tn_ipcw,1072.7698276985016
official,linear_cox,2347,2,24,144h_fp_ipcw,10.727698276985016
official,linear_cox,2347,2,24,144h_fn_ipcw,35.82306055650974
official,linear_cox,2347,2,24,144h_tss,0.6694919488508138
official,linear_cox,2347,2,24,144h_hss2,0.7444736676806086
official,linear_cox,2347,2,24,144h_far,0.12381961357687084
official,linear_cox,2347,2,24,144h_precision,0.8761803864231291
official,linear_cox,2347,2,24,144h_recall,0.6793929389498237
official,linear_cox,2347,2,24,144h_f1,0.7653393871863727
official,linear_cox,2347,2,24,144h_alert_fraction,0.12166666666666667
official,linear_cox,2347,2,24,144h_known_count,600.0
official,linear_cox,2347,2,24,144h_auc,0.9308682267452516
official,linear_cox,2347,2,24,144h_average_precision,0.7980685198304862
official,linear_cox,2347,2,24,144h_brier,0.03543907809195413
official,linear_cox,2347,2,24,144h_km_reference_brier,0.08158930098774504
official,linear_cox,2347,2,24,144h_bss,0.5656406212221724
official,linear_cox,2347,2,24,144h_predicted_survival_mean,0.8939822905665005
official,linear_cox,2347,2,24,144h_observed_survival_km,0.9112654249610479
official,linear_cox,2347,2,24,144h_ece,0.041434711929696916
official,linear_cox,2347,2,24,144h_calibration_intercept,-0.5322839187535164
official,linear_cox,2347,2,24,144h_calibration_slope,1.2139486907765211
official,linear_cox,2347,2,24,integrated_brier_score,0.027832338478857202
official,linear_cox,2347,2,24,integrated_auc,0.9531705040497859
official,logistic,2345,2,24,harrell_c_index,0.934018693360634
official,logistic,2345,2,24,uno_c_index,0.8210333567792274
official,logistic,2345,2,24,event_event_pairs,5777.0
official,logistic,2345,2,24,event_event_fraction,0.054762965561043125
official,logistic,2345,2,24,event_event_c_index,0.6962956551843518
official,logistic,2345,2,24,event_censored_pairs,99714.0
official,logistic,2345,2,24,event_censored_fraction,0.9452370344389569
official,logistic,2345,2,24,event_censored_c_index,0.9477906813486572
official,logistic,2345,2,24,12h_threshold,0.08868009816692013
official,logistic,2345,2,24,12h_tp_ipcw,52.69237831749505
official,logistic,2345,2,24,12h_tn_ipcw,1151.1502760576718
official,logistic,2345,2,24,12h_fp_ipcw,52.22609948087736
official,logistic,2345,2,24,12h_fn_ipcw,6.2290129961788026
official,logistic,2345,2,24,12h_tss,0.8508830176345881
official,logistic,2345,2,24,12h_hss2,0.6205325354884473
official,logistic,2345,2,24,12h_far,0.4977778993443187
official,logistic,2345,2,24,12h_precision,0.5022221006556813
official,logistic,2345,2,24,12h_recall,0.8942826559709353
official,logistic,2345,2,24,12h_f1,0.6432180226103569
official,logistic,2345,2,24,12h_alert_fraction,0.08512467755803955
official,logistic,2345,2,24,12h_known_count,1163.0
official,logistic,2345,2,24,12h_auc,0.9687723893567087
official,logistic,2345,2,24,12h_average_precision,0.783170139237657
official,logistic,2345,2,24,12h_brier,0.01997053632150987
official,logistic,2345,2,24,12h_km_reference_brier,0.04357689317292897
official,logistic,2345,2,24,12h_bss,0.5417172986091616
official,logistic,2345,2,24,12h_predicted_survival_mean,0.9580836259893389
official,logistic,2345,2,24,12h_observed_survival_km,0.9541362661402012
official,logistic,2345,2,24,12h_ece,0.012221512419973074
official,logistic,2345,2,24,12h_calibration_intercept,0.357397471935769
official,logistic,2345,2,24,12h_calibration_slope,1.217108483714764
official,logistic,2345,2,24,24h_threshold,0.2879615884260869
official,logistic,2345,2,24,24h_tp_ipcw,56.44656068879993
official,logistic,2345,2,24,24h_tn_ipcw,1144.903062982137
official,logistic,2345,2,24,24h_fp_ipcw,36.25331455816776
official,logistic,2345,2,24,24h_fn_ipcw,12.670035298150271
official,logistic,2345,2,24,24h_tss,0.785992994044012
official,logistic,2345,2,24,24h_hss2,0.677217092257739
official,logistic,2345,2,24,24h_far,0.39108266825152654
official,logistic,2345,2,24,24h_precision,0.6089173317484735
official,logistic,2345,2,24,24h_recall,0.8166860633509427
official,logistic,2345,2,24,24h_f1,0.6976614958708645
official,logistic,2345,2,24,24h_alert_fraction,0.07899628252788105
official,logistic,2345,2,24,24h_known_count,1076.0
official,logistic,2345,2,24,24h_auc,0.968061929869203
official,logistic,2345,2,24,24h_average_precision,0.7683421650628105
official,logistic,2345,2,24,24h_brier,0.023073010552811357
official,logistic,2345,2,24,24h_km_reference_brier,0.05125594252633338
official,logistic,2345,2,24,24h_bss,0.5498471120503283
official,logistic,2345,2,24,24h_predicted_survival_mean,0.9410913942834415
official,logistic,2345,2,24,24h_observed_survival_km,0.946025556578541
official,logistic,2345,2,24,24h_ece,0.009458340407852435
official,logistic,2345,2,24,24h_calibration_intercept,-0.07795484098492995
official,logistic,2345,2,24,24h_calibration_slope,1.226647807954445
official,logistic,2345,2,24,48h_threshold,0.4085461532246497
official,logistic,2345,2,24,48h_tp_ipcw,66.16369352165201
official,logistic,2345,2,24,48h_tn_ipcw,1116.1526861581901
official,logistic,2345,2,24,48h_fp_ipcw,25.186343274353455
official,logistic,2345,2,24,48h_fn_ipcw,17.63242892034135
official,logistic,2345,2,24,48h_tss,0.7675120536725997
official,logistic,2345,2,24,48h_hss2,0.7367427725120658
official,logistic,2345,2,24,48h_far,0.2757124589954713
official,logistic,2345,2,24,48h_precision,0.7242875410045286
official,logistic,2345,2,24,48h_recall,0.7895794172033778
official,logistic,2345,2,24,48h_f1,0.755525485794352
official,logistic,2345,2,24,48h_alert_fraction,0.08626198083067092
official,logistic,2345,2,24,48h_known_count,939.0
official,logistic,2345,2,24,48h_auc,0.9575234846341091
official,logistic,2345,2,24,48h_average_precision,0.8082214743212061
official,logistic,2345,2,24,48h_brier,0.02512182590934025
official,logistic,2345,2,24,48h_km_reference_brier,0.061692278013956325
official,logistic,2345,2,24,48h_bss,0.5927881621804099
official,logistic,2345,2,24,48h_predicted_survival_mean,0.9228377843871064
official,logistic,2345,2,24,48h_observed_survival_km,0.9341837307990893
official,logistic,2345,2,24,48h_ece,0.021021767452378996
official,logistic,2345,2,24,48h_calibration_intercept,-0.3365530546327012
official,logistic,2345,2,24,48h_calibration_slope,1.1764398688787854
official,logistic,2345,2,24,72h_threshold,0.21189927173099532
official,logistic,2345,2,24,72h_tp_ipcw,74.54206568019657
official,logistic,2345,2,24,72h_tn_ipcw,1098.012714233957
official,logistic,2345,2,24,72h_fp_ipcw,57.23523064594015
official,logistic,2345,2,24,72h_fn_ipcw,16.47968289017216
official,logistic,2345,2,24,72h_tss,0.7694041775702121
official,logistic,2345,2,24,72h_hss2,0.6378539624189951
official,logistic,2345,2,24,72h_far,0.4343330167002987
official,logistic,2345,2,24,72h_precision,0.5656669832997013
official,logistic,2345,2,24,72h_recall,0.8189478542325327
official,logistic,2345,2,24,72h_f1,0.6691416986533567
official,logistic,2345,2,24,72h_alert_fraction,0.12588235294117647
official,logistic,2345,2,24,72h_known_count,850.0
official,logistic,2345,2,24,72h_auc,0.9531985284073159
official,logistic,2345,2,24,72h_average_precision,0.8150604531159249
official,logistic,2345,2,24,72h_brier,0.027852430919485367
official,logistic,2345,2,24,72h_km_reference_brier,0.06751678430739513
official,logistic,2345,2,24,72h_bss,0.587473971025088
official,logistic,2345,2,24,72h_predicted_survival_mean,0.9068968740015613
official,logistic,2345,2,24,72h_observed_survival_km,0.9283200097187064
official,logistic,2345,2,24,72h_ece,0.029966805944978935
official,logistic,2345,2,24,72h_calibration_intercept,-0.5091984520293499
official,logistic,2345,2,24,72h_calibration_slope,1.214009220236023
official,logistic,2345,2,24,144h_threshold,0.40534001732403446
official,logistic,2345,2,24,144h_tp_ipcw,83.04476910255018
official,logistic,2345,2,24,144h_tn_ipcw,1044.8778121783403
official,logistic,2345,2,24,144h_fp_ipcw,38.619713797146055
official,logistic,2345,2,24,144h_fn_ipcw,28.690326310408604
official,logistic,2345,2,24,144h_tss,0.7075854882131909
official,logistic,2345,2,24,144h_hss2,0.680468403122156
official,logistic,2345,2,24,144h_far,0.3174280026241124
official,logistic,2345,2,24,144h_precision,0.6825719973758876
official,logistic,2345,2,24,144h_recall,0.7432290525696265
official,logistic,2345,2,24,144h_f1,0.7116102754162299
official,logistic,2345,2,24,144h_alert_fraction,0.15333333333333332
official,logistic,2345,2,24,144h_known_count,600.0
official,logistic,2345,2,24,144h_auc,0.9434206267640979
official,logistic,2345,2,24,144h_average_precision,0.8213449734803296
official,logistic,2345,2,24,144h_brier,0.037925296244252935
official,logistic,2345,2,24,144h_km_reference_brier,0.08158930098774504
official,logistic,2345,2,24,144h_bss,0.5351682661192375
official,logistic,2345,2,24,144h_predicted_survival_mean,0.8230668084506667
official,logistic,2345,2,24,144h_observed_survival_km,0.9112654249610479
official,logistic,2345,2,24,144h_ece,0.06609806807245394
official,logistic,2345,2,24,144h_calibration_intercept,-0.8009313754741548
official,logistic,2345,2,24,144h_calibration_slope,1.3179731229791358
official,logistic,2345,2,24,integrated_brier_score,0.02909309529266843
official,logistic,2345,2,24,integrated_auc,0.9540529138792668
official,logistic,2346,2,24,harrell_c_index,0.934018693360634
official,logistic,2346,2,24,uno_c_index,0.8210333567792274
official,logistic,2346,2,24,event_event_pairs,5777.0
official,logistic,2346,2,24,event_event_fraction,0.054762965561043125
official,logistic,2346,2,24,event_event_c_index,0.6962956551843518
official,logistic,2346,2,24,event_censored_pairs,99714.0
official,logistic,2346,2,24,event_censored_fraction,0.9452370344389569
official,logistic,2346,2,24,event_censored_c_index,0.9477906813486572
official,logistic,2346,2,24,12h_threshold,0.08868009816692013
official,logistic,2346,2,24,12h_tp_ipcw,52.69237831749505
official,logistic,2346,2,24,12h_tn_ipcw,1151.1502760576718
official,logistic,2346,2,24,12h_fp_ipcw,52.22609948087736
official,logistic,2346,2,24,12h_fn_ipcw,6.2290129961788026
official,logistic,2346,2,24,12h_tss,0.8508830176345881
official,logistic,2346,2,24,12h_hss2,0.6205325354884473
official,logistic,2346,2,24,12h_far,0.4977778993443187
official,logistic,2346,2,24,12h_precision,0.5022221006556813
official,logistic,2346,2,24,12h_recall,0.8942826559709353
official,logistic,2346,2,24,12h_f1,0.6432180226103569
official,logistic,2346,2,24,12h_alert_fraction,0.08512467755803955
official,logistic,2346,2,24,12h_known_count,1163.0
official,logistic,2346,2,24,12h_auc,0.9687723893567087
official,logistic,2346,2,24,12h_average_precision,0.783170139237657
official,logistic,2346,2,24,12h_brier,0.01997053632150987
official,logistic,2346,2,24,12h_km_reference_brier,0.04357689317292897
official,logistic,2346,2,24,12h_bss,0.5417172986091616
official,logistic,2346,2,24,12h_predicted_survival_mean,0.9580836259893389
official,logistic,2346,2,24,12h_observed_survival_km,0.9541362661402012
official,logistic,2346,2,24,12h_ece,0.012221512419973074
official,logistic,2346,2,24,12h_calibration_intercept,0.357397471935769
official,logistic,2346,2,24,12h_calibration_slope,1.217108483714764
official,logistic,2346,2,24,24h_threshold,0.2879615884260869
official,logistic,2346,2,24,24h_tp_ipcw,56.44656068879993
official,logistic,2346,2,24,24h_tn_ipcw,1144.903062982137
official,logistic,2346,2,24,24h_fp_ipcw,36.25331455816776
official,logistic,2346,2,24,24h_fn_ipcw,12.670035298150271
official,logistic,2346,2,24,24h_tss,0.785992994044012
official,logistic,2346,2,24,24h_hss2,0.677217092257739
official,logistic,2346,2,24,24h_far,0.39108266825152654
official,logistic,2346,2,24,24h_precision,0.6089173317484735
official,logistic,2346,2,24,24h_recall,0.8166860633509427
official,logistic,2346,2,24,24h_f1,0.6976614958708645
official,logistic,2346,2,24,24h_alert_fraction,0.07899628252788105
official,logistic,2346,2,24,24h_known_count,1076.0
official,logistic,2346,2,24,24h_auc,0.968061929869203
official,logistic,2346,2,24,24h_average_precision,0.7683421650628105
official,logistic,2346,2,24,24h_brier,0.023073010552811357
official,logistic,2346,2,24,24h_km_reference_brier,0.05125594252633338
official,logistic,2346,2,24,24h_bss,0.5498471120503283
official,logistic,2346,2,24,24h_predicted_survival_mean,0.9410913942834415
official,logistic,2346,2,24,24h_observed_survival_km,0.946025556578541
official,logistic,2346,2,24,24h_ece,0.009458340407852435
official,logistic,2346,2,24,24h_calibration_intercept,-0.07795484098492995
official,logistic,2346,2,24,24h_calibration_slope,1.226647807954445
official,logistic,2346,2,24,48h_threshold,0.4085461532246497
official,logistic,2346,2,24,48h_tp_ipcw,66.16369352165201
official,logistic,2346,2,24,48h_tn_ipcw,1116.1526861581901
official,logistic,2346,2,24,48h_fp_ipcw,25.186343274353455
official,logistic,2346,2,24,48h_fn_ipcw,17.63242892034135
official,logistic,2346,2,24,48h_tss,0.7675120536725997
official,logistic,2346,2,24,48h_hss2,0.7367427725120658
official,logistic,2346,2,24,48h_far,0.2757124589954713
official,logistic,2346,2,24,48h_precision,0.7242875410045286
official,logistic,2346,2,24,48h_recall,0.7895794172033778
official,logistic,2346,2,24,48h_f1,0.755525485794352
official,logistic,2346,2,24,48h_alert_fraction,0.08626198083067092
official,logistic,2346,2,24,48h_known_count,939.0
official,logistic,2346,2,24,48h_auc,0.9575234846341091
official,logistic,2346,2,24,48h_average_precision,0.8082214743212061
official,logistic,2346,2,24,48h_brier,0.02512182590934025
official,logistic,2346,2,24,48h_km_reference_brier,0.061692278013956325
official,logistic,2346,2,24,48h_bss,0.5927881621804099
official,logistic,2346,2,24,48h_predicted_survival_mean,0.9228377843871064
official,logistic,2346,2,24,48h_observed_survival_km,0.9341837307990893
official,logistic,2346,2,24,48h_ece,0.021021767452378996
official,logistic,2346,2,24,48h_calibration_intercept,-0.3365530546327012
official,logistic,2346,2,24,48h_calibration_slope,1.1764398688787854
official,logistic,2346,2,24,72h_threshold,0.21189927173099532
official,logistic,2346,2,24,72h_tp_ipcw,74.54206568019657
official,logistic,2346,2,24,72h_tn_ipcw,1098.012714233957
official,logistic,2346,2,24,72h_fp_ipcw,57.23523064594015
official,logistic,2346,2,24,72h_fn_ipcw,16.47968289017216
official,logistic,2346,2,24,72h_tss,0.7694041775702121
official,logistic,2346,2,24,72h_hss2,0.6378539624189951
official,logistic,2346,2,24,72h_far,0.4343330167002987
official,logistic,2346,2,24,72h_precision,0.5656669832997013
official,logistic,2346,2,24,72h_recall,0.8189478542325327
official,logistic,2346,2,24,72h_f1,0.6691416986533567
official,logistic,2346,2,24,72h_alert_fraction,0.12588235294117647
official,logistic,2346,2,24,72h_known_count,850.0
official,logistic,2346,2,24,72h_auc,0.9531985284073159
official,logistic,2346,2,24,72h_average_precision,0.8150604531159249
official,logistic,2346,2,24,72h_brier,0.027852430919485367
official,logistic,2346,2,24,72h_km_reference_brier,0.06751678430739513
official,logistic,2346,2,24,72h_bss,0.587473971025088
official,logistic,2346,2,24,72h_predicted_survival_mean,0.9068968740015613
official,logistic,2346,2,24,72h_observed_survival_km,0.9283200097187064
official,logistic,2346,2,24,72h_ece,0.029966805944978935
official,logistic,2346,2,24,72h_calibration_intercept,-0.5091984520293499
official,logistic,2346,2,24,72h_calibration_slope,1.214009220236023
official,logistic,2346,2,24,144h_threshold,0.40534001732403446
official,logistic,2346,2,24,144h_tp_ipcw,83.04476910255018
official,logistic,2346,2,24,144h_tn_ipcw,1044.8778121783403
official,logistic,2346,2,24,144h_fp_ipcw,38.619713797146055
official,logistic,2346,2,24,144h_fn_ipcw,28.690326310408604
official,logistic,2346,2,24,144h_tss,0.7075854882131909
official,logistic,2346,2,24,144h_hss2,0.680468403122156
official,logistic,2346,2,24,144h_far,0.3174280026241124
official,logistic,2346,2,24,144h_precision,0.6825719973758876
official,logistic,2346,2,24,144h_recall,0.7432290525696265
official,logistic,2346,2,24,144h_f1,0.7116102754162299
official,logistic,2346,2,24,144h_alert_fraction,0.15333333333333332
official,logistic,2346,2,24,144h_known_count,600.0
official,logistic,2346,2,24,144h_auc,0.9434206267640979
official,logistic,2346,2,24,144h_average_precision,0.8213449734803296
official,logistic,2346,2,24,144h_brier,0.037925296244252935
official,logistic,2346,2,24,144h_km_reference_brier,0.08158930098774504
official,logistic,2346,2,24,144h_bss,0.5351682661192375
official,logistic,2346,2,24,144h_predicted_survival_mean,0.8230668084506667
official,logistic,2346,2,24,144h_observed_survival_km,0.9112654249610479
official,logistic,2346,2,24,144h_ece,0.06609806807245394
official,logistic,2346,2,24,144h_calibration_intercept,-0.8009313754741548
official,logistic,2346,2,24,144h_calibration_slope,1.3179731229791358
official,logistic,2346,2,24,integrated_brier_score,0.02909309529266843
official,logistic,2346,2,24,integrated_auc,0.9540529138792668
official,logistic,2347,2,24,harrell_c_index,0.934018693360634
official,logistic,2347,2,24,uno_c_index,0.8210333567792274
official,logistic,2347,2,24,event_event_pairs,5777.0
official,logistic,2347,2,24,event_event_fraction,0.054762965561043125
official,logistic,2347,2,24,event_event_c_index,0.6962956551843518
official,logistic,2347,2,24,event_censored_pairs,99714.0
official,logistic,2347,2,24,event_censored_fraction,0.9452370344389569
official,logistic,2347,2,24,event_censored_c_index,0.9477906813486572
official,logistic,2347,2,24,12h_threshold,0.08868009816692013
official,logistic,2347,2,24,12h_tp_ipcw,52.69237831749505
official,logistic,2347,2,24,12h_tn_ipcw,1151.1502760576718
official,logistic,2347,2,24,12h_fp_ipcw,52.22609948087736
official,logistic,2347,2,24,12h_fn_ipcw,6.2290129961788026
official,logistic,2347,2,24,12h_tss,0.8508830176345881
official,logistic,2347,2,24,12h_hss2,0.6205325354884473
official,logistic,2347,2,24,12h_far,0.4977778993443187
official,logistic,2347,2,24,12h_precision,0.5022221006556813
official,logistic,2347,2,24,12h_recall,0.8942826559709353
official,logistic,2347,2,24,12h_f1,0.6432180226103569
official,logistic,2347,2,24,12h_alert_fraction,0.08512467755803955
official,logistic,2347,2,24,12h_known_count,1163.0
official,logistic,2347,2,24,12h_auc,0.9687723893567087
official,logistic,2347,2,24,12h_average_precision,0.783170139237657
official,logistic,2347,2,24,12h_brier,0.01997053632150987
official,logistic,2347,2,24,12h_km_reference_brier,0.04357689317292897
official,logistic,2347,2,24,12h_bss,0.5417172986091616
official,logistic,2347,2,24,12h_predicted_survival_mean,0.9580836259893389
official,logistic,2347,2,24,12h_observed_survival_km,0.9541362661402012
official,logistic,2347,2,24,12h_ece,0.012221512419973074
official,logistic,2347,2,24,12h_calibration_intercept,0.357397471935769
official,logistic,2347,2,24,12h_calibration_slope,1.217108483714764
official,logistic,2347,2,24,24h_threshold,0.2879615884260869
official,logistic,2347,2,24,24h_tp_ipcw,56.44656068879993
official,logistic,2347,2,24,24h_tn_ipcw,1144.903062982137
official,logistic,2347,2,24,24h_fp_ipcw,36.25331455816776
official,logistic,2347,2,24,24h_fn_ipcw,12.670035298150271
official,logistic,2347,2,24,24h_tss,0.785992994044012
official,logistic,2347,2,24,24h_hss2,0.677217092257739
official,logistic,2347,2,24,24h_far,0.39108266825152654
official,logistic,2347,2,24,24h_precision,0.6089173317484735
official,logistic,2347,2,24,24h_recall,0.8166860633509427
official,logistic,2347,2,24,24h_f1,0.6976614958708645
official,logistic,2347,2,24,24h_alert_fraction,0.07899628252788105
official,logistic,2347,2,24,24h_known_count,1076.0
official,logistic,2347,2,24,24h_auc,0.968061929869203
official,logistic,2347,2,24,24h_average_precision,0.7683421650628105
official,logistic,2347,2,24,24h_brier,0.023073010552811357
official,logistic,2347,2,24,24h_km_reference_brier,0.05125594252633338
official,logistic,2347,2,24,24h_bss,0.5498471120503283
official,logistic,2347,2,24,24h_predicted_survival_mean,0.9410913942834415
official,logistic,2347,2,24,24h_observed_survival_km,0.946025556578541
official,logistic,2347,2,24,24h_ece,0.009458340407852435
official,logistic,2347,2,24,24h_calibration_intercept,-0.07795484098492995
official,logistic,2347,2,24,24h_calibration_slope,1.226647807954445
official,logistic,2347,2,24,48h_threshold,0.4085461532246497
official,logistic,2347,2,24,48h_tp_ipcw,66.16369352165201
official,logistic,2347,2,24,48h_tn_ipcw,1116.1526861581901
official,logistic,2347,2,24,48h_fp_ipcw,25.186343274353455
official,logistic,2347,2,24,48h_fn_ipcw,17.63242892034135
official,logistic,2347,2,24,48h_tss,0.7675120536725997
official,logistic,2347,2,24,48h_hss2,0.7367427725120658
official,logistic,2347,2,24,48h_far,0.2757124589954713
official,logistic,2347,2,24,48h_precision,0.7242875410045286
official,logistic,2347,2,24,48h_recall,0.7895794172033778
official,logistic,2347,2,24,48h_f1,0.755525485794352
official,logistic,2347,2,24,48h_alert_fraction,0.08626198083067092
official,logistic,2347,2,24,48h_known_count,939.0
official,logistic,2347,2,24,48h_auc,0.9575234846341091
official,logistic,2347,2,24,48h_average_precision,0.8082214743212061
official,logistic,2347,2,24,48h_brier,0.02512182590934025
official,logistic,2347,2,24,48h_km_reference_brier,0.061692278013956325
official,logistic,2347,2,24,48h_bss,0.5927881621804099
official,logistic,2347,2,24,48h_predicted_survival_mean,0.9228377843871064
official,logistic,2347,2,24,48h_observed_survival_km,0.9341837307990893
official,logistic,2347,2,24,48h_ece,0.021021767452378996
official,logistic,2347,2,24,48h_calibration_intercept,-0.3365530546327012
official,logistic,2347,2,24,48h_calibration_slope,1.1764398688787854
official,logistic,2347,2,24,72h_threshold,0.21189927173099532
official,logistic,2347,2,24,72h_tp_ipcw,74.54206568019657
official,logistic,2347,2,24,72h_tn_ipcw,1098.012714233957
official,logistic,2347,2,24,72h_fp_ipcw,57.23523064594015
official,logistic,2347,2,24,72h_fn_ipcw,16.47968289017216
official,logistic,2347,2,24,72h_tss,0.7694041775702121
official,logistic,2347,2,24,72h_hss2,0.6378539624189951
official,logistic,2347,2,24,72h_far,0.4343330167002987
official,logistic,2347,2,24,72h_precision,0.5656669832997013
official,logistic,2347,2,24,72h_recall,0.8189478542325327
official,logistic,2347,2,24,72h_f1,0.6691416986533567
official,logistic,2347,2,24,72h_alert_fraction,0.12588235294117647
official,logistic,2347,2,24,72h_known_count,850.0
official,logistic,2347,2,24,72h_auc,0.9531985284073159
official,logistic,2347,2,24,72h_average_precision,0.8150604531159249
official,logistic,2347,2,24,72h_brier,0.027852430919485367
official,logistic,2347,2,24,72h_km_reference_brier,0.06751678430739513
official,logistic,2347,2,24,72h_bss,0.587473971025088
official,logistic,2347,2,24,72h_predicted_survival_mean,0.9068968740015613
official,logistic,2347,2,24,72h_observed_survival_km,0.9283200097187064
official,logistic,2347,2,24,72h_ece,0.029966805944978935
official,logistic,2347,2,24,72h_calibration_intercept,-0.5091984520293499
official,logistic,2347,2,24,72h_calibration_slope,1.214009220236023
official,logistic,2347,2,24,144h_threshold,0.40534001732403446
official,logistic,2347,2,24,144h_tp_ipcw,83.04476910255018
official,logistic,2347,2,24,144h_tn_ipcw,1044.8778121783403
official,logistic,2347,2,24,144h_fp_ipcw,38.619713797146055
official,logistic,2347,2,24,144h_fn_ipcw,28.690326310408604
official,logistic,2347,2,24,144h_tss,0.7075854882131909
official,logistic,2347,2,24,144h_hss2,0.680468403122156
official,logistic,2347,2,24,144h_far,0.3174280026241124
official,logistic,2347,2,24,144h_precision,0.6825719973758876
official,logistic,2347,2,24,144h_recall,0.7432290525696265
official,logistic,2347,2,24,144h_f1,0.7116102754162299
official,logistic,2347,2,24,144h_alert_fraction,0.15333333333333332
official,logistic,2347,2,24,144h_known_count,600.0
official,logistic,2347,2,24,144h_auc,0.9434206267640979
official,logistic,2347,2,24,144h_average_precision,0.8213449734803296
official,logistic,2347,2,24,144h_brier,0.037925296244252935
official,logistic,2347,2,24,144h_km_reference_brier,0.08158930098774504
official,logistic,2347,2,24,144h_bss,0.5351682661192375
official,logistic,2347,2,24,144h_predicted_survival_mean,0.8230668084506667
official,logistic,2347,2,24,144h_observed_survival_km,0.9112654249610479
official,logistic,2347,2,24,144h_ece,0.06609806807245394
official,logistic,2347,2,24,144h_calibration_intercept,-0.8009313754741548
official,logistic,2347,2,24,144h_calibration_slope,1.3179731229791358
official,logistic,2347,2,24,integrated_brier_score,0.02909309529266843
official,logistic,2347,2,24,integrated_auc,0.9540529138792668
official,lstm_classifier,2345,2,24,harrell_c_index,0.9373696583627195
official,lstm_classifier,2345,2,24,uno_c_index,0.8046984468620383
official,lstm_classifier,2345,2,24,event_event_pairs,5777.0
official,lstm_classifier,2345,2,24,event_event_fraction,0.054762965561043125
official,lstm_classifier,2345,2,24,event_event_c_index,0.6693785701921412
official,lstm_classifier,2345,2,24,event_censored_pairs,99714.0
official,lstm_classifier,2345,2,24,event_censored_fraction,0.9452370344389569
official,lstm_classifier,2345,2,24,event_censored_c_index,0.9528952805022364
official,lstm_classifier,2345,2,24,12h_threshold,0.024169325828552246
official,lstm_classifier,2345,2,24,12h_tp_ipcw,56.81019514753142
official,lstm_classifier,2345,2,24,12h_tn_ipcw,1066.2828644012461
official,lstm_classifier,2345,2,24,12h_fp_ipcw,137.09351113730304
official,lstm_classifier,2345,2,24,12h_fn_ipcw,2.1111961661424434
official,lstm_classifier,2345,2,24,12h_tss,0.8502452244118126
official,lstm_classifier,2345,2,24,12h_hss2,0.40694066052994077
official,lstm_classifier,2345,2,24,12h_far,0.7070185184388368
official,lstm_classifier,2345,2,24,12h_precision,0.2929814815611631
official,lstm_classifier,2345,2,24,12h_recall,0.9641692750447239
official,lstm_classifier,2345,2,24,12h_f1,0.4494031303628505
official,lstm_classifier,2345,2,24,12h_alert_fraction,0.15563198624247634
official,lstm_classifier,2345,2,24,12h_known_count,1163.0
official,lstm_classifier,2345,2,24,12h_auc,0.9753163122791895
official,lstm_classifier,2345,2,24,12h_average_precision,0.7056380838126471
official,lstm_classifier,2345,2,24,12h_brier,0.02216881124768943
official,lstm_classifier,2345,2,24,12h_km_reference_brier,0.04357689317292897
official,lstm_classifier,2345,2,24,12h_bss,0.4912714139643797
official,lstm_classifier,2345,2,24,12h_predicted_survival_mean,0.9534140229225159
official,lstm_classifier,2345,2,24,12h_observed_survival_km,0.9541362661402012
official,lstm_classifier,2345,2,24,12h_ece,0.018013206681798358
official,lstm_classifier,2345,2,24,12h_calibration_intercept,0.38232505742534717
official,lstm_classifier,2345,2,24,12h_calibration_slope,1.3097636768940435
official,lstm_classifier,2345,2,24,24h_threshold,0.03552544116973877
official,lstm_classifier,2345,2,24,24h_tp_ipcw,62.64035262128719
official,lstm_classifier,2345,2,24,24h_tn_ipcw,1080.5826661853878
official,lstm_classifier,2345,2,24,24h_fp_ipcw,100.57371135491708
official,lstm_classifier,2345,2,24,24h_fn_ipcw,6.476243365663007
official,lstm_classifier,2345,2,24,24h_tss,0.8211512200647746
official,lstm_classifier,2345,2,24,24h_hss2,0.5004326250894459
official,lstm_classifier,2345,2,24,24h_far,0.6162073837557295
official,lstm_classifier,2345,2,24,24h_precision,0.3837926162442706
official,lstm_classifier,2345,2,24,24h_recall,0.9062997349162598
official,lstm_classifier,2345,2,24,24h_f1,0.5392344913169994
official,lstm_classifier,2345,2,24,24h_alert_fraction,0.13568773234200743
official,lstm_classifier,2345,2,24,24h_known_count,1076.0
official,lstm_classifier,2345,2,24,24h_auc,0.9718847759951573
official,lstm_classifier,2345,2,24,24h_average_precision,0.6824764918009686
official,lstm_classifier,2345,2,24,24h_brier,0.024425969297368465
official,lstm_classifier,2345,2,24,24h_km_reference_brier,0.05125594252633338
official,lstm_classifier,2345,2,24,24h_bss,0.5234509777121098
official,lstm_classifier,2345,2,24,24h_predicted_survival_mean,0.9407669305801392
official,lstm_classifier,2345,2,24,24h_observed_survival_km,0.946025556578541
official,lstm_classifier,2345,2,24,24h_ece,0.015485799446972202
official,lstm_classifier,2345,2,24,24h_calibration_intercept,-0.006321801367440402
official,lstm_classifier,2345,2,24,24h_calibration_slope,1.2218086622284892
official,lstm_classifier,2345,2,24,48h_threshold,0.12076681852340698
official,lstm_classifier,2345,2,24,48h_tp_ipcw,71.26088813177455
official,lstm_classifier,2345,2,24,48h_tn_ipcw,1105.5479100426728
official,lstm_classifier,2345,2,24,48h_fp_ipcw,35.79111938987071
official,lstm_classifier,2345,2,24,48h_fn_ipcw,12.535234310218815
official,lstm_classifier,2345,2,24,48h_tss,0.8190490581556511
official,lstm_classifier,2345,2,24,48h_hss2,0.7257362805776694
official,lstm_classifier,2345,2,24,48h_far,0.334333939348442
official,lstm_classifier,2345,2,24,48h_precision,0.6656660606515579
official,lstm_classifier,2345,2,24,48h_recall,0.8504079431730729
official,lstm_classifier,2345,2,24,48h_f1,0.7467810991425646
official,lstm_classifier,2345,2,24,48h_alert_fraction,0.10010649627263046
official,lstm_classifier,2345,2,24,48h_known_count,939.0
official,lstm_classifier,2345,2,24,48h_auc,0.9604854281418191
official,lstm_classifier,2345,2,24,48h_average_precision,0.7242377506657139
official,lstm_classifier,2345,2,24,48h_brier,0.025506952019910434
official,lstm_classifier,2345,2,24,48h_km_reference_brier,0.061692278013956325
official,lstm_classifier,2345,2,24,48h_bss,0.5865454666118808
official,lstm_classifier,2345,2,24,48h_predicted_survival_mean,0.9234169721603394
official,lstm_classifier,2345,2,24,48h_observed_survival_km,0.9341837307990893
official,lstm_classifier,2345,2,24,48h_ece,0.015308820085759425
official,lstm_classifier,2345,2,24,48h_calibration_intercept,-0.21381113844970795
official,lstm_classifier,2345,2,24,48h_calibration_slope,1.197837371199804
official,lstm_classifier,2345,2,24,72h_threshold,0.12076681852340698
official,lstm_classifier,2345,2,24,72h_tp_ipcw,75.24742237087519
official,lstm_classifier,2345,2,24,72h_tn_ipcw,1119.0993781561456
official,lstm_classifier,2345,2,24,72h_fp_ipcw,36.148566723751685
official,lstm_classifier,2345,2,24,72h_fn_ipcw,15.774326199493538
official,lstm_classifier,2345,2,24,72h_tss,0.7954064314514393
official,lstm_classifier,2345,2,24,72h_hss2,0.7210636816163295
official,lstm_classifier,2345,2,24,72h_far,0.3245051012837166
official,lstm_classifier,2345,2,24,72h_precision,0.6754948987162833
official,lstm_classifier,2345,2,24,72h_recall,0.8266971746065893
official,lstm_classifier,2345,2,24,72h_f1,0.7434864477678413
official,lstm_classifier,2345,2,24,72h_alert_fraction,0.11058823529411765
official,lstm_classifier,2345,2,24,72h_known_count,850.0
official,lstm_classifier,2345,2,24,72h_auc,0.960833846872632
official,lstm_classifier,2345,2,24,72h_average_precision,0.7931110122499738
official,lstm_classifier,2345,2,24,72h_brier,0.026607585283359735
official,lstm_classifier,2345,2,24,72h_km_reference_brier,0.06751678430739513
official,lstm_classifier,2345,2,24,72h_bss,0.6059115439766968
official,lstm_classifier,2345,2,24,72h_predicted_survival_mean,0.9037677049636841
official,lstm_classifier,2345,2,24,72h_observed_survival_km,0.9283200097187064
official,lstm_classifier,2345,2,24,72h_ece,0.02768868757215085
official,lstm_classifier,2345,2,24,72h_calibration_intercept,-0.46853206243114603
official,lstm_classifier,2345,2,24,72h_calibration_slope,1.2101080748204829
official,lstm_classifier,2345,2,24,144h_threshold,0.22020339965820312
official,lstm_classifier,2345,2,24,144h_tp_ipcw,86.95063025121223
official,lstm_classifier,2345,2,24,144h_tn_ipcw,1042.7322725229433
official,lstm_classifier,2345,2,24,144h_fp_ipcw,40.76525345254306
official,lstm_classifier,2345,2,24,144h_fn_ipcw,24.78446516174655
official,lstm_classifier,2345,2,24,144h_tss,0.7405617301035754
official,lstm_classifier,2345,2,24,144h_hss2,0.6959268500873711
official,lstm_classifier,2345,2,24,144h_far,0.3191870288201625
official,lstm_classifier,2345,2,24,144h_precision,0.6808129711798375
official,lstm_classifier,2345,2,24,144h_recall,0.7781854924798131
official,lstm_classifier,2345,2,24,144h_f1,0.7262499453704923
official,lstm_classifier,2345,2,24,144h_alert_fraction,0.16
official,lstm_classifier,2345,2,24,144h_known_count,600.0
official,lstm_classifier,2345,2,24,144h_auc,0.9468183544444282
official,lstm_classifier,2345,2,24,144h_average_precision,0.8182444521463389
official,lstm_classifier,2345,2,24,144h_brier,0.033736120355606594
official,lstm_classifier,2345,2,24,144h_km_reference_brier,0.08158930098774504
official,lstm_classifier,2345,2,24,144h_bss,0.586512938005513
official,lstm_classifier,2345,2,24,144h_predicted_survival_mean,0.8500337600708008
official,lstm_classifier,2345,2,24,144h_observed_survival_km,0.9112654249610479
official,lstm_classifier,2345,2,24,144h_ece,0.04943306451800853
official,lstm_classifier,2345,2,24,144h_calibration_intercept,-0.7648254358803902
official,lstm_classifier,2345,2,24,144h_calibration_slope,1.2166632060903635
official,lstm_classifier,2345,2,24,integrated_brier_score,0.02785236052817973
official,lstm_classifier,2345,2,24,integrated_auc,0.959113329749071
official,lstm_classifier,2346,2,24,harrell_c_index,0.9395309596936261
official,lstm_classifier,2346,2,24,uno_c_index,0.8181401327069828
official,lstm_classifier,2346,2,24,event_event_pairs,5777.0
official,lstm_classifier,2346,2,24,event_event_fraction,0.054762965561043125
official,lstm_classifier,2346,2,24,event_event_c_index,0.6569153539899601
official,lstm_classifier,2346,2,24,event_censored_pairs,99714.0
official,lstm_classifier,2346,2,24,event_censored_fraction,0.9452370344389569
official,lstm_classifier,2346,2,24,event_censored_c_index,0.9559038851114187
official,lstm_classifier,2346,2,24,12h_threshold,0.019139528274536133
official,lstm_classifier,2346,2,24,12h_tp_ipcw,55.79409496587727
official,lstm_classifier,2346,2,24,12h_tn_ipcw,1081.5154767498352
official,lstm_classifier,2346,2,24,12h_fp_ipcw,121.86089878871384
official,lstm_classifier,2346,2,24,12h_fn_ipcw,3.1272963477965794
official,lstm_classifier,2346,2,24,12h_tss,0.8456584388785284
official,lstm_classifier,2346,2,24,12h_hss2,0.43184928460527544
official,lstm_classifier,2346,2,24,12h_far,0.6859413079997624
official,lstm_classifier,2346,2,24,12h_precision,0.3140586920002376
official,lstm_classifier,2346,2,24,12h_recall,0.9469242616633388
official,lstm_classifier,2346,2,24,12h_f1,0.471679326318032
official,lstm_classifier,2346,2,24,12h_alert_fraction,0.14273430782459157
official,lstm_classifier,2346,2,24,12h_known_count,1163.0
official,lstm_classifier,2346,2,24,12h_auc,0.9655430576062763
official,lstm_classifier,2346,2,24,12h_average_precision,0.6462062444941851
official,lstm_classifier,2346,2,24,12h_brier,0.02285571766951191
official,lstm_classifier,2346,2,24,12h_km_reference_brier,0.04357689317292897
official,lstm_classifier,2346,2,24,12h_bss,0.47550832550608635
official,lstm_classifier,2346,2,24,12h_predicted_survival_mean,0.9556675553321838
official,lstm_classifier,2346,2,24,12h_observed_survival_km,0.9541362661402012
official,lstm_classifier,2346,2,24,12h_ece,0.01590048236990076
official,lstm_classifier,2346,2,24,12h_calibration_intercept,0.4311265452878942
official,lstm_classifier,2346,2,24,12h_calibration_slope,1.2738753272193206
official,lstm_classifier,2346,2,24,24h_threshold,0.038413166999816895
official,lstm_classifier,2346,2,24,24h_tp_ipcw,61.54375529892246
official,lstm_classifier,2346,2,24,24h_tn_ipcw,1084.0910514652105
official,lstm_classifier,2346,2,24,24h_fp_ipcw,97.06532607509438
official,lstm_classifier,2346,2,24,24h_fn_ipcw,7.572840688027735
official,lstm_classifier,2346,2,24,24h_tss,0.8082556124343032
official,lstm_classifier,2346,2,24,24h_hss2,0.5021721870075176
official,lstm_classifier,2346,2,24,24h_far,0.611978363623481
official,lstm_classifier,2346,2,24,24h_precision,0.3880216363765189
official,lstm_classifier,2346,2,24,24h_recall,0.8904338302560856
official,lstm_classifier,2346,2,24,24h_f1,0.5405078251353246
official,lstm_classifier,2346,2,24,24h_alert_fraction,0.13197026022304834
official,lstm_classifier,2346,2,24,24h_known_count,1076.0
official,lstm_classifier,2346,2,24,24h_auc,0.9697335527864511
official,lstm_classifier,2346,2,24,24h_average_precision,0.6418926593185217
official,lstm_classifier,2346,2,24,24h_brier,0.02527543962543919
official,lstm_classifier,2346,2,24,24h_km_reference_brier,0.05125594252633338
official,lstm_classifier,2346,2,24,24h_bss,0.5068778686012141
official,lstm_classifier,2346,2,24,24h_predicted_survival_mean,0.9404063820838928
official,lstm_classifier,2346,2,24,24h_observed_survival_km,0.946025556578541
official,lstm_classifier,2346,2,24,24h_ece,0.011957373908961502
official,lstm_classifier,2346,2,24,24h_calibration_intercept,-0.03488328187291205
official,lstm_classifier,2346,2,24,24h_calibration_slope,1.2012384711408177
official,lstm_classifier,2346,2,24,48h_threshold,0.047731637954711914
official,lstm_classifier,2346,2,24,48h_tp_ipcw,72.45897619207047
official,lstm_classifier,2346,2,24,48h_tn_ipcw,1072.4079846816812
official,lstm_classifier,2346,2,24,48h_fp_ipcw,68.93104475086209
official,lstm_classifier,2346,2,24,48h_fn_ipcw,11.337146249922906
official,lstm_classifier,2346,2,24,48h_tss,0.8043107086445329
official,lstm_classifier,2346,2,24,48h_hss2,0.6100546312479591
official,lstm_classifier,2346,2,24,48h_far,0.4875241144400413
official,lstm_classifier,2346,2,24,48h_precision,0.5124758855599587
official,lstm_classifier,2346,2,24,48h_recall,0.8647055983077154
official,lstm_classifier,2346,2,24,48h_f1,0.6435473790961589
official,lstm_classifier,2346,2,24,48h_alert_fraction,0.12779552715654952
official,lstm_classifier,2346,2,24,48h_known_count,939.0
official,lstm_classifier,2346,2,24,48h_auc,0.955122760440646
official,lstm_classifier,2346,2,24,48h_average_precision,0.7045052813818504
official,lstm_classifier,2346,2,24,48h_brier,0.026295587117276798
official,lstm_classifier,2346,2,24,48h_km_reference_brier,0.061692278013956325
official,lstm_classifier,2346,2,24,48h_bss,0.5737620985347942
official,lstm_classifier,2346,2,24,48h_predicted_survival_mean,0.9251136779785156
official,lstm_classifier,2346,2,24,48h_observed_survival_km,0.9341837307990893
official,lstm_classifier,2346,2,24,48h_ece,0.015575311387644739
official,lstm_classifier,2346,2,24,48h_calibration_intercept,-0.1625319557721222
official,lstm_classifier,2346,2,24,48h_calibration_slope,1.1481853361983232
official,lstm_classifier,2346,2,24,72h_threshold,0.12524908781051636
official,lstm_classifier,2346,2,24,72h_tp_ipcw,75.24742237087519
official,lstm_classifier,2346,2,24,72h_tn_ipcw,1111.5684267553638
official,lstm_classifier,2346,2,24,72h_fp_ipcw,43.679518124533274
official,lstm_classifier,2346,2,24,72h_fn_ipcw,15.774326199493538
official,lstm_classifier,2346,2,24,72h_tss,0.7888875266274495
official,lstm_classifier,2346,2,24,72h_hss2,0.6912722661131487
official,lstm_classifier,2346,2,24,72h_far,0.36728026419059906
official,lstm_classifier,2346,2,24,72h_precision,0.6327197358094009
official,lstm_classifier,2346,2,24,72h_recall,0.8266971746065893
official,lstm_classifier,2346,2,24,72h_f1,0.7168172633580968
official,lstm_classifier,2346,2,24,72h_alert_fraction,0.11647058823529412
official,lstm_classifier,2346,2,24,72h_known_count,850.0
official,lstm_classifier,2346,2,24,72h_auc,0.9629803470770324
official,lstm_classifier,2346,2,24,72h_average_precision,0.7865325738149155
official,lstm_classifier,2346,2,24,72h_brier,0.02762569189357006
official,lstm_classifier,2346,2,24,72h_km_reference_brier,0.06751678430739513
official,lstm_classifier,2346,2,24,72h_bss,0.5908322326520488
official,lstm_classifier,2346,2,24,72h_predicted_survival_mean,0.9041920304298401
official,lstm_classifier,2346,2,24,72h_observed_survival_km,0.9283200097187064
official,lstm_classifier,2346,2,24,72h_ece,0.02718674081419487
official,lstm_classifier,2346,2,24,72h_calibration_intercept,-0.4913017315283208
official,lstm_classifier,2346,2,24,72h_calibration_slope,1.1855090988771402
official,lstm_classifier,2346,2,24,144h_threshold,0.3171212673187256
official,lstm_classifier,2346,2,24,144h_tp_ipcw,82.55203773293287
official,lstm_classifier,2346,2,24,144h_tn_ipcw,1053.4599707999284
official,lstm_classifier,2346,2,24,144h_fp_ipcw,30.037555175558037
official,lstm_classifier,2346,2,24,144h_fn_ipcw,29.183057680025886
official,lstm_classifier,2346,2,24,144h_tss,0.7110964628774119
official,lstm_classifier,2346,2,24,144h_hss2,0.7086661339618676
official,lstm_classifier,2346,2,24,144h_far,0.266788025425863
official,lstm_classifier,2346,2,24,144h_precision,0.733211974574137
official,lstm_classifier,2346,2,24,144h_recall,0.7388192351546397
official,lstm_classifier,2346,2,24,144h_f1,0.7360049252772267
official,lstm_classifier,2346,2,24,144h_alert_fraction,0.14666666666666667
official,lstm_classifier,2346,2,24,144h_known_count,600.0
official,lstm_classifier,2346,2,24,144h_auc,0.9528379223653669
official,lstm_classifier,2346,2,24,144h_average_precision,0.8265815610632882
official,lstm_classifier,2346,2,24,144h_brier,0.034695602202746666
official,lstm_classifier,2346,2,24,144h_km_reference_brier,0.08158930098774504
official,lstm_classifier,2346,2,24,144h_bss,0.5747530401325776
official,lstm_classifier,2346,2,24,144h_predicted_survival_mean,0.8507984280586243
official,lstm_classifier,2346,2,24,144h_observed_survival_km,0.9112654249610479
official,lstm_classifier,2346,2,24,144h_ece,0.05442315197511367
official,lstm_classifier,2346,2,24,144h_calibration_intercept,-0.7400414876163836
official,lstm_classifier,2346,2,24,144h_calibration_slope,1.2793692653646345
official,lstm_classifier,2346,2,24,integrated_brier_score,0.028774706062726235
official,lstm_classifier,2346,2,24,integrated_auc,0.959822957660758
official,lstm_classifier,2347,2,24,harrell_c_index,0.9380616539642816
official,lstm_classifier,2347,2,24,uno_c_index,0.8070988562409576
official,lstm_classifier,2347,2,24,event_event_pairs,5777.0
official,lstm_classifier,2347,2,24,event_event_fraction,0.054762965561043125
official,lstm_classifier,2347,2,24,event_event_c_index,0.6600311580405055
official,lstm_classifier,2347,2,24,event_censored_pairs,99714.0
official,lstm_classifier,2347,2,24,event_censored_fraction,0.9452370344389569
official,lstm_classifier,2347,2,24,event_censored_c_index,0.9541689231201236
official,lstm_classifier,2347,2,24,12h_threshold,0.02009904384613037
official,lstm_classifier,2347,2,24,12h_tp_ipcw,56.838810440965965
official,lstm_classifier,2347,2,24,12h_tn_ipcw,1049.9622083134718
official,lstm_classifier,2347,2,24,12h_fp_ipcw,153.41416722507722
official,lstm_classifier,2347,2,24,12h_fn_ipcw,2.0825808727078954
official,lstm_classifier,2347,2,24,12h_tss,0.8371684894639553
official,lstm_classifier,2347,2,24,12h_hss2,0.3768815239465637
official,lstm_classifier,2347,2,24,12h_far,0.7296646588699148
official,lstm_classifier,2347,2,24,12h_precision,0.27033534113008517
official,lstm_classifier,2347,2,24,12h_recall,0.964654927076975
official,lstm_classifier,2347,2,24,12h_f1,0.4223196335996531
official,lstm_classifier,2347,2,24,12h_alert_fraction,0.16852966466036112
official,lstm_classifier,2347,2,24,12h_known_count,1163.0
official,lstm_classifier,2347,2,24,12h_auc,0.9695184860966523
official,lstm_classifier,2347,2,24,12h_average_precision,0.666775735390546
official,lstm_classifier,2347,2,24,12h_brier,0.02279683680287798
official,lstm_classifier,2347,2,24,12h_km_reference_brier,0.04357689317292897
official,lstm_classifier,2347,2,24,12h_bss,0.4768595201954431
official,lstm_classifier,2347,2,24,12h_predicted_survival_mean,0.9545115828514099
official,lstm_classifier,2347,2,24,12h_observed_survival_km,0.9541362661402012
official,lstm_classifier,2347,2,24,12h_ece,0.017847682843315567
official,lstm_classifier,2347,2,24,12h_calibration_intercept,0.40460397643160845
official,lstm_classifier,2347,2,24,12h_calibration_slope,1.2899585711185306
official,lstm_classifier,2347,2,24,24h_threshold,0.03930330276489258
official,lstm_classifier,2347,2,24,24h_tp_ipcw,62.58847077401115
official,lstm_classifier,2347,2,24,24h_tn_ipcw,1092.2772837847965
official,lstm_classifier,2347,2,24,24h_fp_ipcw,88.87909375550811
official,lstm_classifier,2347,2,24,24h_fn_ipcw,6.5281252129390515
official,lstm_classifier,2347,2,24,24h_tss,0.8303015677669014
official,lstm_classifier,2347,2,24,24h_hss2,0.531944811634293
official,lstm_classifier,2347,2,24,24h_far,0.5867863131725909
official,lstm_classifier,2347,2,24,24h_precision,0.4132136868274091
official,lstm_classifier,2347,2,24,24h_recall,0.9055490925193768
official,lstm_classifier,2347,2,24,24h_f1,0.5674792843463311
official,lstm_classifier,2347,2,24,24h_alert_fraction,0.12639405204460966
official,lstm_classifier,2347,2,24,24h_known_count,1076.0
official,lstm_classifier,2347,2,24,24h_auc,0.9718749125766087
official,lstm_classifier,2347,2,24,24h_average_precision,0.6683932824117611
official,lstm_classifier,2347,2,24,24h_brier,0.025147216034597374
official,lstm_classifier,2347,2,24,24h_km_reference_brier,0.05125594252633338
official,lstm_classifier,2347,2,24,24h_bss,0.5093795022561983
official,lstm_classifier,2347,2,24,24h_predicted_survival_mean,0.9405179023742676
official,lstm_classifier,2347,2,24,24h_observed_survival_km,0.946025556578541
official,lstm_classifier,2347,2,24,24h_ece,0.012564005429917747
official,lstm_classifier,2347,2,24,24h_calibration_intercept,-0.012334811678358145
official,lstm_classifier,2347,2,24,24h_calibration_slope,1.2197790107153474
official,lstm_classifier,2347,2,24,48h_threshold,0.22983592748641968
official,lstm_classifier,2347,2,24,48h_tp_ipcw,70.25331987904322
official,lstm_classifier,2347,2,24,48h_tn_ipcw,1109.5247010859916
official,lstm_classifier,2347,2,24,48h_fp_ipcw,31.814328346551733
official,lstm_classifier,2347,2,24,48h_fn_ipcw,13.542802562950149
official,lstm_classifier,2347,2,24,48h_tss,0.810509334838931
official,lstm_classifier,2347,2,24,48h_hss2,0.7361445499666294
official,lstm_classifier,2347,2,24,48h_far,0.3116984558734432
official,lstm_classifier,2347,2,24,48h_precision,0.6883015441265568
official,lstm_classifier,2347,2,24,48h_recall,0.8383838992988614
official,lstm_classifier,2347,2,24,48h_f1,0.7559657229239057
official,lstm_classifier,2347,2,24,48h_alert_fraction,0.09584664536741214
official,lstm_classifier,2347,2,24,48h_known_count,939.0
official,lstm_classifier,2347,2,24,48h_auc,0.9605644013898172
official,lstm_classifier,2347,2,24,48h_average_precision,0.7382276441329054
official,lstm_classifier,2347,2,24,48h_brier,0.025623933096456823
official,lstm_classifier,2347,2,24,48h_km_reference_brier,0.061692278013956325
official,lstm_classifier,2347,2,24,48h_bss,0.584649263710767
official,lstm_classifier,2347,2,24,48h_predicted_survival_mean,0.9221468567848206
official,lstm_classifier,2347,2,24,48h_observed_survival_km,0.9341837307990893
official,lstm_classifier,2347,2,24,48h_ece,0.016495512392713595
official,lstm_classifier,2347,2,24,48h_calibration_intercept,-0.24114707639149932
official,lstm_classifier,2347,2,24,48h_calibration_slope,1.1977170681484604
official,lstm_classifier,2347,2,24,72h_threshold,0.09274351596832275
official,lstm_classifier,2347,2,24,72h_tp_ipcw,76.73648762677823
official,lstm_classifier,2347,2,24,72h_tn_ipcw,1091.987953113332
official,lstm_classifier,2347,2,24,72h_fp_ipcw,63.259991766565435
official,lstm_classifier,2347,2,24,72h_fn_ipcw,14.285260943590488
official,lstm_classifier,2347,2,24,72h_tss,0.7882978187155198
official,lstm_classifier,2347,2,24,72h_hss2,0.631734440882295
official,lstm_classifier,2347,2,24,72h_far,0.4518684472687763
official,lstm_classifier,2347,2,24,72h_precision,0.5481315527312237
official,lstm_classifier,2347,2,24,72h_recall,0.8430566192370323
official,lstm_classifier,2347,2,24,72h_f1,0.6643327524686212
official,lstm_classifier,2347,2,24,72h_alert_fraction,0.13294117647058823
official,lstm_classifier,2347,2,24,72h_known_count,850.0
official,lstm_classifier,2347,2,24,72h_auc,0.9619584479634579
official,lstm_classifier,2347,2,24,72h_average_precision,0.7890438344825826
official,lstm_classifier,2347,2,24,72h_brier,0.02674394103528713
official,lstm_classifier,2347,2,24,72h_km_reference_brier,0.06751678430739513
official,lstm_classifier,2347,2,24,72h_bss,0.6038919609452156
official,lstm_classifier,2347,2,24,72h_predicted_survival_mean,0.9054451584815979
official,lstm_classifier,2347,2,24,72h_observed_survival_km,0.9283200097187064
official,lstm_classifier,2347,2,24,72h_ece,0.02533890619249675
official,lstm_classifier,2347,2,24,72h_calibration_intercept,-0.4691202140385755
official,lstm_classifier,2347,2,24,72h_calibration_slope,1.1707104503818453
official,lstm_classifier,2347,2,24,144h_threshold,0.30823004245758057
official,lstm_classifier,2347,2,24,144h_tp_ipcw,83.7501257932288
official,lstm_classifier,2347,2,24,144h_tn_ipcw,1059.8965897661196
official,lstm_classifier,2347,2,24,144h_fp_ipcw,23.60093620936703
official,lstm_classifier,2347,2,24,144h_fn_ipcw,27.984969619729977
official,lstm_classifier,2347,2,24,144h_tss,0.7277596330071914
official,lstm_classifier,2347,2,24,144h_hss2,0.740793815096387
official,lstm_classifier,2347,2,24,144h_far,0.2198481856546174
official,lstm_classifier,2347,2,24,144h_precision,0.7801518143453826
official,lstm_classifier,2347,2,24,144h_recall,0.7495418112250133
official,lstm_classifier,2347,2,24,144h_f1,0.764540551362856
official,lstm_classifier,2347,2,24,144h_alert_fraction,0.14333333333333334
official,lstm_classifier,2347,2,24,144h_known_count,600.0
official,lstm_classifier,2347,2,24,144h_auc,0.9477174534874644
official,lstm_classifier,2347,2,24,144h_average_precision,0.8174777487003134
official,lstm_classifier,2347,2,24,144h_brier,0.03430961399062943
official,lstm_classifier,2347,2,24,144h_km_reference_brier,0.08158930098774504
official,lstm_classifier,2347,2,24,144h_bss,0.5794839081194869
official,lstm_classifier,2347,2,24,144h_predicted_survival_mean,0.8466185927391052
official,lstm_classifier,2347,2,24,144h_observed_survival_km,0.9112654249610479
official,lstm_classifier,2347,2,24,144h_ece,0.05238586946232801
official,lstm_classifier,2347,2,24,144h_calibration_intercept,-0.748837702088113
official,lstm_classifier,2347,2,24,144h_calibration_slope,1.2525480101769428
official,lstm_classifier,2347,2,24,integrated_brier_score,0.028206519523571408
official,lstm_classifier,2347,2,24,integrated_auc,0.9595169606371907
official,lstm_linear_cox,2345,2,24,harrell_c_index,0.943758768437417
official,lstm_linear_cox,2345,2,24,uno_c_index,0.7907503627391865
official,lstm_linear_cox,2345,2,24,event_event_pairs,5777.0
official,lstm_linear_cox,2345,2,24,event_event_fraction,0.054762965561043125
official,lstm_linear_cox,2345,2,24,event_event_c_index,0.6891119958455946
official,lstm_linear_cox,2345,2,24,event_censored_pairs,99714.0
official,lstm_linear_cox,2345,2,24,event_censored_fraction,0.9452370344389569
official,lstm_linear_cox,2345,2,24,event_censored_c_index,0.9585113424393766
official,lstm_linear_cox,2345,2,24,12h_threshold,0.07299168210349982
official,lstm_linear_cox,2345,2,24,12h_tp_ipcw,54.74937949078859
official,lstm_linear_cox,2345,2,24,12h_tn_ipcw,1152.2383197968566
official,lstm_linear_cox,2345,2,24,12h_fp_ipcw,51.138055741692426
official,lstm_linear_cox,2345,2,24,12h_fn_ipcw,4.1720118228852625
official,lstm_linear_cox,2345,2,24,12h_tss,0.8866981170453627
official,lstm_linear_cox,2345,2,24,12h_hss2,0.6429849341561138
official,lstm_linear_cox,2345,2,24,12h_far,0.48294734525788013
official,lstm_linear_cox,2345,2,24,12h_precision,0.5170526547421199
official,lstm_linear_cox,2345,2,24,12h_recall,0.9291935962497025
official,lstm_linear_cox,2345,2,24,12h_f1,0.664398632502319
official,lstm_linear_cox,2345,2,24,12h_alert_fraction,0.08598452278589853
official,lstm_linear_cox,2345,2,24,12h_known_count,1163.0
official,lstm_linear_cox,2345,2,24,12h_auc,0.9810604795602454
official,lstm_linear_cox,2345,2,24,12h_average_precision,0.7147324424631366
official,lstm_linear_cox,2345,2,24,12h_brier,0.022055417172294364
official,lstm_linear_cox,2345,2,24,12h_km_reference_brier,0.04357689317292897
official,lstm_linear_cox,2345,2,24,12h_bss,0.4938735745852637
official,lstm_linear_cox,2345,2,24,12h_predicted_survival_mean,0.9566172155364616
official,lstm_linear_cox,2345,2,24,12h_observed_survival_km,0.9541362661402012
official,lstm_linear_cox,2345,2,24,12h_ece,0.01832259084669621
official,lstm_linear_cox,2345,2,24,12h_calibration_intercept,0.6392461862987501
official,lstm_linear_cox,2345,2,24,12h_calibration_slope,1.4471944819315494
official,lstm_linear_cox,2345,2,24,24h_threshold,0.11003133340234683
official,lstm_linear_cox,2345,2,24,24h_tp_ipcw,61.54375529892246
official,lstm_linear_cox,2345,2,24,24h_tn_ipcw,1134.3779071426688
official,lstm_linear_cox,2345,2,24,24h_fp_ipcw,46.778470397635836
official,lstm_linear_cox,2345,2,24,24h_fn_ipcw,7.572840688027735
official,lstm_linear_cox,2345,2,24,24h_tss,0.8508298698600458
official,lstm_linear_cox,2345,2,24,24h_hss2,0.6715187687923458
official,lstm_linear_cox,2345,2,24,24h_far,0.43184554320990215
official,lstm_linear_cox,2345,2,24,24h_precision,0.5681544567900979
official,lstm_linear_cox,2345,2,24,24h_recall,0.8904338302560856
official,lstm_linear_cox,2345,2,24,24h_f1,0.6936898556359435
official,lstm_linear_cox,2345,2,24,24h_alert_fraction,0.09200743494423792
official,lstm_linear_cox,2345,2,24,24h_known_count,1076.0
official,lstm_linear_cox,2345,2,24,24h_auc,0.9769030716617282
official,lstm_linear_cox,2345,2,24,24h_average_precision,0.7455147357808068
official,lstm_linear_cox,2345,2,24,24h_brier,0.023648727869003495
official,lstm_linear_cox,2345,2,24,24h_km_reference_brier,0.05125594252633338
official,lstm_linear_cox,2345,2,24,24h_bss,0.5386149058354811
official,lstm_linear_cox,2345,2,24,24h_predicted_survival_mean,0.940462458070196
official,lstm_linear_cox,2345,2,24,24h_observed_survival_km,0.946025556578541
official,lstm_linear_cox,2345,2,24,24h_ece,0.014332032981165279
official,lstm_linear_cox,2345,2,24,24h_calibration_intercept,0.07984905192787768
official,lstm_linear_cox,2345,2,24,24h_calibration_slope,1.3366190980826784
official,lstm_linear_cox,2345,2,24,48h_threshold,0.1508377061751769
official,lstm_linear_cox,2345,2,24,48h_tp_ipcw,72.45897619207047
official,lstm_linear_cox,2345,2,24,48h_tn_ipcw,1106.8735070571124
official,lstm_linear_cox,2345,2,24,48h_fp_ipcw,34.46552237543105
official,lstm_linear_cox,2345,2,24,48h_fn_ipcw,11.337146249922906
official,lstm_linear_cox,2345,2,24,48h_tss,0.8345081534761243
official,lstm_linear_cox,2345,2,24,48h_hss2,0.7398963277880908
official,lstm_linear_cox,2345,2,24,48h_far,0.32233513214628673
official,lstm_linear_cox,2345,2,24,48h_precision,0.6776648678537133
official,lstm_linear_cox,2345,2,24,48h_recall,0.8647055983077154
official,lstm_linear_cox,2345,2,24,48h_f1,0.7598441721565404
official,lstm_linear_cox,2345,2,24,48h_alert_fraction,0.10010649627263046
official,lstm_linear_cox,2345,2,24,48h_known_count,939.0
official,lstm_linear_cox,2345,2,24,48h_auc,0.9701841792938584
official,lstm_linear_cox,2345,2,24,48h_average_precision,0.7918198574311914
official,lstm_linear_cox,2345,2,24,48h_brier,0.025037237047425803
official,lstm_linear_cox,2345,2,24,48h_km_reference_brier,0.061692278013956325
official,lstm_linear_cox,2345,2,24,48h_bss,0.5941593039932525
official,lstm_linear_cox,2345,2,24,48h_predicted_survival_mean,0.9253874832584777
official,lstm_linear_cox,2345,2,24,48h_observed_survival_km,0.9341837307990893
official,lstm_linear_cox,2345,2,24,48h_ece,0.02151194565352692
official,lstm_linear_cox,2345,2,24,48h_calibration_intercept,-0.03524854933885138
official,lstm_linear_cox,2345,2,24,48h_calibration_slope,1.309287372551355
official,lstm_linear_cox,2345,2,24,72h_threshold,0.14734798121311765
official,lstm_linear_cox,2345,2,24,72h_tp_ipcw,76.26352255252931
official,lstm_linear_cox,2345,2,24,72h_tn_ipcw,1105.5436656347388
official,lstm_linear_cox,2345,2,24,72h_fp_ipcw,49.70427924515856
official,lstm_linear_cox,2345,2,24,72h_fn_ipcw,14.758226017839403
official,lstm_linear_cox,2345,2,24,72h_tss,0.7948356708620214
official,lstm_linear_cox,2345,2,24,72h_hss2,0.6753979651438439
official,lstm_linear_cox,2345,2,24,72h_far,0.39457923799437833
official,lstm_linear_cox,2345,2,24,72h_precision,0.6054207620056217
official,lstm_linear_cox,2345,2,24,72h_recall,0.8378604427003525
official,lstm_linear_cox,2345,2,24,72h_f1,0.7029234580482931
official,lstm_linear_cox,2345,2,24,72h_alert_fraction,0.1223529411764706
official,lstm_linear_cox,2345,2,24,72h_known_count,850.0
official,lstm_linear_cox,2345,2,24,72h_auc,0.9636435953650245
official,lstm_linear_cox,2345,2,24,72h_average_precision,0.7984144146131393
official,lstm_linear_cox,2345,2,24,72h_brier,0.02685802783384944
official,lstm_linear_cox,2345,2,24,72h_km_reference_brier,0.06751678430739513
official,lstm_linear_cox,2345,2,24,72h_bss,0.6022022063200116
official,lstm_linear_cox,2345,2,24,72h_predicted_survival_mean,0.9150926765864991
official,lstm_linear_cox,2345,2,24,72h_observed_survival_km,0.9283200097187064
official,lstm_linear_cox,2345,2,24,72h_ece,0.02045534156311693
official,lstm_linear_cox,2345,2,24,72h_calibration_intercept,-0.24146599036796565
official,lstm_linear_cox,2345,2,24,72h_calibration_slope,1.266351361348697
official,lstm_linear_cox,2345,2,24,144h_threshold,0.20223967297381995
official,lstm_linear_cox,2345,2,24,144h_tp_ipcw,86.69432611830572
official,lstm_linear_cox,2345,2,24,144h_tn_ipcw,1034.1501139013553
official,lstm_linear_cox,2345,2,24,144h_fp_ipcw,49.347412074131064
official,lstm_linear_cox,2345,2,24,144h_fn_ipcw,25.04076929465305
official,lstm_linear_cox,2345,2,24,144h_tss,0.7303470827950931
official,lstm_linear_cox,2345,2,24,144h_hss2,0.6654325956998791
official,lstm_linear_cox,2345,2,24,144h_far,0.36273729467001564
official,lstm_linear_cox,2345,2,24,144h_precision,0.6372627053299844
official,lstm_linear_cox,2345,2,24,144h_recall,0.7758916372505386
official,lstm_linear_cox,2345,2,24,144h_f1,0.6997774961994501
official,lstm_linear_cox,2345,2,24,144h_alert_fraction,0.16666666666666666
official,lstm_linear_cox,2345,2,24,144h_known_count,600.0
official,lstm_linear_cox,2345,2,24,144h_auc,0.9408855453474272
official,lstm_linear_cox,2345,2,24,144h_average_precision,0.8003214630301412
official,lstm_linear_cox,2345,2,24,144h_brier,0.0337884116214957
official,lstm_linear_cox,2345,2,24,144h_km_reference_brier,0.08158930098774504
official,lstm_linear_cox,2345,2,24,144h_bss,0.5858720296357138
official,lstm_linear_cox,2345,2,24,144h_predicted_survival_mean,0.8959295559354059
official,lstm_linear_cox,2345,2,24,144h_observed_survival_km,0.9112654249610479
official,lstm_linear_cox,2345,2,24,144h_ece,0.034576364531811725
official,lstm_linear_cox,2345,2,24,144h_calibration_intercept,-0.4337290098722833
official,lstm_linear_cox,2345,2,24,144h_calibration_slope,1.2086546658321509
official,lstm_linear_cox,2345,2,24,integrated_brier_score,0.027761147334944447
official,lstm_linear_cox,2345,2,24,integrated_auc,0.9612258384875282
official,lstm_linear_cox,2346,2,24,harrell_c_index,0.9431520873620749
official,lstm_linear_cox,2346,2,24,uno_c_index,0.8301182929064915
official,lstm_linear_cox,2346,2,24,event_event_pairs,5777.0
official,lstm_linear_cox,2346,2,24,event_event_fraction,0.054762965561043125
official,lstm_linear_cox,2346,2,24,event_event_c_index,0.6666089665916566
official,lstm_linear_cox,2346,2,24,event_censored_pairs,99714.0
official,lstm_linear_cox,2346,2,24,event_censored_fraction,0.9452370344389569
official,lstm_linear_cox,2346,2,24,event_censored_c_index,0.9591732354533967
official,lstm_linear_cox,2346,2,24,12h_threshold,0.09398467625809293
official,lstm_linear_cox,2346,2,24,12h_tp_ipcw,52.73039581977716
official,lstm_linear_cox,2346,2,24,12h_tn_ipcw,1153.3263635360418
official,lstm_linear_cox,2346,2,24,12h_fp_ipcw,50.05001200250748
official,lstm_linear_cox,2346,2,24,12h_fn_ipcw,6.190995493896699
official,lstm_linear_cox,2346,2,24,12h_tss,0.8533365600088025
official,lstm_linear_cox,2346,2,24,12h_hss2,0.6302528145973475
official,lstm_linear_cox,2346,2,24,12h_far,0.4869606286156002
official,lstm_linear_cox,2346,2,24,12h_precision,0.5130393713843998
official,lstm_linear_cox,2346,2,24,12h_recall,0.8949278800811352
official,lstm_linear_cox,2346,2,24,12h_f1,0.6521930628049668
official,lstm_linear_cox,2346,2,24,12h_alert_fraction,0.08340498710232158
official,lstm_linear_cox,2346,2,24,12h_known_count,1163.0
official,lstm_linear_cox,2346,2,24,12h_auc,0.9787993730501494
official,lstm_linear_cox,2346,2,24,12h_average_precision,0.6132327226935943
official,lstm_linear_cox,2346,2,24,12h_brier,0.023773815182337118
official,lstm_linear_cox,2346,2,24,12h_km_reference_brier,0.04357689317292897
official,lstm_linear_cox,2346,2,24,12h_bss,0.4544398773911218
official,lstm_linear_cox,2346,2,24,12h_predicted_survival_mean,0.958347403455129
official,lstm_linear_cox,2346,2,24,12h_observed_survival_km,0.9541362661402012
official,lstm_linear_cox,2346,2,24,12h_ece,0.018424435777318806
official,lstm_linear_cox,2346,2,24,12h_calibration_intercept,0.7166266802381893
official,lstm_linear_cox,2346,2,24,12h_calibration_slope,1.4209392442713777
official,lstm_linear_cox,2346,2,24,24h_threshold,0.13954237903353717
official,lstm_linear_cox,2346,2,24,24h_tp_ipcw,59.52477162791103
official,lstm_linear_cox,2346,2,24,24h_tn_ipcw,1135.5473689026098
official,lstm_linear_cox,2346,2,24,24h_fp_ipcw,45.60900863769493
official,lstm_linear_cox,2346,2,24,24h_fn_ipcw,9.59182435903917
official,lstm_linear_cox,2346,2,24,24h_tss,0.8226086970736244
official,lstm_linear_cox,2346,2,24,24h_hss2,0.6605668691330147
official,lstm_linear_cox,2346,2,24,24h_far,0.43381878329182183
official,lstm_linear_cox,2346,2,24,24h_precision,0.5661812167081781
official,lstm_linear_cox,2346,2,24,24h_recall,0.8612225584597628
official,lstm_linear_cox,2346,2,24,24h_f1,0.6832096768805437
official,lstm_linear_cox,2346,2,24,24h_alert_fraction,0.08921933085501858
official,lstm_linear_cox,2346,2,24,24h_known_count,1076.0
official,lstm_linear_cox,2346,2,24,24h_auc,0.9731942028099615
official,lstm_linear_cox,2346,2,24,24h_average_precision,0.6500064944495247
official,lstm_linear_cox,2346,2,24,24h_brier,0.02558557755792344
official,lstm_linear_cox,2346,2,24,24h_km_reference_brier,0.05125594252633338
official,lstm_linear_cox,2346,2,24,24h_bss,0.500827098345162
official,lstm_linear_cox,2346,2,24,24h_predicted_survival_mean,0.9426678069879442
official,lstm_linear_cox,2346,2,24,24h_observed_survival_km,0.946025556578541
official,lstm_linear_cox,2346,2,24,24h_ece,0.01589953677156975
official,lstm_linear_cox,2346,2,24,24h_calibration_intercept,0.1632149618909121
official,lstm_linear_cox,2346,2,24,24h_calibration_slope,1.3056344249462526
official,lstm_linear_cox,2346,2,24,48h_threshold,0.09231701125882719
official,lstm_linear_cox,2346,2,24,48h_tp_ipcw,72.45897619207047
official,lstm_linear_cox,2346,2,24,48h_tn_ipcw,1073.7335816961208
official,lstm_linear_cox,2346,2,24,48h_fp_ipcw,67.60544773642243
official,lstm_linear_cox,2346,2,24,48h_fn_ipcw,11.337146249922906
official,lstm_linear_cox,2346,2,24,48h_tss,0.8054721488303636
official,lstm_linear_cox,2346,2,24,48h_hss2,0.6143506517072008
official,lstm_linear_cox,2346,2,24,48h_far,0.4826739427489243
official,lstm_linear_cox,2346,2,24,48h_precision,0.5173260572510758
official,lstm_linear_cox,2346,2,24,48h_recall,0.8647055983077154
official,lstm_linear_cox,2346,2,24,48h_f1,0.6473581644185913
official,lstm_linear_cox,2346,2,24,48h_alert_fraction,0.12673056443024494
official,lstm_linear_cox,2346,2,24,48h_known_count,939.0
official,lstm_linear_cox,2346,2,24,48h_auc,0.9684650430246736
official,lstm_linear_cox,2346,2,24,48h_average_precision,0.7438185404893403
official,lstm_linear_cox,2346,2,24,48h_brier,0.026487123278599815
official,lstm_linear_cox,2346,2,24,48h_km_reference_brier,0.061692278013956325
official,lstm_linear_cox,2346,2,24,48h_bss,0.5706573961718877
official,lstm_linear_cox,2346,2,24,48h_predicted_survival_mean,0.9279556376631939
official,lstm_linear_cox,2346,2,24,48h_observed_survival_km,0.9341837307990893
official,lstm_linear_cox,2346,2,24,48h_ece,0.021592082439956122
official,lstm_linear_cox,2346,2,24,48h_calibration_intercept,0.06297447268824015
official,lstm_linear_cox,2346,2,24,48h_calibration_slope,1.2844208877517953
official,lstm_linear_cox,2346,2,24,72h_threshold,0.11696004412732397
official,lstm_linear_cox,2346,2,24,72h_tp_ipcw,75.24742237087519
official,lstm_linear_cox,2346,2,24,72h_tn_ipcw,1114.5808073156766
official,lstm_linear_cox,2346,2,24,72h_fp_ipcw,40.66713756422064
official,lstm_linear_cox,2346,2,24,72h_fn_ipcw,15.774326199493538
official,lstm_linear_cox,2346,2,24,72h_tss,0.7914950885570455
official,lstm_linear_cox,2346,2,24,72h_hss2,0.702946835275682
official,lstm_linear_cox,2346,2,24,72h_far,0.3508371820329684
official,lstm_linear_cox,2346,2,24,72h_precision,0.6491628179670316
official,lstm_linear_cox,2346,2,24,72h_recall,0.8266971746065893
official,lstm_linear_cox,2346,2,24,72h_f1,0.7272520024574435
official,lstm_linear_cox,2346,2,24,72h_alert_fraction,0.11411764705882353
official,lstm_linear_cox,2346,2,24,72h_known_count,850.0
official,lstm_linear_cox,2346,2,24,72h_auc,0.9623107312067493
official,lstm_linear_cox,2346,2,24,72h_average_precision,0.7722475290455413
official,lstm_linear_cox,2346,2,24,72h_brier,0.027812904920734138
official,lstm_linear_cox,2346,2,24,72h_km_reference_brier,0.06751678430739513
official,lstm_linear_cox,2346,2,24,72h_bss,0.5880593958073359
official,lstm_linear_cox,2346,2,24,72h_predicted_survival_mean,0.9177318180674233
official,lstm_linear_cox,2346,2,24,72h_observed_survival_km,0.9283200097187064
official,lstm_linear_cox,2346,2,24,72h_ece,0.016744063781763855
official,lstm_linear_cox,2346,2,24,72h_calibration_intercept,-0.11690089763488544
official,lstm_linear_cox,2346,2,24,72h_calibration_slope,1.2609454027596334
official,lstm_linear_cox,2346,2,24,144h_threshold,0.15063668194227164
official,lstm_linear_cox,2346,2,24,144h_tp_ipcw,92.27319816183262
official,lstm_linear_cox,2346,2,24,144h_tn_ipcw,986.9482414826211
official,lstm_linear_cox,2346,2,24,144h_fp_ipcw,96.54928449286514
official,lstm_linear_cox,2346,2,24,144h_fn_ipcw,19.461897251126135
official,lstm_linear_cox,2346,2,24,144h_tss,0.7367121780049519
official,lstm_linear_cox,2346,2,24,144h_hss2,0.5626408729672387
official,lstm_linear_cox,2346,2,24,144h_far,0.5113230328055062
official,lstm_linear_cox,2346,2,24,144h_precision,0.4886769671944939
official,lstm_linear_cox,2346,2,24,144h_recall,0.8258210888960409
official,lstm_linear_cox,2346,2,24,144h_f1,0.6140134529634892
official,lstm_linear_cox,2346,2,24,144h_alert_fraction,0.21
official,lstm_linear_cox,2346,2,24,144h_known_count,600.0
official,lstm_linear_cox,2346,2,24,144h_auc,0.945098160750337
official,lstm_linear_cox,2346,2,24,144h_average_precision,0.7923982665275083
official,lstm_linear_cox,2346,2,24,144h_brier,0.03329590980780914
official,lstm_linear_cox,2346,2,24,144h_km_reference_brier,0.08158930098774504
official,lstm_linear_cox,2346,2,24,144h_bss,0.591908382536452
official,lstm_linear_cox,2346,2,24,144h_predicted_survival_mean,0.8982080583912483
official,lstm_linear_cox,2346,2,24,144h_observed_survival_km,0.9112654249610479
official,lstm_linear_cox,2346,2,24,144h_ece,0.028267811039492195
official,lstm_linear_cox,2346,2,24,144h_calibration_intercept,-0.24563860215044808
official,lstm_linear_cox,2346,2,24,144h_calibration_slope,1.2276416452546492
official,lstm_linear_cox,2346,2,24,integrated_brier_score,0.028579897235601573
official,lstm_linear_cox,2346,2,24,integrated_auc,0.9609689530788521
official,lstm_linear_cox,2347,2,24,harrell_c_index,0.9487733667007925
official,lstm_linear_cox,2347,2,24,uno_c_index,0.835919704994572
official,lstm_linear_cox,2347,2,24,event_event_pairs,5777.0
official,lstm_linear_cox,2347,2,24,event_event_fraction,0.054762965561043125
official,lstm_linear_cox,2347,2,24,event_event_c_index,0.6695516704171716
official,lstm_linear_cox,2347,2,24,event_censored_pairs,99714.0
official,lstm_linear_cox,2347,2,24,event_censored_fraction,0.9452370344389569
official,lstm_linear_cox,2347,2,24,event_censored_c_index,0.9649497563030267
official,lstm_linear_cox,2347,2,24,12h_threshold,0.09330059745972108
official,lstm_linear_cox,2347,2,24,12h_tp_ipcw,53.7379640725085
official,lstm_linear_cox,2347,2,24,12h_tn_ipcw,1154.4144072752265
official,lstm_linear_cox,2347,2,24,12h_fp_ipcw,48.96196826332253
official,lstm_linear_cox,2347,2,24,12h_fn_ipcw,5.183427241165364
official,lstm_linear_cox,2347,2,24,12h_tss,0.8713409306305122
official,lstm_linear_cox,2347,2,24,12h_hss2,0.6438592345514608
official,lstm_linear_cox,2347,2,24,12h_far,0.4767478142362921
official,lstm_linear_cox,2347,2,24,12h_precision,0.523252185763708
official,lstm_linear_cox,2347,2,24,12h_recall,0.9120280915708376
official,lstm_linear_cox,2347,2,24,12h_f1,0.6649860656882836
official,lstm_linear_cox,2347,2,24,12h_alert_fraction,0.08340498710232158
official,lstm_linear_cox,2347,2,24,12h_known_count,1163.0
official,lstm_linear_cox,2347,2,24,12h_auc,0.9818252088887977
official,lstm_linear_cox,2347,2,24,12h_average_precision,0.6651888507353799
official,lstm_linear_cox,2347,2,24,12h_brier,0.0230516372140545
official,lstm_linear_cox,2347,2,24,12h_km_reference_brier,0.04357689317292897
official,lstm_linear_cox,2347,2,24,12h_bss,0.471012375238014
official,lstm_linear_cox,2347,2,24,12h_predicted_survival_mean,0.956787835131754
official,lstm_linear_cox,2347,2,24,12h_observed_survival_km,0.9541362661402012
official,lstm_linear_cox,2347,2,24,12h_ece,0.01985473484288919
official,lstm_linear_cox,2347,2,24,12h_calibration_intercept,0.6895358650335128
official,lstm_linear_cox,2347,2,24,12h_calibration_slope,1.4601321908753118
official,lstm_linear_cox,2347,2,24,24h_threshold,0.10690206624788923
official,lstm_linear_cox,2347,2,24,24h_tp_ipcw,61.54375529892246
official,lstm_linear_cox,2347,2,24,24h_tn_ipcw,1130.8695218628463
official,lstm_linear_cox,2347,2,24,24h_fp_ipcw,50.28685567745852
official,lstm_linear_cox,2347,2,24,24h_fn_ipcw,7.572840688027735
official,lstm_linear_cox,2347,2,24,24h_tss,0.8478595728303429
official,lstm_linear_cox,2347,2,24,24h_hss2,0.6567879609911512
official,lstm_linear_cox,2347,2,24,24h_far,0.44966986443523305
official,lstm_linear_cox,2347,2,24,24h_precision,0.550330135564767
official,lstm_linear_cox,2347,2,24,24h_recall,0.8904338302560856
official,lstm_linear_cox,2347,2,24,24h_f1,0.6802399034696817
official,lstm_linear_cox,2347,2,24,24h_alert_fraction,0.09479553903345725
official,lstm_linear_cox,2347,2,24,24h_known_count,1076.0
official,lstm_linear_cox,2347,2,24,24h_auc,0.9778418496671233
official,lstm_linear_cox,2347,2,24,24h_average_precision,0.7001142278423417
official,lstm_linear_cox,2347,2,24,24h_brier,0.024975348908607257
official,lstm_linear_cox,2347,2,24,24h_km_reference_brier,0.05125594252633338
official,lstm_linear_cox,2347,2,24,24h_bss,0.5127326183539429
official,lstm_linear_cox,2347,2,24,24h_predicted_survival_mean,0.9407119869440899
official,lstm_linear_cox,2347,2,24,24h_observed_survival_km,0.946025556578541
official,lstm_linear_cox,2347,2,24,24h_ece,0.016315126039895936
official,lstm_linear_cox,2347,2,24,24h_calibration_intercept,0.12512785131736046
official,lstm_linear_cox,2347,2,24,24h_calibration_slope,1.3428729772012713
official,lstm_linear_cox,2347,2,24,48h_threshold,0.14515756554317538
official,lstm_linear_cox,2347,2,24,48h_tp_ipcw,72.45897619207047
official,lstm_linear_cox,2347,2,24,48h_tn_ipcw,1102.8967160137934
official,lstm_linear_cox,2347,2,24,48h_fp_ipcw,38.442313418750025
official,lstm_linear_cox,2347,2,24,48h_fn_ipcw,11.337146249922906
official,lstm_linear_cox,2347,2,24,48h_tss,0.8310238329186328
official,lstm_linear_cox,2347,2,24,48h_hss2,0.7227183199996127
official,lstm_linear_cox,2347,2,24,48h_far,0.34663540481497934
official,lstm_linear_cox,2347,2,24,48h_precision,0.6533645951850207
official,lstm_linear_cox,2347,2,24,48h_recall,0.8647055983077154
official,lstm_linear_cox,2347,2,24,48h_f1,0.7443239787123124
official,lstm_linear_cox,2347,2,24,48h_alert_fraction,0.1033013844515442
official,lstm_linear_cox,2347,2,24,48h_known_count,939.0
official,lstm_linear_cox,2347,2,24,48h_auc,0.9719245761274773
official,lstm_linear_cox,2347,2,24,48h_average_precision,0.7662191441826901
official,lstm_linear_cox,2347,2,24,48h_brier,0.02615881231980643
official,lstm_linear_cox,2347,2,24,48h_km_reference_brier,0.061692278013956325
official,lstm_linear_cox,2347,2,24,48h_bss,0.5759791474406464
official,lstm_linear_cox,2347,2,24,48h_predicted_survival_mean,0.9257289531455019
official,lstm_linear_cox,2347,2,24,48h_observed_survival_km,0.9341837307990893
official,lstm_linear_cox,2347,2,24,48h_ece,0.023464670093818838
official,lstm_linear_cox,2347,2,24,48h_calibration_intercept,0.005576419941828783
official,lstm_linear_cox,2347,2,24,48h_calibration_slope,1.3155108562720073
official,lstm_linear_cox,2347,2,24,72h_threshold,0.1744415652372665
official,lstm_linear_cox,2347,2,24,72h_tp_ipcw,75.24742237087519
official,lstm_linear_cox,2347,2,24,72h_tn_ipcw,1120.6055684363018
official,lstm_linear_cox,2347,2,24,72h_fp_ipcw,34.64237644359537
official,lstm_linear_cox,2347,2,24,72h_fn_ipcw,15.774326199493538
official,lstm_linear_cox,2347,2,24,72h_tss,0.7967102124162373
official,lstm_linear_cox,2347,2,24,72h_hss2,0.7272706966248074
official,lstm_linear_cox,2347,2,24,72h_far,0.3152465180328784
official,lstm_linear_cox,2347,2,24,72h_precision,0.6847534819671216
official,lstm_linear_cox,2347,2,24,72h_recall,0.8266971746065893
official,lstm_linear_cox,2347,2,24,72h_f1,0.7490602043569082
official,lstm_linear_cox,2347,2,24,72h_alert_fraction,0.10941176470588235
official,lstm_linear_cox,2347,2,24,72h_known_count,850.0
official,lstm_linear_cox,2347,2,24,72h_auc,0.9669394414114618
official,lstm_linear_cox,2347,2,24,72h_average_precision,0.7909417103557611
official,lstm_linear_cox,2347,2,24,72h_brier,0.02761398043235558
official,lstm_linear_cox,2347,2,24,72h_km_reference_brier,0.06751678430739513
official,lstm_linear_cox,2347,2,24,72h_bss,0.5910056926492127
official,lstm_linear_cox,2347,2,24,72h_predicted_survival_mean,0.9154723831708453
official,lstm_linear_cox,2347,2,24,72h_observed_survival_km,0.9283200097187064
official,lstm_linear_cox,2347,2,24,72h_ece,0.020012006944113935
official,lstm_linear_cox,2347,2,24,72h_calibration_intercept,-0.17292745351983113
official,lstm_linear_cox,2347,2,24,72h_calibration_slope,1.2951764689990801
official,lstm_linear_cox,2347,2,24,144h_threshold,0.2990912453222735
official,lstm_linear_cox,2347,2,24,144h_tp_ipcw,81.54062231465278
official,lstm_linear_cox,2347,2,24,144h_tn_ipcw,1062.0421294215166
official,lstm_linear_cox,2347,2,24,144h_fp_ipcw,21.45539655397003
official,lstm_linear_cox,2347,2,24,144h_fn_ipcw,30.194473098305988
official,lstm_linear_cox,2347,2,24,144h_tss,0.7099653504091539
official,lstm_linear_cox,2347,2,24,144h_hss2,0.7357713691558375
official,lstm_linear_cox,2347,2,24,144h_far,0.2083128725716825
official,lstm_linear_cox,2347,2,24,144h_precision,0.7916871274283175
official,lstm_linear_cox,2347,2,24,144h_recall,0.7297673306071737
official,lstm_linear_cox,2347,2,24,144h_f1,0.7594672303309224
official,lstm_linear_cox,2347,2,24,144h_alert_fraction,0.13833333333333334
official,lstm_linear_cox,2347,2,24,144h_known_count,600.0
official,lstm_linear_cox,2347,2,24,144h_auc,0.9510983986571235
official,lstm_linear_cox,2347,2,24,144h_average_precision,0.8136135498461496
official,lstm_linear_cox,2347,2,24,144h_brier,0.03327404061268198
official,lstm_linear_cox,2347,2,24,144h_km_reference_brier,0.08158930098774504
official,lstm_linear_cox,2347,2,24,144h_bss,0.5921764225228521
official,lstm_linear_cox,2347,2,24,144h_predicted_survival_mean,0.8960936185545996
official,lstm_linear_cox,2347,2,24,144h_observed_survival_km,0.9112654249610479
official,lstm_linear_cox,2347,2,24,144h_ece,0.03275942456137771
official,lstm_linear_cox,2347,2,24,144h_calibration_intercept,-0.2943188849034409
official,lstm_linear_cox,2347,2,24,144h_calibration_slope,1.2902250573306417
official,lstm_linear_cox,2347,2,24,integrated_brier_score,0.028325864561547204
official,lstm_linear_cox,2347,2,24,integrated_auc,0.965688862983387
official,no_connector,2345,2,24,harrell_c_index,0.9112444545557957
official,no_connector,2345,2,24,uno_c_index,0.801518453989501
official,no_connector,2345,2,24,event_event_pairs,5777.0
official,no_connector,2345,2,24,event_event_fraction,0.054762965561043125
official,no_connector,2345,2,24,event_event_c_index,0.6404708326120824
official,no_connector,2345,2,24,event_censored_pairs,99714.0
official,no_connector,2345,2,24,event_censored_fraction,0.9452370344389569
official,no_connector,2345,2,24,event_censored_c_index,0.9269310227249935
official,no_connector,2345,2,24,12h_threshold,0.05700465538609367
official,no_connector,2345,2,24,12h_tp_ipcw,55.79409496587727
official,no_connector,2345,2,24,12h_tn_ipcw,1144.622013622562
official,no_connector,2345,2,24,12h_fp_ipcw,58.75436191598704
official,no_connector,2345,2,24,12h_fn_ipcw,3.1272963477965785
official,no_connector,2345,2,24,12h_tss,0.898099668534948
official,no_connector,2345,2,24,12h_hss2,0.6198356969352978
official,no_connector,2345,2,24,12h_far,0.512921461496259
official,no_connector,2345,2,24,12h_precision,0.48707853850374105
official,no_connector,2345,2,24,12h_recall,0.9469242616633388
official,no_connector,2345,2,24,12h_f1,0.6432713874630849
official,no_connector,2345,2,24,12h_alert_fraction,0.09286328460877043
official,no_connector,2345,2,24,12h_known_count,1163.0
official,no_connector,2345,2,24,12h_auc,0.963232035701541
official,no_connector,2345,2,24,12h_average_precision,0.6050211505445692
official,no_connector,2345,2,24,12h_brier,0.024749663935437337
official,no_connector,2345,2,24,12h_km_reference_brier,0.04357689317292897
official,no_connector,2345,2,24,12h_bss,0.43204615718652395
official,no_connector,2345,2,24,12h_predicted_survival_mean,0.9576651954108857
official,no_connector,2345,2,24,12h_observed_survival_km,0.9541362661402012
official,no_connector,2345,2,24,12h_ece,0.022854820839976496
official,no_connector,2345,2,24,12h_calibration_intercept,0.9630764070745956
official,no_connector,2345,2,24,12h_calibration_slope,1.6009799429043812
official,no_connector,2345,2,24,24h_threshold,0.08439438752624484
official,no_connector,2345,2,24,24h_tp_ipcw,62.58847077401114
official,no_connector,2345,2,24,24h_tn_ipcw,1126.1916748230826
official,no_connector,2345,2,24,24h_fp_ipcw,54.964702717222096
official,no_connector,2345,2,24,24h_fn_ipcw,6.528125212939051
official,no_connector,2345,2,24,24h_tss,0.8590144390540302
official,no_connector,2345,2,24,24h_hss2,0.645927138258431
official,no_connector,2345,2,24,24h_far,0.4675731082778569
official,no_connector,2345,2,24,24h_precision,0.5324268917221431
official,no_connector,2345,2,24,24h_recall,0.9055490925193768
official,no_connector,2345,2,24,24h_f1,0.6705796117814996
official,no_connector,2345,2,24,24h_alert_fraction,0.09944237918215613
official,no_connector,2345,2,24,24h_known_count,1076.0
official,no_connector,2345,2,24,24h_auc,0.9519700692377971
official,no_connector,2345,2,24,24h_average_precision,0.6256077588083601
official,no_connector,2345,2,24,24h_brier,0.026174629719349838
official,no_connector,2345,2,24,24h_km_reference_brier,0.05125594252633338
official,no_connector,2345,2,24,24h_bss,0.4893347301944102
official,no_connector,2345,2,24,24h_predicted_survival_mean,0.9409030515081067
official,no_connector,2345,2,24,24h_observed_survival_km,0.946025556578541
official,no_connector,2345,2,24,24h_ece,0.020491370236226283
official,no_connector,2345,2,24,24h_calibration_intercept,0.3116485242435614
official,no_connector,2345,2,24,24h_calibration_slope,1.4256039772085867
official,no_connector,2345,2,24,48h_threshold,0.11374912104504287
official,no_connector,2345,2,24,48h_tp_ipcw,73.50369166715913
official,no_connector,2345,2,24,48h_tn_ipcw,1098.9199249704745
official,no_connector,2345,2,24,48h_fp_ipcw,42.41910446206898
official,no_connector,2345,2,24,48h_fn_ipcw,10.292430774834223
official,no_connector,2345,2,24,48h_tss,0.8400068610241047
official,no_connector,2345,2,24,48h_hss2,0.7133081100210871
official,no_connector,2345,2,24,48h_far,0.36592547694226696
official,no_connector,2345,2,24,48h_precision,0.6340745230577329
official,no_connector,2345,2,24,48h_recall,0.8771729469706786
official,no_connector,2345,2,24,48h_f1,0.7360713966708876
official,no_connector,2345,2,24,48h_alert_fraction,0.10756123535676251
official,no_connector,2345,2,24,48h_known_count,939.0
official,no_connector,2345,2,24,48h_auc,0.9474745609338517
official,no_connector,2345,2,24,48h_average_precision,0.7124612616262704
official,no_connector,2345,2,24,48h_brier,0.0265768884956059
official,no_connector,2345,2,24,48h_km_reference_brier,0.061692278013956325
official,no_connector,2345,2,24,48h_bss,0.5692023483134543
official,no_connector,2345,2,24,48h_predicted_survival_mean,0.9248734970062077
official,no_connector,2345,2,24,48h_observed_survival_km,0.9341837307990893
official,no_connector,2345,2,24,48h_ece,0.02515493431814374
official,no_connector,2345,2,24,48h_calibration_intercept,0.15721190960103815
official,no_connector,2345,2,24,48h_calibration_slope,1.3790697688317983
official,no_connector,2345,2,24,72h_threshold,0.13650830275329795
official,no_connector,2345,2,24,72h_tp_ipcw,76.29213784596385
official,no_connector,2345,2,24,72h_tn_ipcw,1114.5808073156766
official,no_connector,2345,2,24,72h_fp_ipcw,40.66713756422064
official,no_connector,2345,2,24,72h_fn_ipcw,14.729610724404855
official,no_connector,2345,2,24,72h_tss,0.8029727352898044
official,no_connector,2345,2,24,72h_hss2,0.7098077213461609
official,no_connector,2345,2,24,72h_far,0.3477033986539169
official,no_connector,2345,2,24,72h_precision,0.6522966013460831
official,no_connector,2345,2,24,72h_recall,0.8381748213393481
official,no_connector,2345,2,24,72h_f1,0.7336451796015524
official,no_connector,2345,2,24,72h_alert_fraction,0.11529411764705882
official,no_connector,2345,2,24,72h_known_count,850.0
official,no_connector,2345,2,24,72h_auc,0.9253752955795999
official,no_connector,2345,2,24,72h_average_precision,0.7488541028117105
official,no_connector,2345,2,24,72h_brier,0.02847390226454957
official,no_connector,2345,2,24,72h_km_reference_brier,0.06751678430739513
official,no_connector,2345,2,24,72h_bss,0.5782692769413958
official,no_connector,2345,2,24,72h_predicted_survival_mean,0.913563756055375
official,no_connector,2345,2,24,72h_observed_survival_km,0.9283200097187064
official,no_connector,2345,2,24,72h_ece,0.02166873065132254
official,no_connector,2345,2,24,72h_calibration_intercept,-0.07586319511568772
official,no_connector,2345,2,24,72h_calibration_slope,1.2952408398696258
official,no_connector,2345,2,24,144h_threshold,0.18650760697755653
official,no_connector,2345,2,24,144h_tp_ipcw,84.79484126831748
official,no_connector,2345,2,24,144h_tn_ipcw,1049.1688914891345
official,no_connector,2345,2,24,144h_fp_ipcw,34.32863448635205
official,no_connector,2345,2,24,144h_fn_ipcw,26.940254144641294
official,no_connector,2345,2,24,144h_tss,0.7272085742903274
official,no_connector,2345,2,24,144h_hss2,0.7062659971950973
official,no_connector,2345,2,24,144h_far,0.28817690441681393
official,no_connector,2345,2,24,144h_precision,0.7118230955831861
official,no_connector,2345,2,24,144h_recall,0.7588917426071592
official,no_connector,2345,2,24,144h_f1,0.7346042283762317
official,no_connector,2345,2,24,144h_alert_fraction,0.15333333333333332
official,no_connector,2345,2,24,144h_known_count,600.0
official,no_connector,2345,2,24,144h_auc,0.8966051915570624
official,no_connector,2345,2,24,144h_average_precision,0.7625312387157156
official,no_connector,2345,2,24,144h_brier,0.03471204339316095
official,no_connector,2345,2,24,144h_km_reference_brier,0.08158930098774504
official,no_connector,2345,2,24,144h_bss,0.574551528534669
official,no_connector,2345,2,24,144h_predicted_survival_mean,0.891307925763729
official,no_connector,2345,2,24,144h_observed_survival_km,0.9112654249610479
official,no_connector,2345,2,24,144h_ece,0.032445217024031615
official,no_connector,2345,2,24,144h_calibration_intercept,-0.2926376544564399
official,no_connector,2345,2,24,144h_calibration_slope,1.167244342178017
official,no_connector,2345,2,24,integrated_brier_score,0.029347481161421485
official,no_connector,2345,2,24,integrated_auc,0.9268942727786142
official,no_connector,2346,2,24,harrell_c_index,0.9102965153755735
official,no_connector,2346,2,24,uno_c_index,0.797525596796939
official,no_connector,2346,2,24,event_event_pairs,5777.0
official,no_connector,2346,2,24,event_event_fraction,0.054762965561043125
official,no_connector,2346,2,24,event_event_c_index,0.6453176389129306
official,no_connector,2346,2,24,event_censored_pairs,99714.0
official,no_connector,2346,2,24,event_censored_fraction,0.9452370344389569
official,no_connector,2346,2,24,event_censored_c_index,0.9256473514250757
official,no_connector,2346,2,24,12h_threshold,0.06375483137435867
official,no_connector,2346,2,24,12h_tp_ipcw,55.79409496587727
official,no_connector,2346,2,24,12h_tn_ipcw,1148.9741885793019
official,no_connector,2346,2,24,12h_fp_ipcw,54.40218695924725
official,no_connector,2346,2,24,12h_fn_ipcw,3.1272963477965785
official,no_connector,2346,2,24,12h_tss,0.9017163050629771
official,no_connector,2346,2,24,12h_hss2,0.6377925725557204
official,no_connector,2346,2,24,12h_far,0.4936844148354489
official,no_connector,2346,2,24,12h_precision,0.5063155851645511
official,no_connector,2346,2,24,12h_recall,0.9469242616633388
official,no_connector,2346,2,24,12h_f1,0.6598257165836785
official,no_connector,2346,2,24,12h_alert_fraction,0.08942390369733448
official,no_connector,2346,2,24,12h_known_count,1163.0
official,no_connector,2346,2,24,12h_auc,0.9645066870279679
official,no_connector,2346,2,24,12h_average_precision,0.6345485229413678
official,no_connector,2346,2,24,12h_brier,0.02465861007573269
official,no_connector,2346,2,24,12h_km_reference_brier,0.04357689317292897
official,no_connector,2346,2,24,12h_bss,0.43413565584222924
official,no_connector,2346,2,24,12h_predicted_survival_mean,0.9570516828314467
official,no_connector,2346,2,24,12h_observed_survival_km,0.9541362661402012
official,no_connector,2346,2,24,12h_ece,0.024255529947466964
official,no_connector,2346,2,24,12h_calibration_intercept,0.9956044095223323
official,no_connector,2346,2,24,12h_calibration_slope,1.6206694606363636
official,no_connector,2346,2,24,24h_threshold,0.09415229002506154
official,no_connector,2346,2,24,24h_tp_ipcw,62.58847077401114
official,no_connector,2346,2,24,24h_tn_ipcw,1130.8695218628463
official,no_connector,2346,2,24,24h_fp_ipcw,50.28685567745852
official,no_connector,2346,2,24,24h_fn_ipcw,6.528125212939051
official,no_connector,2346,2,24,24h_tss,0.8629748350936342
official,no_connector,2346,2,24,24h_hss2,0.6648324063539488
official,no_connector,2346,2,24,24h_far,0.445507953406267
official,no_connector,2346,2,24,24h_precision,0.5544920465937331
official,no_connector,2346,2,24,24h_recall,0.9055490925193768
official,no_connector,2346,2,24,24h_f1,0.6878159199091822
official,no_connector,2346,2,24,24h_alert_fraction,0.09572490706319703
official,no_connector,2346,2,24,24h_known_count,1076.0
official,no_connector,2346,2,24,24h_auc,0.9527269263914265
official,no_connector,2346,2,24,24h_average_precision,0.6500089086433183
official,no_connector,2346,2,24,24h_brier,0.026113281677695256
official,no_connector,2346,2,24,24h_km_reference_brier,0.05125594252633338
official,no_connector,2346,2,24,24h_bss,0.4905316263713376
official,no_connector,2346,2,24,24h_predicted_survival_mean,0.9400043134024582
official,no_connector,2346,2,24,24h_observed_survival_km,0.946025556578541
official,no_connector,2346,2,24,24h_ece,0.022407710280617443
official,no_connector,2346,2,24,24h_calibration_intercept,0.33618810110191316
official,no_connector,2346,2,24,24h_calibration_slope,1.4476236517049048
official,no_connector,2346,2,24,48h_threshold,0.12649953516078738
official,no_connector,2346,2,24,48h_tp_ipcw,73.50369166715913
official,no_connector,2346,2,24,48h_tn_ipcw,1104.2223130282332
official,no_connector,2346,2,24,48h_fp_ipcw,37.11671640431037
official,no_connector,2346,2,24,48h_fn_ipcw,10.292430774834223
official,no_connector,2346,2,24,48h_tss,0.8446526217674264
official,no_connector,2346,2,24,48h_hss2,0.73556430941214
official,no_connector,2346,2,24,48h_far,0.33553226797292274
official,no_connector,2346,2,24,48h_precision,0.6644677320270773
official,no_connector,2346,2,24,48h_recall,0.8771729469706786
official,no_connector,2346,2,24,48h_f1,0.7561465218315805
official,no_connector,2346,2,24,48h_alert_fraction,0.1033013844515442
official,no_connector,2346,2,24,48h_known_count,939.0
official,no_connector,2346,2,24,48h_auc,0.9478090033059267
official,no_connector,2346,2,24,48h_average_precision,0.7237686045314463
official,no_connector,2346,2,24,48h_brier,0.02660167522947778
official,no_connector,2346,2,24,48h_km_reference_brier,0.061692278013956325
official,no_connector,2346,2,24,48h_bss,0.5688005681446904
official,no_connector,2346,2,24,48h_predicted_survival_mean,0.9236818580034417
official,no_connector,2346,2,24,48h_observed_survival_km,0.9341837307990893
official,no_connector,2346,2,24,48h_ece,0.02727899007623834
official,no_connector,2346,2,24,48h_calibration_intercept,0.17863042705932528
official,no_connector,2346,2,24,48h_calibration_slope,1.4047365753833352
official,no_connector,2346,2,24,72h_threshold,0.1514117973876099
official,no_connector,2346,2,24,72h_tp_ipcw,76.29213784596385
official,no_connector,2346,2,24,72h_tn_ipcw,1120.6055684363018
official,no_connector,2346,2,24,72h_fp_ipcw,34.64237644359537
official,no_connector,2346,2,24,72h_fn_ipcw,14.729610724404855
official,no_connector,2346,2,24,72h_tss,0.8081878591489962
official,no_connector,2346,2,24,72h_hss2,0.7342047862288952
official,no_connector,2346,2,24,72h_far,0.31227771325678205
official,no_connector,2346,2,24,72h_precision,0.6877222867432179
official,no_connector,2346,2,24,72h_recall,0.8381748213393481
official,no_connector,2346,2,24,72h_f1,0.7555312894542743
official,no_connector,2346,2,24,72h_alert_fraction,0.11058823529411765
official,no_connector,2346,2,24,72h_known_count,850.0
official,no_connector,2346,2,24,72h_auc,0.9251609081535618
official,no_connector,2346,2,24,72h_average_precision,0.7527643937301165
official,no_connector,2346,2,24,72h_brier,0.028431176351425638
official,no_connector,2346,2,24,72h_km_reference_brier,0.06751678430739513
official,no_connector,2346,2,24,72h_bss,0.5789020960775888
official,no_connector,2346,2,24,72h_predicted_survival_mean,0.9121448344911237
official,no_connector,2346,2,24,72h_observed_survival_km,0.9283200097187064
official,no_connector,2346,2,24,72h_ece,0.023752576408044363
official,no_connector,2346,2,24,72h_calibration_intercept,-0.05284873923965242
official,no_connector,2346,2,24,72h_calibration_slope,1.3247462577290468
official,no_connector,2346,2,24,144h_threshold,0.1391569275057487
official,no_connector,2346,2,24,144h_tp_ipcw,84.79484126831748
official,no_connector,2346,2,24,144h_tn_ipcw,1047.0233518337373
official,no_connector,2346,2,24,144h_fp_ipcw,36.47417414174905
official,no_connector,2346,2,24,144h_fn_ipcw,26.940254144641294
official,no_connector,2346,2,24,144h_tss,0.7252283762705254
official,no_connector,2346,2,24,144h_hss2,0.6985013088976195
official,no_connector,2346,2,24,144h_far,0.3007707617515738
official,no_connector,2346,2,24,144h_precision,0.6992292382484262
official,no_connector,2346,2,24,144h_recall,0.7588917426071592
official,no_connector,2346,2,24,144h_f1,0.7278398734580448
official,no_connector,2346,2,24,144h_alert_fraction,0.155
official,no_connector,2346,2,24,144h_known_count,600.0
official,no_connector,2346,2,24,144h_auc,0.8942280780744961
official,no_connector,2346,2,24,144h_average_precision,0.7632715470604696
official,no_connector,2346,2,24,144h_brier,0.03441140267257372
official,no_connector,2346,2,24,144h_km_reference_brier,0.08158930098774504
official,no_connector,2346,2,24,144h_bss,0.5782363342254591
official,no_connector,2346,2,24,144h_predicted_survival_mean,0.8893071245864772
official,no_connector,2346,2,24,144h_observed_survival_km,0.9112654249610479
official,no_connector,2346,2,24,144h_ece,0.03387530314330737
official,no_connector,2346,2,24,144h_calibration_intercept,-0.25785082755291744
official,no_connector,2346,2,24,144h_calibration_slope,1.2026010992586376
official,no_connector,2346,2,24,integrated_brier_score,0.02924195376698077
official,no_connector,2346,2,24,integrated_auc,0.9263899642318829
official,no_connector,2347,2,24,harrell_c_index,0.9160599855913245
official,no_connector,2347,2,24,uno_c_index,0.8024728572747941
official,no_connector,2347,2,24,event_event_pairs,5777.0
official,no_connector,2347,2,24,event_event_fraction,0.054762965561043125
official,no_connector,2347,2,24,event_event_c_index,0.6534533494893543
official,no_connector,2347,2,24,event_censored_pairs,99714.0
official,no_connector,2347,2,24,event_censored_fraction,0.9452370344389569
official,no_connector,2347,2,24,event_censored_c_index,0.9312734420442466
official,no_connector,2347,2,24,12h_threshold,0.06711266930018256
official,no_connector,2347,2,24,12h_tp_ipcw,55.79409496587727
official,no_connector,2347,2,24,12h_tn_ipcw,1146.798101100932
official,no_connector,2347,2,24,12h_fp_ipcw,56.57827443761715
official,no_connector,2347,2,24,12h_fn_ipcw,3.1272963477965785
official,no_connector,2347,2,24,12h_tss,0.8999079867989626
official,no_connector,2347,2,24,12h_hss2,0.6287039758750852
official,no_connector,2347,2,24,12h_far,0.5034892005744052
official,no_connector,2347,2,24,12h_precision,0.4965107994255949
official,no_connector,2347,2,24,12h_recall,0.9469242616633388
official,no_connector,2347,2,24,12h_f1,0.6514434002999292
official,no_connector,2347,2,24,12h_alert_fraction,0.09114359415305245
official,no_connector,2347,2,24,12h_known_count,1163.0
official,no_connector,2347,2,24,12h_auc,0.9648693747776494
official,no_connector,2347,2,24,12h_average_precision,0.6659010148227081
official,no_connector,2347,2,24,12h_brier,0.02502626883373197
official,no_connector,2347,2,24,12h_km_reference_brier,0.04357689317292897
official,no_connector,2347,2,24,12h_bss,0.42569864413191116
official,no_connector,2347,2,24,12h_predicted_survival_mean,0.9563612234585205
official,no_connector,2347,2,24,12h_observed_survival_km,0.9541362661402012
official,no_connector,2347,2,24,12h_ece,0.02606951859601267
official,no_connector,2347,2,24,12h_calibration_intercept,1.1114408009699874
official,no_connector,2347,2,24,12h_calibration_slope,1.705691387061822
official,no_connector,2347,2,24,24h_threshold,0.09867564813123997
official,no_connector,2347,2,24,24h_tp_ipcw,62.58847077401114
official,no_connector,2347,2,24,24h_tn_ipcw,1128.5305983429644
official,no_connector,2347,2,24,24h_fp_ipcw,52.62577919734031
official,no_connector,2347,2,24,24h_fn_ipcw,6.528125212939051
official,no_connector,2347,2,24,24h_tss,0.8609946370738322
official,no_connector,2347,2,24,24h_hss2,0.6552651719169017
official,no_connector,2347,2,24,24h_far,0.4567644992735356
official,no_connector,2347,2,24,24h_precision,0.5432355007264644
official,no_connector,2347,2,24,24h_recall,0.9055490925193768
official,no_connector,2347,2,24,24h_f1,0.679088412453438
official,no_connector,2347,2,24,24h_alert_fraction,0.09758364312267657
official,no_connector,2347,2,24,24h_known_count,1076.0
official,no_connector,2347,2,24,24h_auc,0.9582804503463923
official,no_connector,2347,2,24,24h_average_precision,0.6713050726050876
official,no_connector,2347,2,24,24h_brier,0.026407554615491487
official,no_connector,2347,2,24,24h_km_reference_brier,0.05125594252633338
official,no_connector,2347,2,24,24h_bss,0.4847903810972888
official,no_connector,2347,2,24,24h_predicted_survival_mean,0.9388880279854998
official,no_connector,2347,2,24,24h_observed_survival_km,0.946025556578541
official,no_connector,2347,2,24,24h_ece,0.025099281512934106
official,no_connector,2347,2,24,24h_calibration_intercept,0.4116911869752733
official,no_connector,2347,2,24,24h_calibration_slope,1.51701803833432
official,no_connector,2347,2,24,48h_threshold,0.13200336825528458
official,no_connector,2347,2,24,48h_tp_ipcw,73.50369166715913
official,no_connector,2347,2,24,48h_tn_ipcw,1101.5711189993538
official,no_connector,2347,2,24,48h_fp_ipcw,39.767910433189684
official,no_connector,2347,2,24,48h_fn_ipcw,10.292430774834223
official,no_connector,2347,2,24,48h_tss,0.8423297413957658
official,no_connector,2347,2,24,48h_hss2,0.7242959522942103
official,no_connector,2347,2,24,48h_far,0.3510845586695133
official,no_connector,2347,2,24,48h_precision,0.6489154413304866
official,no_connector,2347,2,24,48h_recall,0.8771729469706786
official,no_connector,2347,2,24,48h_f1,0.7459739217861223
official,no_connector,2347,2,24,48h_alert_fraction,0.10543130990415335
official,no_connector,2347,2,24,48h_known_count,939.0
official,no_connector,2347,2,24,48h_auc,0.9540590719188431
official,no_connector,2347,2,24,48h_average_precision,0.7336815672681402
official,no_connector,2347,2,24,48h_brier,0.026939647967180215
official,no_connector,2347,2,24,48h_km_reference_brier,0.061692278013956325
official,no_connector,2347,2,24,48h_bss,0.5633222044242587
official,no_connector,2347,2,24,48h_predicted_survival_mean,0.922062152704335
official,no_connector,2347,2,24,48h_observed_survival_km,0.9341837307990893
official,no_connector,2347,2,24,48h_ece,0.031210896773630887
official,no_connector,2347,2,24,48h_calibration_intercept,0.2347744768860426
official,no_connector,2347,2,24,48h_calibration_slope,1.4677705469932962
official,no_connector,2347,2,24,72h_threshold,0.15745329226747573
official,no_connector,2347,2,24,72h_tp_ipcw,76.29213784596385
official,no_connector,2347,2,24,72h_tn_ipcw,1117.5931878759893
official,no_connector,2347,2,24,72h_fp_ipcw,37.654757003908
official,no_connector,2347,2,24,72h_fn_ipcw,14.729610724404855
official,no_connector,2347,2,24,72h_tss,0.8055802972194002
official,no_connector,2347,2,24,72h_hss2,0.7218396315818093
official,no_connector,2347,2,24,72h_far,0.3304588251704373
official,no_connector,2347,2,24,72h_precision,0.6695411748295628
official,no_connector,2347,2,24,72h_recall,0.8381748213393481
official,no_connector,2347,2,24,72h_f1,0.7444274067769923
official,no_connector,2347,2,24,72h_alert_fraction,0.11294117647058824
official,no_connector,2347,2,24,72h_known_count,850.0
official,no_connector,2347,2,24,72h_auc,0.9350885117405118
official,no_connector,2347,2,24,72h_average_precision,0.7558654156993768
official,no_connector,2347,2,24,72h_brier,0.02883379803984499
official,no_connector,2347,2,24,72h_km_reference_brier,0.06751678430739513
official,no_connector,2347,2,24,72h_bss,0.5729388131317323
official,no_connector,2347,2,24,72h_predicted_survival_mean,0.910138932333489
official,no_connector,2347,2,24,72h_observed_survival_km,0.9283200097187064
official,no_connector,2347,2,24,72h_ece,0.02854945089230188
official,no_connector,2347,2,24,72h_calibration_intercept,-0.0109946142038955
official,no_connector,2347,2,24,72h_calibration_slope,1.3783908252284525
official,no_connector,2347,2,24,144h_threshold,0.16395042139709715
official,no_connector,2347,2,24,144h_tp_ipcw,84.79484126831748
official,no_connector,2347,2,24,144h_tn_ipcw,1047.0233518337373
official,no_connector,2347,2,24,144h_fp_ipcw,36.47417414174905
official,no_connector,2347,2,24,144h_fn_ipcw,26.940254144641294
official,no_connector,2347,2,24,144h_tss,0.7252283762705254
official,no_connector,2347,2,24,144h_hss2,0.6985013088976195
official,no_connector,2347,2,24,144h_far,0.3007707617515738
official,no_connector,2347,2,24,144h_precision,0.6992292382484262
official,no_connector,2347,2,24,144h_recall,0.7588917426071592
official,no_connector,2347,2,24,144h_f1,0.7278398734580448
official,no_connector,2347,2,24,144h_alert_fraction,0.155
official,no_connector,2347,2,24,144h_known_count,600.0
official,no_connector,2347,2,24,144h_auc,0.9124509101962127
official,no_connector,2347,2,24,144h_average_precision,0.7749974126701381
official,no_connector,2347,2,24,144h_brier,0.03488820020976238
official,no_connector,2347,2,24,144h_km_reference_brier,0.08158930098774504
official,no_connector,2347,2,24,144h_bss,0.572392460930598
official,no_connector,2347,2,24,144h_predicted_survival_mean,0.8864011769291809
official,no_connector,2347,2,24,144h_observed_survival_km,0.9112654249610479
official,no_connector,2347,2,24,144h_ece,0.040103627840147475
official,no_connector,2347,2,24,144h_calibration_intercept,-0.23045523919591654
official,no_connector,2347,2,24,144h_calibration_slope,1.245951104427276
official,no_connector,2347,2,24,integrated_brier_score,0.029636686823920972
official,no_connector,2347,2,24,integrated_auc,0.9368800258451622
official,no_lstm,2345,2,24,harrell_c_index,0.8868018427937664
official,no_lstm,2345,2,24,uno_c_index,0.7623221688766556
official,no_lstm,2345,2,24,event_event_pairs,5777.0
official,no_lstm,2345,2,24,event_event_fraction,0.054762965561043125
official,no_lstm,2345,2,24,event_event_c_index,0.6121689458196296
official,no_lstm,2345,2,24,event_censored_pairs,99714.0
official,no_lstm,2345,2,24,event_censored_fraction,0.9452370344389569
official,no_lstm,2345,2,24,event_censored_c_index,0.9027117556210763
official,no_lstm,2345,2,24,12h_threshold,0.06106203445473013
official,no_lstm,2345,2,24,12h_tp_ipcw,54.76231190937444
official,no_lstm,2345,2,24,12h_tn_ipcw,999.9121963109644
official,no_lstm,2345,2,24,12h_fp_ipcw,203.46417922758468
official,no_lstm,2345,2,24,12h_fn_ipcw,4.159079404299412
official,no_lstm,2345,2,24,12h_tss,0.7603353245319675
official,no_lstm,2345,2,24,12h_hss2,0.291487215891699
official,no_lstm,2345,2,24,12h_far,0.7879291482904851
official,no_lstm,2345,2,24,12h_precision,0.21207085170951498
official,no_lstm,2345,2,24,12h_recall,0.92941308221732
official,no_lstm,2345,2,24,12h_f1,0.3453424407958877
official,no_lstm,2345,2,24,12h_alert_fraction,0.2063628546861565
official,no_lstm,2345,2,24,12h_known_count,1163.0
official,no_lstm,2345,2,24,12h_auc,0.9348523911496991
official,no_lstm,2345,2,24,12h_average_precision,0.3707604648799067
official,no_lstm,2345,2,24,12h_brier,0.04306245649864046
official,no_lstm,2345,2,24,12h_km_reference_brier,0.04357689317292897
official,no_lstm,2345,2,24,12h_bss,0.011805262762699331
official,no_lstm,2345,2,24,12h_predicted_survival_mean,0.9406546886322186
official,no_lstm,2345,2,24,12h_observed_survival_km,0.9541362661402012
official,no_lstm,2345,2,24,12h_ece,0.08488017349963327
official,no_lstm,2345,2,24,12h_calibration_intercept,16.486042520247945
official,no_lstm,2345,2,24,12h_calibration_slope,7.130595705613972
official,no_lstm,2345,2,24,24h_threshold,0.08484495364854805
official,no_lstm,2345,2,24,24h_tp_ipcw,62.69534830020102
official,no_lstm,2345,2,24,24h_tn_ipcw,998.7203429895251
official,no_lstm,2345,2,24,24h_fp_ipcw,182.43603455077977
official,no_lstm,2345,2,24,24h_fn_ipcw,6.421247686749176
official,no_lstm,2345,2,24,24h_tss,0.7526399836348345
official,no_lstm,2345,2,24,24h_hss2,0.3422944977702677
official,no_lstm,2345,2,24,24h_far,0.7442377733482027
official,no_lstm,2345,2,24,24h_precision,0.25576222665179715
official,no_lstm,2345,2,24,24h_recall,0.907095429179389
official,no_lstm,2345,2,24,24h_f1,0.3990183073383283
official,no_lstm,2345,2,24,24h_alert_fraction,0.20074349442379183
official,no_lstm,2345,2,24,24h_known_count,1076.0
official,no_lstm,2345,2,24,24h_auc,0.9230312930193547
official,no_lstm,2345,2,24,24h_average_precision,0.39020484830021945
official,no_lstm,2345,2,24,24h_brier,0.05044798908392528
official,no_lstm,2345,2,24,24h_km_reference_brier,0.05125594252633338
official,no_lstm,2345,2,24,24h_bss,0.015763117456927045
official,no_lstm,2345,2,24,24h_predicted_survival_mean,0.9176989559599731
official,no_lstm,2345,2,24,24h_observed_survival_km,0.946025556578541
official,no_lstm,2345,2,24,24h_ece,0.10224659990513445
official,no_lstm,2345,2,24,24h_calibration_intercept,14.062559792041613
official,no_lstm,2345,2,24,24h_calibration_slope,7.092380676414818
official,no_lstm,2345,2,24,48h_threshold,0.10798875839592792
official,no_lstm,2345,2,24,48h_tp_ipcw,72.4124811330531
official,no_lstm,2345,2,24,48h_tn_ipcw,1016.7329100752157
official,no_lstm,2345,2,24,48h_fp_ipcw,124.60611935732759
official,no_lstm,2345,2,24,48h_fn_ipcw,11.383641308940257
official,no_lstm,2345,2,24,48h_tss,0.7549753615256154
official,no_lstm,2345,2,24,48h_hss2,0.46431953991639374
official,no_lstm,2345,2,24,48h_far,0.6324586564272717
official,no_lstm,2345,2,24,48h_precision,0.3675413435727283
official,no_lstm,2345,2,24,48h_recall,0.8641507389936758
official,no_lstm,2345,2,24,48h_f1,0.515731371752125
official,no_lstm,2345,2,24,48h_alert_fraction,0.17252396166134185
official,no_lstm,2345,2,24,48h_known_count,939.0
official,no_lstm,2345,2,24,48h_auc,0.9095039001895012
official,no_lstm,2345,2,24,48h_average_precision,0.46249530637285075
official,no_lstm,2345,2,24,48h_brier,0.06053234803309986
official,no_lstm,2345,2,24,48h_km_reference_brier,0.061692278013956325
official,no_lstm,2345,2,24,48h_bss,0.018801866590078875
official,no_lstm,2345,2,24,48h_predicted_survival_mean,0.8960796233591982
official,no_lstm,2345,2,24,48h_observed_survival_km,0.9341837307990893
official,no_lstm,2345,2,24,48h_ece,0.12334421814987936
official,no_lstm,2345,2,24,48h_calibration_intercept,17.589167307073705
official,no_lstm,2345,2,24,48h_calibration_slope,9.496945836105013
official,no_lstm,2345,2,24,72h_threshold,0.12228093676753271
official,no_lstm,2345,2,24,72h_tp_ipcw,79.30895649344166
official,no_lstm,2345,2,24,72h_tn_ipcw,951.912257058794
official,no_lstm,2345,2,24,72h_fp_ipcw,203.33568782110316
official,no_lstm,2345,2,24,72h_fn_ipcw,11.712792076927057
official,no_lstm,2345,2,24,72h_tss,0.695308323117342
official,no_lstm,2345,2,24,72h_hss2,0.35300471556790636
official,no_lstm,2345,2,24,72h_far,0.7194040004339101
official,no_lstm,2345,2,24,72h_precision,0.2805959995660899
official,no_lstm,2345,2,24,72h_recall,0.8713187533650606
official,no_lstm,2345,2,24,72h_f1,0.42449071152014584
official,no_lstm,2345,2,24,72h_alert_fraction,0.2447058823529412
official,no_lstm,2345,2,24,72h_known_count,850.0
official,no_lstm,2345,2,24,72h_auc,0.9052606474299474
official,no_lstm,2345,2,24,72h_average_precision,0.48745717855253984
official,no_lstm,2345,2,24,72h_brier,0.06604922461488345
official,no_lstm,2345,2,24,72h_km_reference_brier,0.06751678430739513
official,no_lstm,2345,2,24,72h_bss,0.021736220223849356
official,no_lstm,2345,2,24,72h_predicted_survival_mean,0.8810240206656487
official,no_lstm,2345,2,24,72h_observed_survival_km,0.9283200097187064
official,no_lstm,2345,2,24,72h_ece,0.13762861981464655
official,no_lstm,2345,2,24,72h_calibration_intercept,16.518122478981226
official,no_lstm,2345,2,24,72h_calibration_slope,9.669598187378856
official,no_lstm,2345,2,24,144h_threshold,0.15370204897831596
official,no_lstm,2345,2,24,144h_tp_ipcw,89.83295276989372
official,no_lstm,2345,2,24,144h_tn_ipcw,896.8355759559472
official,no_lstm,2345,2,24,144h_fp_ipcw,186.66195001953935
official,no_lstm,2345,2,24,144h_fn_ipcw,21.902142643065044
official,no_lstm,2345,2,24,144h_tss,0.6317043005328085
official,no_lstm,2345,2,24,144h_hss2,0.3802590574902838
official,no_lstm,2345,2,24,144h_far,0.6751008721549318
official,no_lstm,2345,2,24,144h_precision,0.3248991278450682
official,no_lstm,2345,2,24,144h_recall,0.8039815282555808
official,no_lstm,2345,2,24,144h_f1,0.46278213010763813
official,no_lstm,2345,2,24,144h_alert_fraction,0.27666666666666667
official,no_lstm,2345,2,24,144h_known_count,600.0
official,no_lstm,2345,2,24,144h_auc,0.8631399583658743
official,no_lstm,2345,2,24,144h_average_precision,0.4735264172177829
official,no_lstm,2345,2,24,144h_brier,0.07989038201655041
official,no_lstm,2345,2,24,144h_km_reference_brier,0.08158930098774504
official,no_lstm,2345,2,24,144h_bss,0.02082281562198718
official,no_lstm,2345,2,24,144h_predicted_survival_mean,0.8507782111339264
official,no_lstm,2345,2,24,144h_observed_survival_km,0.9112654249610479
official,no_lstm,2345,2,24,144h_ece,0.15971225384947238
official,no_lstm,2345,2,24,144h_calibration_intercept,9.692350620201509
official,no_lstm,2345,2,24,144h_calibration_slope,7.0288749214315756
official,no_lstm,2345,2,24,integrated_brier_score,0.06564872295005389
official,no_lstm,2345,2,24,integrated_auc,0.8983130363909361
official,no_lstm,2346,2,24,harrell_c_index,0.920994009024381
official,no_lstm,2346,2,24,uno_c_index,0.778656413816421
official,no_lstm,2346,2,24,event_event_pairs,5777.0
official,no_lstm,2346,2,24,event_event_fraction,0.054762965561043125
official,no_lstm,2346,2,24,event_event_c_index,0.6846979401073221
official,no_lstm,2346,2,24,event_censored_pairs,99714.0
official,no_lstm,2346,2,24,event_censored_fraction,0.9452370344389569
official,no_lstm,2346,2,24,event_censored_c_index,0.9346932226166837
official,no_lstm,2346,2,24,12h_threshold,0.06808501227222152
official,no_lstm,2346,2,24,12h_tp_ipcw,53.70379373577516
official,no_lstm,2346,2,24,12h_tn_ipcw,1130.4774450131576
official,no_lstm,2346,2,24,12h_fp_ipcw,72.8989305253913
official,no_lstm,2346,2,24,12h_fn_ipcw,5.217597577898701
official,no_lstm,2346,2,24,12h_tss,0.8508694988053156
official,no_lstm,2346,2,24,12h_hss2,0.5502920532924468
official,no_lstm,2346,2,24,12h_far,0.575808545596613
official,no_lstm,2346,2,24,12h_precision,0.4241914544033869
official,no_lstm,2346,2,24,12h_recall,0.9114481606498003
official,no_lstm,2346,2,24,12h_f1,0.5789413798780363
official,no_lstm,2346,2,24,12h_alert_fraction,0.10232158211521926
official,no_lstm,2346,2,24,12h_known_count,1163.0
official,no_lstm,2346,2,24,12h_auc,0.9674676533108009
official,no_lstm,2346,2,24,12h_average_precision,0.7304884924909875
official,no_lstm,2346,2,24,12h_brier,0.041911833567859755
official,no_lstm,2346,2,24,12h_km_reference_brier,0.04357689317292897
official,no_lstm,2346,2,24,12h_bss,0.03820969059133361
official,no_lstm,2346,2,24,12h_predicted_survival_mean,0.9390209131182665
official,no_lstm,2346,2,24,12h_observed_survival_km,0.9541362661402012
official,no_lstm,2346,2,24,12h_ece,0.08492991008505701
official,no_lstm,2346,2,24,12h_calibration_intercept,47.32718185475137
official,no_lstm,2346,2,24,12h_calibration_slope,19.276588840034606
official,no_lstm,2346,2,24,24h_threshold,0.09453867904316338
official,no_lstm,2346,2,24,24h_tp_ipcw,60.49816954390903
official,no_lstm,2346,2,24,24h_tn_ipcw,1110.988671943851
official,no_lstm,2346,2,24,24h_fp_ipcw,70.16770559645377
official,no_lstm,2346,2,24,24h_fn_ipcw,8.618426443041173
official,no_lstm,2346,2,24,24h_tss,0.8159000359232389
official,no_lstm,2346,2,24,24h_hss2,0.5749004847323189
official,no_lstm,2346,2,24,24h_far,0.5370009998484976
official,no_lstm,2346,2,24,24h_precision,0.4629990001515024
official,no_lstm,2346,2,24,24h_recall,0.8753059765172984
official,no_lstm,2346,2,24,24h_f1,0.605640416824718
official,no_lstm,2346,2,24,24h_alert_fraction,0.10966542750929369
official,no_lstm,2346,2,24,24h_known_count,1076.0
official,no_lstm,2346,2,24,24h_auc,0.9628458860359275
official,no_lstm,2346,2,24,24h_average_precision,0.7330649270007469
official,no_lstm,2346,2,24,24h_brier,0.04878863926859193
official,no_lstm,2346,2,24,24h_km_reference_brier,0.05125594252633338
official,no_lstm,2346,2,24,24h_bss,0.04813692103064615
official,no_lstm,2346,2,24,24h_predicted_survival_mean,0.9152145682299367
official,no_lstm,2346,2,24,24h_observed_survival_km,0.946025556578541
official,no_lstm,2346,2,24,24h_ece,0.10435373499649596
official,no_lstm,2346,2,24,24h_calibration_intercept,38.79556021431214
official,no_lstm,2346,2,24,24h_calibration_slope,18.386678407281877
official,no_lstm,2346,2,24,48h_threshold,0.11959309279005836
official,no_lstm,2346,2,24,48h_tp_ipcw,70.2153023767611
official,no_lstm,2346,2,24,48h_tn_ipcw,1083.0127607971986
official,no_lstm,2346,2,24,48h_fp_ipcw,58.32626863534486
official,no_lstm,2346,2,24,48h_fn_ipcw,13.580820065232254
official,no_lstm,2346,2,24,48h_tss,0.7868268406510428
official,no_lstm,2346,2,24,48h_hss2,0.6307796513452587
official,no_lstm,2346,2,24,48h_far,0.4537541293147236
official,no_lstm,2346,2,24,48h_precision,0.5462458706852763
official,no_lstm,2346,2,24,48h_recall,0.8379302088275817
official,no_lstm,2346,2,24,48h_f1,0.6613550447362226
official,no_lstm,2346,2,24,48h_alert_fraction,0.11714589989350373
official,no_lstm,2346,2,24,48h_known_count,939.0
official,no_lstm,2346,2,24,48h_auc,0.9425683516295488
official,no_lstm,2346,2,24,48h_average_precision,0.7560936443595929
official,no_lstm,2346,2,24,48h_brier,0.05828119314557846
official,no_lstm,2346,2,24,48h_km_reference_brier,0.061692278013956325
official,no_lstm,2346,2,24,48h_bss,0.05529192596204979
official,no_lstm,2346,2,24,48h_predicted_survival_mean,0.8926056720144431
official,no_lstm,2346,2,24,48h_observed_survival_km,0.9341837307990893
official,no_lstm,2346,2,24,48h_ece,0.12959269344903376
official,no_lstm,2346,2,24,48h_calibration_intercept,33.53571841420542
official,no_lstm,2346,2,24,48h_calibration_slope,17.937368890025898
official,no_lstm,2346,2,24,72h_threshold,0.13705551812782457
official,no_lstm,2346,2,24,72h_tp_ipcw,73.00374855556582
official,no_lstm,2346,2,24,72h_tn_ipcw,1098.012714233957
official,no_lstm,2346,2,24,72h_fp_ipcw,57.23523064594015
official,no_lstm,2346,2,24,72h_fn_ipcw,18.018000014802887
official,no_lstm,2346,2,24,72h_tss,0.752503632933438
official,no_lstm,2346,2,24,72h_hss2,0.6278951469933669
official,no_lstm,2346,2,24,72h_far,0.4394631391987932
official,no_lstm,2346,2,24,72h_precision,0.5605368608012068
official,no_lstm,2346,2,24,72h_recall,0.8020473095957587
official,no_lstm,2346,2,24,72h_f1,0.6598888947959576
official,no_lstm,2346,2,24,72h_alert_fraction,0.12470588235294118
official,no_lstm,2346,2,24,72h_known_count,850.0
official,no_lstm,2346,2,24,72h_auc,0.9275803439397109
official,no_lstm,2346,2,24,72h_average_precision,0.7660429075703068
official,no_lstm,2346,2,24,72h_brier,0.06366388327759354
official,no_lstm,2346,2,24,72h_km_reference_brier,0.06751678430739513
official,no_lstm,2346,2,24,72h_bss,0.05706582547326067
official,no_lstm,2346,2,24,72h_predicted_survival_mean,0.8768110477386828
official,no_lstm,2346,2,24,72h_observed_survival_km,0.9283200097187064
official,no_lstm,2346,2,24,72h_ece,0.1464183747647063
official,no_lstm,2346,2,24,72h_calibration_intercept,28.345714307368855
official,no_lstm,2346,2,24,72h_calibration_slope,16.51878106451919
official,no_lstm,2346,2,24,144h_threshold,0.17206485787964076
official,no_lstm,2346,2,24,144h_tp_ipcw,83.06673177257396
official,no_lstm,2346,2,24,144h_tn_ipcw,1032.0045742459583
official,no_lstm,2346,2,24,144h_fp_ipcw,51.49295172952807
official,no_lstm,2346,2,24,144h_fn_ipcw,28.66836364038481
official,no_lstm,2346,2,24,144h_tss,0.6959008602704151
official,no_lstm,2346,2,24,144h_hss2,0.6375028980349519
official,no_lstm,2346,2,24,144h_far,0.38267741413588924
official,no_lstm,2346,2,24,144h_precision,0.6173225858641109
official,no_lstm,2346,2,24,144h_recall,0.7434256127456627
official,no_lstm,2346,2,24,144h_f1,0.6745310001169048
official,no_lstm,2346,2,24,144h_alert_fraction,0.16333333333333333
official,no_lstm,2346,2,24,144h_known_count,600.0
official,no_lstm,2346,2,24,144h_auc,0.9203059516733018
official,no_lstm,2346,2,24,144h_average_precision,0.7912116212764406
official,no_lstm,2346,2,24,144h_brier,0.07651740823524089
official,no_lstm,2346,2,24,144h_km_reference_brier,0.08158930098774504
official,no_lstm,2346,2,24,144h_bss,0.062163699052477095
official,no_lstm,2346,2,24,144h_predicted_survival_mean,0.8450512647629987
official,no_lstm,2346,2,24,144h_observed_survival_km,0.9112654249610479
official,no_lstm,2346,2,24,144h_ece,0.18270091441602687
official,no_lstm,2346,2,24,144h_calibration_intercept,24.856997824906657
official,no_lstm,2346,2,24,144h_calibration_slope,16.842046992113804
official,no_lstm,2346,2,24,integrated_brier_score,0.0631735472540065
official,no_lstm,2346,2,24,integrated_auc,0.9349435081588306
official,no_lstm,2347,2,24,harrell_c_index,0.8795027111060555
official,no_lstm,2347,2,24,uno_c_index,0.7840202379562711
official,no_lstm,2347,2,24,event_event_pairs,5777.0
official,no_lstm,2347,2,24,event_event_fraction,0.054762965561043125
official,no_lstm,2347,2,24,event_event_c_index,0.6190929548208413
official,no_lstm,2347,2,24,event_censored_pairs,99714.0
official,no_lstm,2347,2,24,event_censored_fraction,0.9452370344389569
official,no_lstm,2347,2,24,event_censored_c_index,0.8945885231762841
official,no_lstm,2347,2,24,12h_threshold,0.06959079864602091
official,no_lstm,2347,2,24,12h_tp_ipcw,50.61588733170616
official,no_lstm,2347,2,24,12h_tn_ipcw,1064.1067769228762
official,no_lstm,2347,2,24,12h_fp_ipcw,139.26959861567295
official,no_lstm,2347,2,24,12h_fn_ipcw,8.305503981967703
official,no_lstm,2347,2,24,12h_tss,0.7433085702799422
official,no_lstm,2347,2,24,12h_hss2,0.36136783345091866
official,no_lstm,2347,2,24,12h_far,0.7334399357635328
official,no_lstm,2347,2,24,12h_precision,0.2665600642364672
official,no_lstm,2347,2,24,12h_recall,0.8590409391768682
official,no_lstm,2347,2,24,12h_f1,0.40686887668783367
official,no_lstm,2347,2,24,12h_alert_fraction,0.15219260533104043
official,no_lstm,2347,2,24,12h_known_count,1163.0
official,no_lstm,2347,2,24,12h_auc,0.9264571518357821
official,no_lstm,2347,2,24,12h_average_precision,0.46678277075927005
official,no_lstm,2347,2,24,12h_brier,0.042357001025664844
official,no_lstm,2347,2,24,12h_km_reference_brier,0.04357689317292897
official,no_lstm,2347,2,24,12h_bss,0.027994013763742887
official,no_lstm,2347,2,24,12h_predicted_survival_mean,0.9382176172028196
official,no_lstm,2347,2,24,12h_observed_survival_km,0.9541362661402012
official,no_lstm,2347,2,24,12h_ece,0.07578563039927916
official,no_lstm,2347,2,24,12h_calibration_intercept,42.97182140063732
official,no_lstm,2347,2,24,12h_calibration_slope,17.630939794613745
official,no_lstm,2347,2,24,24h_threshold,0.09660871190093778
official,no_lstm,2347,2,24,24h_tp_ipcw,56.31078003504802
official,no_lstm,2347,2,24,24h_tn_ipcw,1043.1598898672792
official,no_lstm,2347,2,24,24h_fp_ipcw,137.99648767302574
official,no_lstm,2347,2,24,24h_fn_ipcw,12.80581595190218
official,no_lstm,2347,2,24,24h_tss,0.6978898642539546
official,no_lstm,2347,2,24,24h_hss2,0.37669746668606563
official,no_lstm,2347,2,24,24h_far,0.7101972525307234
official,no_lstm,2347,2,24,24h_precision,0.2898027474692766
official,no_lstm,2347,2,24,24h_recall,0.8147215474222713
official,no_lstm,2347,2,24,24h_f1,0.42752983154359314
official,no_lstm,2347,2,24,24h_alert_fraction,0.15985130111524162
official,no_lstm,2347,2,24,24h_known_count,1076.0
official,no_lstm,2347,2,24,24h_auc,0.9167740378919993
official,no_lstm,2347,2,24,24h_average_precision,0.48193637500959496
official,no_lstm,2347,2,24,24h_brier,0.04946732520127979
official,no_lstm,2347,2,24,24h_km_reference_brier,0.05125594252633338
official,no_lstm,2347,2,24,24h_bss,0.034895804015986354
official,no_lstm,2347,2,24,24h_predicted_survival_mean,0.9141073565418096
official,no_lstm,2347,2,24,24h_observed_survival_km,0.946025556578541
official,no_lstm,2347,2,24,24h_ece,0.09471537932208576
official,no_lstm,2347,2,24,24h_calibration_intercept,33.538631590318865
official,no_lstm,2347,2,24,24h_calibration_slope,16.10012777299079
official,no_lstm,2347,2,24,48h_threshold,0.12225151166855885
official,no_lstm,2347,2,24,48h_tp_ipcw,67.2624587241358
official,no_lstm,2347,2,24,48h_tn_ipcw,1012.7561190318967
official,no_lstm,2347,2,24,48h_fp_ipcw,128.58291040064657
official,no_lstm,2347,2,24,48h_fn_ipcw,16.53366371785757
official,no_lstm,2347,2,24,48h_tss,0.6900320825004178
official,no_lstm,2347,2,24,48h_hss2,0.42607834609204276
official,no_lstm,2347,2,24,48h_far,0.6565532336826423
official,no_lstm,2347,2,24,48h_precision,0.3434467663173577
official,no_lstm,2347,2,24,48h_recall,0.8026917805259695
official,no_lstm,2347,2,24,48h_f1,0.48106207950242
official,no_lstm,2347,2,24,48h_alert_fraction,0.1703940362087327
official,no_lstm,2347,2,24,48h_known_count,939.0
official,no_lstm,2347,2,24,48h_auc,0.9123388453254256
official,no_lstm,2347,2,24,48h_average_precision,0.5484101479145734
official,no_lstm,2347,2,24,48h_brier,0.059110702578254244
official,no_lstm,2347,2,24,48h_km_reference_brier,0.061692278013956325
official,no_lstm,2347,2,24,48h_bss,0.04184600599637556
official,no_lstm,2347,2,24,48h_predicted_survival_mean,0.8911566032328339
official,no_lstm,2347,2,24,48h_observed_survival_km,0.9341837307990893
official,no_lstm,2347,2,24,48h_ece,0.11289152354344904
official,no_lstm,2347,2,24,48h_calibration_intercept,28.5370161379943
official,no_lstm,2347,2,24,48h_calibration_slope,15.56862826040495
official,no_lstm,2347,2,24,72h_threshold,0.140147400105055
official,no_lstm,2347,2,24,72h_tp_ipcw,70.05090490294052
official,no_lstm,2347,2,24,72h_tn_ipcw,1025.7155807864538
official,no_lstm,2347,2,24,72h_fp_ipcw,129.5323640934435
official,no_lstm,2347,2,24,72h_fn_ipcw,20.970843667428205
official,no_lstm,2347,2,24,72h_tss,0.6574810685401076
official,no_lstm,2347,2,24,72h_hss2,0.4243557027973796
official,no_lstm,2347,2,24,72h_far,0.6490141420410862
official,no_lstm,2347,2,24,72h_precision,0.35098585795891374
official,no_lstm,2347,2,24,72h_recall,0.7696062315127281
official,no_lstm,2347,2,24,72h_f1,0.4821038913194238
official,no_lstm,2347,2,24,72h_alert_fraction,0.1776470588235294
official,no_lstm,2347,2,24,72h_known_count,850.0
official,no_lstm,2347,2,24,72h_auc,0.8994069457212116
official,no_lstm,2347,2,24,72h_average_precision,0.6010068527163808
official,no_lstm,2347,2,24,72h_brier,0.06462035706222202
official,no_lstm,2347,2,24,72h_km_reference_brier,0.06751678430739513
official,no_lstm,2347,2,24,72h_bss,0.04289936605964606
official,no_lstm,2347,2,24,72h_predicted_survival_mean,0.8750991782228216
official,no_lstm,2347,2,24,72h_observed_survival_km,0.9283200097187064
official,no_lstm,2347,2,24,72h_ece,0.12377996879120712
official,no_lstm,2347,2,24,72h_calibration_intercept,22.122400321001592
official,no_lstm,2347,2,24,72h_calibration_slope,13.281747282911034
official,no_lstm,2347,2,24,144h_threshold,0.1671146035666442
official,no_lstm,2347,2,24,144h_tp_ipcw,87.75029992457932
official,no_lstm,2347,2,24,144h_tn_ipcw,901.1266552667412
official,no_lstm,2347,2,24,144h_fp_ipcw,182.37087070874531
official,no_lstm,2347,2,24,144h_fn_ipcw,23.984795488379454
official,no_lstm,2347,2,24,144h_tss,0.6170254960811328
official,no_lstm,2347,2,24,144h_hss2,0.3772317621247101
official,no_lstm,2347,2,24,144h_far,0.6751446777798258
official,no_lstm,2347,2,24,144h_precision,0.32485532222017416
official,no_lstm,2347,2,24,144h_recall,0.7853423277643011
official,no_lstm,2347,2,24,144h_f1,0.45959858578800133
official,no_lstm,2347,2,24,144h_alert_fraction,0.27
official,no_lstm,2347,2,24,144h_known_count,600.0
official,no_lstm,2347,2,24,144h_auc,0.8949865227067714
official,no_lstm,2347,2,24,144h_average_precision,0.680047700247665
official,no_lstm,2347,2,24,144h_brier,0.07719450939388003
official,no_lstm,2347,2,24,144h_km_reference_brier,0.08158930098774504
official,no_lstm,2347,2,24,144h_bss,0.05386480262314197
official,no_lstm,2347,2,24,144h_predicted_survival_mean,0.8426706215287003
official,no_lstm,2347,2,24,144h_observed_survival_km,0.9112654249610479
official,no_lstm,2347,2,24,144h_ece,0.15896812704801627
official,no_lstm,2347,2,24,144h_calibration_intercept,19.095626839755496
official,no_lstm,2347,2,24,144h_calibration_slope,13.342167003790923
official,no_lstm,2347,2,24,integrated_brier_score,0.06396962271834443
official,no_lstm,2347,2,24,integrated_auc,0.9041504249465365
official,no_pretraining,2345,2,24,harrell_c_index,0.9451427596405415
official,no_pretraining,2345,2,24,uno_c_index,0.8260944765036797
official,no_pretraining,2345,2,24,event_event_pairs,5777.0
official,no_pretraining,2345,2,24,event_event_fraction,0.054762965561043125
official,no_pretraining,2345,2,24,event_event_c_index,0.6870347931452311
official,no_pretraining,2345,2,24,event_censored_pairs,99714.0
official,no_pretraining,2345,2,24,event_censored_fraction,0.9452370344389569
official,no_pretraining,2345,2,24,event_censored_c_index,0.9600958742002126
official,no_pretraining,2345,2,24,12h_threshold,0.04076818789842496
official,no_pretraining,2345,2,24,12h_tp_ipcw,58.92139131367385
official,no_pretraining,2345,2,24,12h_tn_ipcw,1032.5535084865128
official,no_pretraining,2345,2,24,12h_fp_ipcw,170.82286705203632
official,no_pretraining,2345,2,24,12h_fn_ipcw,0.0
official,no_pretraining,2345,2,24,12h_tss,0.8580470162748643
official,no_pretraining,2345,2,24,12h_hss2,0.36073520229673195
official,no_pretraining,2345,2,24,12h_far,0.7435348690199607
official,no_pretraining,2345,2,24,12h_precision,0.2564651309800393
official,no_pretraining,2345,2,24,12h_recall,1.0
official,no_pretraining,2345,2,24,12h_f1,0.4082327868183612
official,no_pretraining,2345,2,24,12h_alert_fraction,0.18400687876182287
official,no_pretraining,2345,2,24,12h_known_count,1163.0
official,no_pretraining,2345,2,24,12h_auc,0.9838354345089187
official,no_pretraining,2345,2,24,12h_average_precision,0.7445920197268108
official,no_pretraining,2345,2,24,12h_brier,0.021578745267430866
official,no_pretraining,2345,2,24,12h_km_reference_brier,0.04357689317292897
official,no_pretraining,2345,2,24,12h_bss,0.5048122136243501
official,no_pretraining,2345,2,24,12h_predicted_survival_mean,0.9572951222377973
official,no_pretraining,2345,2,24,12h_observed_survival_km,0.9541362661402012
official,no_pretraining,2345,2,24,12h_ece,0.014944346016910933
official,no_pretraining,2345,2,24,12h_calibration_intercept,0.6297556256864324
official,no_pretraining,2345,2,24,12h_calibration_slope,1.465154222766796
official,no_pretraining,2345,2,24,24h_threshold,0.11949451689691726
official,no_pretraining,2345,2,24,24h_tp_ipcw,61.57705535573105
official,no_pretraining,2345,2,24,24h_tn_ipcw,1135.5473689026098
official,no_pretraining,2345,2,24,24h_fp_ipcw,45.60900863769493
official,no_pretraining,2345,2,24,24h_fn_ipcw,7.539540631219152
official,no_pretraining,2345,2,24,24h_tss,0.8523017642525621
official,no_pretraining,2345,2,24,24h_hss2,0.676814035790426
official,no_pretraining,2345,2,24,24h_far,0.4255124867771267
official,no_pretraining,2345,2,24,24h_precision,0.5744875132228733
official,no_pretraining,2345,2,24,24h_recall,0.8909156256387006
official,no_pretraining,2345,2,24,24h_f1,0.6985380182305251
official,no_pretraining,2345,2,24,24h_alert_fraction,0.09107806691449814
official,no_pretraining,2345,2,24,24h_known_count,1076.0
official,no_pretraining,2345,2,24,24h_auc,0.9793202504557346
official,no_pretraining,2345,2,24,24h_average_precision,0.7565708661942845
official,no_pretraining,2345,2,24,24h_brier,0.023382798313831304
official,no_pretraining,2345,2,24,24h_km_reference_brier,0.05125594252633338
official,no_pretraining,2345,2,24,24h_bss,0.5438031736160525
official,no_pretraining,2345,2,24,24h_predicted_survival_mean,0.9418019102636127
official,no_pretraining,2345,2,24,24h_observed_survival_km,0.946025556578541
official,no_pretraining,2345,2,24,24h_ece,0.012190061890942154
official,no_pretraining,2345,2,24,24h_calibration_intercept,0.056455619512162866
official,no_pretraining,2345,2,24,24h_calibration_slope,1.329635149419641
official,no_pretraining,2345,2,24,48h_threshold,0.12460317996193171
official,no_pretraining,2345,2,24,48h_tp_ipcw,77.95947897879543
official,no_pretraining,2345,2,24,48h_tn_ipcw,1071.0823876672416
official,no_pretraining,2345,2,24,48h_fp_ipcw,70.25664176530174
official,no_pretraining,2345,2,24,48h_fn_ipcw,5.836643463197933
official,no_pretraining,2345,2,24,48h_tss,0.8687907638695747
official,no_pretraining,2345,2,24,48h_hss2,0.6406236355526488
official,no_pretraining,2345,2,24,48h_far,0.4740148467831207
official,no_pretraining,2345,2,24,48h_precision,0.5259851532168793
official,no_pretraining,2345,2,24,48h_recall,0.9303470937185875
official,no_pretraining,2345,2,24,48h_f1,0.6720290094024591
official,no_pretraining,2345,2,24,48h_alert_fraction,0.134185303514377
official,no_pretraining,2345,2,24,48h_known_count,939.0
official,no_pretraining,2345,2,24,48h_auc,0.9712586685180433
official,no_pretraining,2345,2,24,48h_average_precision,0.7953817561328066
official,no_pretraining,2345,2,24,48h_brier,0.0248386931793022
official,no_pretraining,2345,2,24,48h_km_reference_brier,0.061692278013956325
official,no_pretraining,2345,2,24,48h_bss,0.5973775976681706
official,no_pretraining,2345,2,24,48h_predicted_survival_mean,0.9277407691485039
official,no_pretraining,2345,2,24,48h_observed_survival_km,0.9341837307990893
official,no_pretraining,2345,2,24,48h_ece,0.019667545497225904
official,no_pretraining,2345,2,24,48h_calibration_intercept,-0.0721471255276938
official,no_pretraining,2345,2,24,48h_calibration_slope,1.2917269191007807
official,no_pretraining,2345,2,24,72h_threshold,0.1613252209647037
official,no_pretraining,2345,2,24,72h_tp_ipcw,76.29213784596385
official,no_pretraining,2345,2,24,72h_tn_ipcw,1096.5065239538008
official,no_pretraining,2345,2,24,72h_fp_ipcw,58.74142092609647
official,no_pretraining,2345,2,24,72h_fn_ipcw,14.729610724404855
official,no_pretraining,2345,2,24,72h_tss,0.7873273637122296
official,no_pretraining,2345,2,24,72h_hss2,0.6439164178154572
official,no_pretraining,2345,2,24,72h_far,0.43501349931281386
official,no_pretraining,2345,2,24,72h_precision,0.5649865006871863
official,no_pretraining,2345,2,24,72h_recall,0.8381748213393481
official,no_pretraining,2345,2,24,72h_f1,0.6749864778038268
official,no_pretraining,2345,2,24,72h_alert_fraction,0.12941176470588237
official,no_pretraining,2345,2,24,72h_known_count,850.0
official,no_pretraining,2345,2,24,72h_auc,0.9640013265351184
official,no_pretraining,2345,2,24,72h_average_precision,0.8005374551293553
official,no_pretraining,2345,2,24,72h_brier,0.027026891602553876
official,no_pretraining,2345,2,24,72h_km_reference_brier,0.06751678430739513
official,no_pretraining,2345,2,24,72h_bss,0.5997011427631986
official,no_pretraining,2345,2,24,72h_predicted_survival_mean,0.9183562988271801
official,no_pretraining,2345,2,24,72h_observed_survival_km,0.9283200097187064
official,no_pretraining,2345,2,24,72h_ece,0.019668010262652424
official,no_pretraining,2345,2,24,72h_calibration_intercept,-0.29473755894087966
official,no_pretraining,2345,2,24,72h_calibration_slope,1.2301093255118252
official,no_pretraining,2345,2,24,144h_threshold,0.2271503491467206
official,no_pretraining,2345,2,24,144h_tp_ipcw,83.78342585003737
official,no_pretraining,2345,2,24,144h_tn_ipcw,1034.1501139013553
official,no_pretraining,2345,2,24,144h_fp_ipcw,49.347412074131064
official,no_pretraining,2345,2,24,144h_fn_ipcw,27.951669562921396
official,no_pretraining,2345,2,24,144h_tss,0.7042952836042478
official,no_pretraining,2345,2,24,144h_hss2,0.6486001809104531
official,no_pretraining,2345,2,24,144h_far,0.37066853062428284
official,no_pretraining,2345,2,24,144h_precision,0.6293314693757172
official,no_pretraining,2345,2,24,144h_recall,0.7498398380596932
official,no_pretraining,2345,2,24,144h_f1,0.6843208012499296
official,no_pretraining,2345,2,24,144h_alert_fraction,0.16333333333333333
official,no_pretraining,2345,2,24,144h_known_count,600.0
official,no_pretraining,2345,2,24,144h_auc,0.9343355003887563
official,no_pretraining,2345,2,24,144h_average_precision,0.8008435196064574
official,no_pretraining,2345,2,24,144h_brier,0.03403727070289639
official,no_pretraining,2345,2,24,144h_km_reference_brier,0.08158930098774504
official,no_pretraining,2345,2,24,144h_bss,0.5828218860704679
official,no_pretraining,2345,2,24,144h_predicted_survival_mean,0.9010304481866979
official,no_pretraining,2345,2,24,144h_observed_survival_km,0.9112654249610479
official,no_pretraining,2345,2,24,144h_ece,0.0339010604188141
official,no_pretraining,2345,2,24,144h_calibration_intercept,-0.5131711285225574
official,no_pretraining,2345,2,24,144h_calibration_slope,1.166670498754091
official,no_pretraining,2345,2,24,integrated_brier_score,0.027796394089270135
official,no_pretraining,2345,2,24,integrated_auc,0.9602206579346263
official,no_pretraining,2346,2,24,harrell_c_index,0.9471903082698214
official,no_pretraining,2346,2,24,uno_c_index,0.8295485498409471
official,no_pretraining,2346,2,24,event_event_pairs,5777.0
official,no_pretraining,2346,2,24,event_event_fraction,0.054762965561043125
official,no_pretraining,2346,2,24,event_event_c_index,0.6880733944954128
official,no_pretraining,2346,2,24,event_censored_pairs,99714.0
official,no_pretraining,2346,2,24,event_censored_fraction,0.9452370344389569
official,no_pretraining,2346,2,24,event_censored_c_index,0.9622018974266402
official,no_pretraining,2346,2,24,12h_threshold,0.07150630505917577
official,no_pretraining,2346,2,24,12h_tp_ipcw,55.84916023865093
official,no_pretraining,2346,2,24,12h_tn_ipcw,1135.9176637090825
official,no_pretraining,2346,2,24,12h_fp_ipcw,67.45871182946658
official,no_pretraining,2346,2,24,12h_fn_ipcw,3.07223107502292
official,no_pretraining,2346,2,24,12h_tss,0.8918009503416653
official,no_pretraining,2346,2,24,12h_hss2,0.5868564455808983
official,no_pretraining,2346,2,24,12h_far,0.5470754680788033
official,no_pretraining,2346,2,24,12h_precision,0.4529245319211967
official,no_pretraining,2346,2,24,12h_recall,0.9478588165261137
official,no_pretraining,2346,2,24,12h_f1,0.6129549030952344
official,no_pretraining,2346,2,24,12h_alert_fraction,0.0997420464316423
official,no_pretraining,2346,2,24,12h_known_count,1163.0
official,no_pretraining,2346,2,24,12h_auc,0.983951553876568
official,no_pretraining,2346,2,24,12h_average_precision,0.7443158267321612
official,no_pretraining,2346,2,24,12h_brier,0.021676237060890228
official,no_pretraining,2346,2,24,12h_km_reference_brier,0.04357689317292897
official,no_pretraining,2346,2,24,12h_bss,0.5025749776407641
official,no_pretraining,2346,2,24,12h_predicted_survival_mean,0.9568450929484262
official,no_pretraining,2346,2,24,12h_observed_survival_km,0.9541362661402012
official,no_pretraining,2346,2,24,12h_ece,0.018309816074010683
official,no_pretraining,2346,2,24,12h_calibration_intercept,0.6906792358249042
official,no_pretraining,2346,2,24,12h_calibration_slope,1.513035429510332
official,no_pretraining,2346,2,24,24h_threshold,0.10491704870910057
official,no_pretraining,2346,2,24,24h_tp_ipcw,62.64353604678481
official,no_pretraining,2346,2,24,24h_tn_ipcw,1115.6665189836144
official,no_pretraining,2346,2,24,24h_fp_ipcw,65.48985855669017
official,no_pretraining,2346,2,24,24h_fn_ipcw,6.473059940165392
official,no_pretraining,2346,2,24,24h_tss,0.8509002491332494
official,no_pretraining,2346,2,24,24h_hss2,0.6069388269873901
official,no_pretraining,2346,2,24,24h_far,0.5111068723290819
official,no_pretraining,2346,2,24,24h_precision,0.48889312767091797
official,no_pretraining,2346,2,24,24h_recall,0.9063457936877047
official,no_pretraining,2346,2,24,24h_f1,0.6351689636007073
official,no_pretraining,2346,2,24,24h_alert_fraction,0.10780669144981413
official,no_pretraining,2346,2,24,24h_known_count,1076.0
official,no_pretraining,2346,2,24,24h_auc,0.9796409231186688
official,no_pretraining,2346,2,24,24h_average_precision,0.7592694669787794
official,no_pretraining,2346,2,24,24h_brier,0.02342319923066025
official,no_pretraining,2346,2,24,24h_km_reference_brier,0.05125594252633338
official,no_pretraining,2346,2,24,24h_bss,0.54301495443916
official,no_pretraining,2346,2,24,24h_predicted_survival_mean,0.9410279278447946
official,no_pretraining,2346,2,24,24h_observed_survival_km,0.946025556578541
official,no_pretraining,2346,2,24,24h_ece,0.016410065937701335
official,no_pretraining,2346,2,24,24h_calibration_intercept,0.10277659131822992
official,no_pretraining,2346,2,24,24h_calibration_slope,1.3791282591589045
official,no_pretraining,2346,2,24,48h_threshold,0.1423399797652699
official,no_pretraining,2346,2,24,48h_tp_ipcw,74.79330279616849
official,no_pretraining,2346,2,24,48h_tn_ipcw,1086.9895518405176
official,no_pretraining,2346,2,24,48h_fp_ipcw,54.349477592025885
official,no_pretraining,2346,2,24,48h_fn_ipcw,9.002819645824879
official,no_pretraining,2346,2,24,48h_tss,0.8449437657491135
official,no_pretraining,2346,2,24,48h_hss2,0.6755703408591321
official,no_pretraining,2346,2,24,48h_far,0.4208479748434645
official,no_pretraining,2346,2,24,48h_precision,0.5791520251565355
official,no_pretraining,2346,2,24,48h_recall,0.892562813368161
official,no_pretraining,2346,2,24,48h_f1,0.7024860352155928
official,no_pretraining,2346,2,24,48h_alert_fraction,0.1182108626198083
official,no_pretraining,2346,2,24,48h_known_count,939.0
official,no_pretraining,2346,2,24,48h_auc,0.97216950305917
official,no_pretraining,2346,2,24,48h_average_precision,0.8005841502105857
official,no_pretraining,2346,2,24,48h_brier,0.02490335118696888
official,no_pretraining,2346,2,24,48h_km_reference_brier,0.061692278013956325
official,no_pretraining,2346,2,24,48h_bss,0.5963295247204987
official,no_pretraining,2346,2,24,48h_predicted_survival_mean,0.9265702530203308
official,no_pretraining,2346,2,24,48h_observed_survival_km,0.9341837307990893
official,no_pretraining,2346,2,24,48h_ece,0.022832887466335397
official,no_pretraining,2346,2,24,48h_calibration_intercept,-0.0259390026471536
official,no_pretraining,2346,2,24,48h_calibration_slope,1.3447001356379154
official,no_pretraining,2346,2,24,72h_threshold,0.17076142803013838
official,no_pretraining,2346,2,24,72h_tp_ipcw,77.58174897497321
official,no_pretraining,2346,2,24,72h_tn_ipcw,1101.0250947942698
official,no_pretraining,2346,2,24,72h_fp_ipcw,54.22285008562751
official,no_pretraining,2346,2,24,72h_fn_ipcw,13.43999959539551
official,no_pretraining,2346,2,24,72h_tss,0.805406871350375
official,no_pretraining,2346,2,24,72h_hss2,0.6676245635335109
official,no_pretraining,2346,2,24,72h_far,0.41138814936720913
official,no_pretraining,2346,2,24,72h_precision,0.588611850632791
official,no_pretraining,2346,2,24,72h_recall,0.8523429860831
official,no_pretraining,2346,2,24,72h_f1,0.6963426883741691
official,no_pretraining,2346,2,24,72h_alert_fraction,0.12705882352941175
official,no_pretraining,2346,2,24,72h_known_count,850.0
official,no_pretraining,2346,2,24,72h_auc,0.9653326116164916
official,no_pretraining,2346,2,24,72h_average_precision,0.8025484778863144
official,no_pretraining,2346,2,24,72h_brier,0.02717537611507271
official,no_pretraining,2346,2,24,72h_km_reference_brier,0.06751678430739513
official,no_pretraining,2346,2,24,72h_bss,0.5975019190584261
official,no_pretraining,2346,2,24,72h_predicted_survival_mean,0.9168488021876539
official,no_pretraining,2346,2,24,72h_observed_survival_km,0.9283200097187064
official,no_pretraining,2346,2,24,72h_ece,0.02119372569590481
official,no_pretraining,2346,2,24,72h_calibration_intercept,-0.25673128461994305
official,no_pretraining,2346,2,24,72h_calibration_slope,1.282945001588157
official,no_pretraining,2346,2,24,144h_threshold,0.23013129345654026
official,no_pretraining,2346,2,24,144h_tp_ipcw,86.08445239732683
official,no_pretraining,2346,2,24,144h_tn_ipcw,1025.5679552797674
official,no_pretraining,2346,2,24,144h_fp_ipcw,57.92957069571908
official,no_pretraining,2346,2,24,144h_fn_ipcw,25.65064301563195
official,no_pretraining,2346,2,24,144h_tss,0.7169680797686007
official,no_pretraining,2346,2,24,144h_hss2,0.6347387598004159
official,no_pretraining,2346,2,24,144h_far,0.4022495132872679
official,no_pretraining,2346,2,24,144h_precision,0.597750486712732
official,no_pretraining,2346,2,24,144h_recall,0.7704334263032541
official,no_pretraining,2346,2,24,144h_f1,0.6731945189113578
official,no_pretraining,2346,2,24,144h_alert_fraction,0.17333333333333334
official,no_pretraining,2346,2,24,144h_known_count,600.0
official,no_pretraining,2346,2,24,144h_auc,0.93917519061711
official,no_pretraining,2346,2,24,144h_average_precision,0.8006095170437866
official,no_pretraining,2346,2,24,144h_brier,0.03462899028250128
official,no_pretraining,2346,2,24,144h_km_reference_brier,0.08158930098774504
official,no_pretraining,2346,2,24,144h_bss,0.5755694697310538
official,no_pretraining,2346,2,24,144h_predicted_survival_mean,0.8988504652281606
official,no_pretraining,2346,2,24,144h_observed_survival_km,0.9112654249610479
official,no_pretraining,2346,2,24,144h_ece,0.03836816158782536
official,no_pretraining,2346,2,24,144h_calibration_intercept,-0.48739513138131874
official,no_pretraining,2346,2,24,144h_calibration_slope,1.2205721043985562
official,no_pretraining,2346,2,24,integrated_brier_score,0.028033463187106176
official,no_pretraining,2346,2,24,integrated_auc,0.9622392896410841
official,no_pretraining,2347,2,24,harrell_c_index,0.9465551890190725
official,no_pretraining,2347,2,24,uno_c_index,0.8300157602748678
official,no_pretraining,2347,2,24,event_event_pairs,5777.0
official,no_pretraining,2347,2,24,event_event_fraction,0.054762965561043125
official,no_pretraining,2347,2,24,event_event_c_index,0.6801107841440194
official,no_pretraining,2347,2,24,event_censored_pairs,99714.0
official,no_pretraining,2347,2,24,event_censored_fraction,0.9452370344389569
official,no_pretraining,2347,2,24,event_censored_c_index,0.9619912951039974
official,no_pretraining,2347,2,24,12h_threshold,0.04884985216187099
official,no_pretraining,2347,2,24,12h_tp_ipcw,58.92139131367385
official,no_pretraining,2347,2,24,12h_tn_ipcw,1037.9937271824376
official,no_pretraining,2347,2,24,12h_fp_ipcw,165.38264835611164
official,no_pretraining,2347,2,24,12h_fn_ipcw,0.0
official,no_pretraining,2347,2,24,12h_tss,0.8625678119349005
official,no_pretraining,2347,2,24,12h_hss2,0.3694552680060311
official,no_pretraining,2347,2,24,12h_far,0.7373146225970055
official,no_pretraining,2347,2,24,12h_precision,0.2626853774029945
official,no_pretraining,2347,2,24,12h_recall,1.0
official,no_pretraining,2347,2,24,12h_f1,0.41607415767064315
official,no_pretraining,2347,2,24,12h_alert_fraction,0.17970765262252794
official,no_pretraining,2347,2,24,12h_known_count,1163.0
official,no_pretraining,2347,2,24,12h_auc,0.9831340826372205
official,no_pretraining,2347,2,24,12h_average_precision,0.7064717617256778
official,no_pretraining,2347,2,24,12h_brier,0.022433261142201774
official,no_pretraining,2347,2,24,12h_km_reference_brier,0.04357689317292897
official,no_pretraining,2347,2,24,12h_bss,0.48520283322681057
official,no_pretraining,2347,2,24,12h_predicted_survival_mean,0.9571913249773546
official,no_pretraining,2347,2,24,12h_observed_survival_km,0.9541362661402012
official,no_pretraining,2347,2,24,12h_ece,0.020569275219829486
official,no_pretraining,2347,2,24,12h_calibration_intercept,0.6961520605318995
official,no_pretraining,2347,2,24,12h_calibration_slope,1.4941979677005977
official,no_pretraining,2347,2,24,24h_threshold,0.1255817539799433
official,no_pretraining,2347,2,24,24h_tp_ipcw,60.53233988064237
official,no_pretraining,2347,2,24,24h_tn_ipcw,1136.7168306625508
official,no_pretraining,2347,2,24,24h_fp_ipcw,44.43954687775403
official,no_pretraining,2347,2,24,24h_fn_ipcw,8.584256106307837
official,no_pretraining,2347,2,24,24h_tss,0.838176600999172
official,no_pretraining,2347,2,24,24h_hss2,0.6736646065625205
official,no_pretraining,2347,2,24,24h_far,0.42334712893211324
official,no_pretraining,2347,2,24,24h_precision,0.5766528710678868
official,no_pretraining,2347,2,24,24h_recall,0.8758003633754097
official,no_pretraining,2347,2,24,24h_f1,0.6954203853817021
official,no_pretraining,2347,2,24,24h_alert_fraction,0.08921933085501858
official,no_pretraining,2347,2,24,24h_known_count,1076.0
official,no_pretraining,2347,2,24,24h_auc,0.9786365672375843
official,no_pretraining,2347,2,24,24h_average_precision,0.7301841656560047
official,no_pretraining,2347,2,24,24h_brier,0.024221409539510626
official,no_pretraining,2347,2,24,24h_km_reference_brier,0.05125594252633338
official,no_pretraining,2347,2,24,24h_bss,0.5274419248642911
official,no_pretraining,2347,2,24,24h_predicted_survival_mean,0.9413595350822396
official,no_pretraining,2347,2,24,24h_observed_survival_km,0.946025556578541
official,no_pretraining,2347,2,24,24h_ece,0.017042029059724996
official,no_pretraining,2347,2,24,24h_calibration_intercept,0.11074444853499339
official,no_pretraining,2347,2,24,24h_calibration_slope,1.3625270433793535
official,no_pretraining,2347,2,24,48h_threshold,0.13600643549052494
official,no_pretraining,2347,2,24,48h_tp_ipcw,75.75433770504895
official,no_pretraining,2347,2,24,48h_tn_ipcw,1090.9663428838367
official,no_pretraining,2347,2,24,48h_fp_ipcw,50.37268654870693
official,no_pretraining,2347,2,24,48h_fn_ipcw,8.0417847369444
official,no_pretraining,2347,2,24,48h_tss,0.8598968139860474
official,no_pretraining,2347,2,24,48h_hss2,0.6968153384312481
official,no_pretraining,2347,2,24,48h_far,0.3993805994135068
official,no_pretraining,2347,2,24,48h_precision,0.6006194005864933
official,no_pretraining,2347,2,24,48h_recall,0.9040315410476037
official,no_pretraining,2347,2,24,48h_f1,0.7217340145424078
official,no_pretraining,2347,2,24,48h_alert_fraction,0.11608093716719915
official,no_pretraining,2347,2,24,48h_known_count,939.0
official,no_pretraining,2347,2,24,48h_auc,0.9712805133765785
official,no_pretraining,2347,2,24,48h_average_precision,0.779972294908882
official,no_pretraining,2347,2,24,48h_brier,0.02555826638031171
official,no_pretraining,2347,2,24,48h_km_reference_brier,0.061692278013956325
official,no_pretraining,2347,2,24,48h_bss,0.5857136873024887
official,no_pretraining,2347,2,24,48h_predicted_survival_mean,0.9268058708925105
official,no_pretraining,2347,2,24,48h_observed_survival_km,0.9341837307990893
official,no_pretraining,2347,2,24,48h_ece,0.023268007797057396
official,no_pretraining,2347,2,24,48h_calibration_intercept,-0.023029576055084298
official,no_pretraining,2347,2,24,48h_calibration_slope,1.3313920419261442
official,no_pretraining,2347,2,24,72h_threshold,0.15988925239518104
official,no_pretraining,2347,2,24,72h_tp_ipcw,78.54278388385369
official,no_pretraining,2347,2,24,72h_tn_ipcw,1101.0250947942698
official,no_pretraining,2347,2,24,72h_fp_ipcw,54.22285008562751
official,no_pretraining,2347,2,24,72h_fn_ipcw,12.478964686515033
official,no_pretraining,2347,2,24,72h_tss,0.815965171141084
official,no_pretraining,2347,2,24,72h_hss2,0.6736609416880306
official,no_pretraining,2347,2,24,72h_far,0.408410282574267
official,no_pretraining,2347,2,24,72h_precision,0.5915897174257331
official,no_pretraining,2347,2,24,72h_recall,0.8629012858738089
official,no_pretraining,2347,2,24,72h_f1,0.7019411281587115
official,no_pretraining,2347,2,24,72h_alert_fraction,0.12823529411764706
official,no_pretraining,2347,2,24,72h_known_count,850.0
official,no_pretraining,2347,2,24,72h_auc,0.9646274319749687
official,no_pretraining,2347,2,24,72h_average_precision,0.7939172056233367
official,no_pretraining,2347,2,24,72h_brier,0.02757200513652881
official,no_pretraining,2347,2,24,72h_km_reference_brier,0.06751678430739513
official,no_pretraining,2347,2,24,72h_bss,0.591627394293587
official,no_pretraining,2347,2,24,72h_predicted_survival_mean,0.9170206393229151
official,no_pretraining,2347,2,24,72h_observed_survival_km,0.9283200097187064
official,no_pretraining,2347,2,24,72h_ece,0.021320197245188917
official,no_pretraining,2347,2,24,72h_calibration_intercept,-0.2441356155461316
official,no_pretraining,2347,2,24,72h_calibration_slope,1.276877555899691
official,no_pretraining,2347,2,24,144h_threshold,0.2414443536411045
official,no_pretraining,2347,2,24,144h_tp_ipcw,82.7387103749487
official,no_pretraining,2347,2,24,144h_tn_ipcw,1057.7510501107226
official,no_pretraining,2347,2,24,144h_fp_ipcw,25.746475864764033
official,no_pretraining,2347,2,24,144h_fn_ipcw,28.99638503801008
official,no_pretraining,2347,2,24,144h_tss,0.7167275304399237
official,no_pretraining,2347,2,24,144h_hss2,0.726199487988767
official,no_pretraining,2347,2,24,144h_far,0.23732711125990696
official,no_pretraining,2347,2,24,144h_precision,0.762672888740093
official,no_pretraining,2347,2,24,144h_recall,0.7404899066775474
official,no_pretraining,2347,2,24,144h_f1,0.7514177146085309
official,no_pretraining,2347,2,24,144h_alert_fraction,0.14333333333333334
official,no_pretraining,2347,2,24,144h_known_count,600.0
official,no_pretraining,2347,2,24,144h_auc,0.9391820266361577
official,no_pretraining,2347,2,24,144h_average_precision,0.8028254510775457
official,no_pretraining,2347,2,24,144h_brier,0.03435627289199244
official,no_pretraining,2347,2,24,144h_km_reference_brier,0.08158930098774504
official,no_pretraining,2347,2,24,144h_bss,0.5789120328760649
official,no_pretraining,2347,2,24,144h_predicted_survival_mean,0.898841210978615
official,no_pretraining,2347,2,24,144h_observed_survival_km,0.9112654249610479
official,no_pretraining,2347,2,24,144h_ece,0.04250975938036894
official,no_pretraining,2347,2,24,144h_calibration_intercept,-0.4468656778248113
official,no_pretraining,2347,2,24,144h_calibration_slope,1.2343396338844843
official,no_pretraining,2347,2,24,integrated_brier_score,0.02836564698755298
official,no_pretraining,2347,2,24,integrated_auc,0.9616489751578627
official,svm,2345,2,24,harrell_c_index,0.8916932089637128
official,svm,2345,2,24,uno_c_index,0.7501604186717702
official,svm,2345,2,24,event_event_pairs,5777.0
official,svm,2345,2,24,event_event_fraction,0.054762965561043125
official,svm,2345,2,24,event_event_c_index,0.6720616236801108
official,svm,2345,2,24,event_censored_pairs,99714.0
official,svm,2345,2,24,event_censored_fraction,0.9452370344389569
official,svm,2345,2,24,event_censored_c_index,0.9044266602483102
official,svm,2345,2,24,12h_threshold,0.04688293595246329
official,svm,2345,2,24,12h_tp_ipcw,48.60787102996987
official,svm,2345,2,24,12h_tn_ipcw,1066.2828644012461
official,svm,2345,2,24,12h_fp_ipcw,137.09351113730304
official,svm,2345,2,24,12h_fn_ipcw,10.313520283703985
official,svm,2345,2,24,12h_tss,0.7110373079881209
official,svm,2345,2,24,12h_hss2,0.3514482999772108
official,svm,2345,2,24,12h_far,0.7382471230817996
official,svm,2345,2,24,12h_precision,0.2617528769182003
official,svm,2345,2,24,12h_recall,0.8249613586210321
official,svm,2345,2,24,12h_f1,0.39741084068573723
official,svm,2345,2,24,12h_alert_fraction,0.14875322441960448
official,svm,2345,2,24,12h_known_count,1163.0
official,svm,2345,2,24,12h_auc,0.9091843338123238
official,svm,2345,2,24,12h_average_precision,0.6769232957254209
official,svm,2345,2,24,12h_brier,0.025826793503725267
official,svm,2345,2,24,12h_km_reference_brier,0.04357689317292897
official,svm,2345,2,24,12h_bss,0.4073282507489657
official,svm,2345,2,24,12h_predicted_survival_mean,0.9425299548106629
official,svm,2345,2,24,12h_observed_survival_km,0.9541362661402012
official,svm,2345,2,24,12h_ece,0.028034854169611902
official,svm,2345,2,24,12h_calibration_intercept,0.3162039779455114
official,svm,2345,2,24,12h_calibration_slope,1.2837371879498685
official,svm,2345,2,24,24h_threshold,0.0589601408232564
official,svm,2345,2,24,24h_tp_ipcw,60.545272299228216
official,svm,2345,2,24,24h_tn_ipcw,1121.513827783319
official,svm,2345,2,24,24h_fp_ipcw,59.64254975698569
official,svm,2345,2,24,24h_fn_ipcw,8.571323687721986
official,svm,2345,2,24,24h_tss,0.8254924240485746
official,svm,2345,2,24,24h_hss2,0.6124567634958483
official,svm,2345,2,24,24h_far,0.4962445340684337
official,svm,2345,2,24,24h_precision,0.5037554659315663
official,svm,2345,2,24,24h_recall,0.875987473553525
official,svm,2345,2,24,24h_f1,0.6396604255207929
official,svm,2345,2,24,24h_alert_fraction,0.10130111524163568
official,svm,2345,2,24,24h_known_count,1076.0
official,svm,2345,2,24,24h_auc,0.9228820603629283
official,svm,2345,2,24,24h_average_precision,0.6937507799488136
official,svm,2345,2,24,24h_brier,0.027990340155264262
official,svm,2345,2,24,24h_km_reference_brier,0.05125594252633338
official,svm,2345,2,24,24h_bss,0.45391034140316755
official,svm,2345,2,24,24h_predicted_survival_mean,0.9275409049983792
official,svm,2345,2,24,24h_observed_survival_km,0.946025556578541
official,svm,2345,2,24,24h_ece,0.028349936843121214
official,svm,2345,2,24,24h_calibration_intercept,-0.39824038759909836
official,svm,2345,2,24,24h_calibration_slope,1.1192586163094496
official,svm,2345,2,24,48h_threshold,0.2096439273152786
official,svm,2345,2,24,48h_tp_ipcw,67.18216039627585
official,svm,2345,2,24,48h_tn_ipcw,1112.1758951148709
official,svm,2345,2,24,48h_fp_ipcw,29.16313431767242
official,svm,2345,2,24,48h_fn_ipcw,16.613962045717525
official,svm,2345,2,24,48h_tss,0.7761818381613035
official,svm,2345,2,24,48h_hss2,0.7258230525758645
official,svm,2345,2,24,48h_far,0.30269391363904735
official,svm,2345,2,24,48h_precision,0.6973060863609527
official,svm,2345,2,24,48h_recall,0.8017335222495731
official,svm,2345,2,24,48h_f1,0.7458824456578886
official,svm,2345,2,24,48h_alert_fraction,0.09052183173588925
official,svm,2345,2,24,48h_known_count,939.0
official,svm,2345,2,24,48h_auc,0.9227224323577321
official,svm,2345,2,24,48h_average_precision,0.7444858820146735
official,svm,2345,2,24,48h_brier,0.02791015474608034
official,svm,2345,2,24,48h_km_reference_brier,0.061692278013956325
official,svm,2345,2,24,48h_bss,0.5475907902158133
official,svm,2345,2,24,48h_predicted_survival_mean,0.9151356341909763
official,svm,2345,2,24,48h_observed_survival_km,0.9341837307990893
official,svm,2345,2,24,48h_ece,0.02415582397859641
official,svm,2345,2,24,48h_calibration_intercept,-0.44351334553877575
official,svm,2345,2,24,48h_calibration_slope,1.1320730112581132
official,svm,2345,2,24,72h_threshold,0.22224607994515566
official,svm,2345,2,24,72h_tp_ipcw,70.97741036024533
official,svm,2345,2,24,72h_tn_ipcw,1125.1241392767708
official,svm,2345,2,24,72h_fp_ipcw,30.123805603126407
official,svm,2345,2,24,72h_fn_ipcw,20.04433821012339
official,svm,2345,2,24,72h_tss,0.7537095581484505
official,svm,2345,2,24,72h_hss2,0.7171315554470655
official,svm,2345,2,24,72h_far,0.29795690700733063
official,svm,2345,2,24,72h_precision,0.7020430929926693
official,svm,2345,2,24,72h_recall,0.7797851774444088
official,svm,2345,2,24,72h_f1,0.738874819389749
official,svm,2345,2,24,72h_alert_fraction,0.1011764705882353
official,svm,2345,2,24,72h_known_count,850.0
official,svm,2345,2,24,72h_auc,0.9385625112192282
official,svm,2345,2,24,72h_average_precision,0.7866002901230602
official,svm,2345,2,24,72h_brier,0.02836848519692973
official,svm,2345,2,24,72h_km_reference_brier,0.06751678430739513
official,svm,2345,2,24,72h_bss,0.579830623037796
official,svm,2345,2,24,72h_predicted_survival_mean,0.8992469302683195
official,svm,2345,2,24,72h_observed_survival_km,0.9283200097187064
official,svm,2345,2,24,72h_ece,0.0331664847881894
official,svm,2345,2,24,72h_calibration_intercept,-0.5521357866495767
official,svm,2345,2,24,72h_calibration_slope,1.1742205410851523
official,svm,2345,2,24,144h_threshold,0.14999944817018884
official,svm,2345,2,24,144h_tp_ipcw,85.26391052886596
official,svm,2345,2,24,144h_tn_ipcw,1040.5867328675463
official,svm,2345,2,24,144h_fp_ipcw,42.91079310794006
official,svm,2345,2,24,144h_fn_ipcw,26.471184884092814
official,svm,2345,2,24,144h_tss,0.7234858299132751
official,svm,2345,2,24,144h_hss2,0.6787056814470909
official,svm,2345,2,24,144h_far,0.33478363429285907
official,svm,2345,2,24,144h_precision,0.6652163657071409
official,svm,2345,2,24,144h_recall,0.7630897903093146
official,svm,2345,2,24,144h_f1,0.7107997327877347
official,svm,2345,2,24,144h_alert_fraction,0.16
official,svm,2345,2,24,144h_known_count,600.0
official,svm,2345,2,24,144h_auc,0.9318358022548796
official,svm,2345,2,24,144h_average_precision,0.8075915435635166
official,svm,2345,2,24,144h_brier,0.03662045131877748
official,svm,2345,2,24,144h_km_reference_brier,0.08158930098774504
official,svm,2345,2,24,144h_bss,0.5511611096621849
official,svm,2345,2,24,144h_predicted_survival_mean,0.8397030176004944
official,svm,2345,2,24,144h_observed_survival_km,0.9112654249610479
official,svm,2345,2,24,144h_ece,0.06144344287027612
official,svm,2345,2,24,144h_calibration_intercept,-0.7792461019989272
official,svm,2345,2,24,144h_calibration_slope,1.236623344766099
official,svm,2345,2,24,integrated_brier_score,0.030368591929179192
official,svm,2345,2,24,integrated_auc,0.9303743248915973
official,svm,2346,2,24,harrell_c_index,0.8928307359799795
official,svm,2346,2,24,uno_c_index,0.7516246997059163
official,svm,2346,2,24,event_event_pairs,5777.0
official,svm,2346,2,24,event_event_fraction,0.054762965561043125
official,svm,2346,2,24,event_event_c_index,0.672234723905141
official,svm,2346,2,24,event_censored_pairs,99714.0
official,svm,2346,2,24,event_censored_fraction,0.9452370344389569
official,svm,2346,2,24,event_censored_c_index,0.9056200734099524
official,svm,2346,2,24,12h_threshold,0.04535836498076795
official,svm,2346,2,24,12h_tp_ipcw,48.60787102996987
official,svm,2346,2,24,12h_tn_ipcw,1066.2828644012461
official,svm,2346,2,24,12h_fp_ipcw,137.09351113730304
official,svm,2346,2,24,12h_fn_ipcw,10.313520283703985
official,svm,2346,2,24,12h_tss,0.7110373079881209
official,svm,2346,2,24,12h_hss2,0.3514482999772108
official,svm,2346,2,24,12h_far,0.7382471230817996
official,svm,2346,2,24,12h_precision,0.2617528769182003
official,svm,2346,2,24,12h_recall,0.8249613586210321
official,svm,2346,2,24,12h_f1,0.39741084068573723
official,svm,2346,2,24,12h_alert_fraction,0.14875322441960448
official,svm,2346,2,24,12h_known_count,1163.0
official,svm,2346,2,24,12h_auc,0.9091843338123238
official,svm,2346,2,24,12h_average_precision,0.6769232957254209
official,svm,2346,2,24,12h_brier,0.025629440701031476
official,svm,2346,2,24,12h_km_reference_brier,0.04357689317292897
official,svm,2346,2,24,12h_bss,0.41185709134140125
official,svm,2346,2,24,12h_predicted_survival_mean,0.9427383651936865
official,svm,2346,2,24,12h_observed_survival_km,0.9541362661402012
official,svm,2346,2,24,12h_ece,0.02472544930420492
official,svm,2346,2,24,12h_calibration_intercept,-0.02420049514760117
official,svm,2346,2,24,12h_calibration_slope,1.157891027545214
official,svm,2346,2,24,24h_threshold,0.05943218466308264
official,svm,2346,2,24,24h_tp_ipcw,60.545272299228216
official,svm,2346,2,24,24h_tn_ipcw,1123.8527513032009
official,svm,2346,2,24,24h_fp_ipcw,57.3036262371039
official,svm,2346,2,24,24h_fn_ipcw,8.571323687721986
official,svm,2346,2,24,24h_tss,0.8274726220683766
official,svm,2346,2,24,24h_hss2,0.6212686741782489
official,svm,2346,2,24,24h_far,0.4862466000854266
official,svm,2346,2,24,24h_precision,0.5137533999145734
official,svm,2346,2,24,24h_recall,0.875987473553525
official,svm,2346,2,24,24h_f1,0.6476625267523753
official,svm,2346,2,24,24h_alert_fraction,0.09944237918215613
official,svm,2346,2,24,24h_known_count,1076.0
official,svm,2346,2,24,24h_auc,0.9247407896108154
official,svm,2346,2,24,24h_average_precision,0.7043132908608218
official,svm,2346,2,24,24h_brier,0.02792461586715751
official,svm,2346,2,24,24h_km_reference_brier,0.05125594252633338
official,svm,2346,2,24,24h_bss,0.4551926178547806
official,svm,2346,2,24,24h_predicted_survival_mean,0.9278362695457846
official,svm,2346,2,24,24h_observed_survival_km,0.946025556578541
official,svm,2346,2,24,24h_ece,0.026398813412973555
official,svm,2346,2,24,24h_calibration_intercept,-0.46447047060535257
official,svm,2346,2,24,24h_calibration_slope,1.0892803163050708
official,svm,2346,2,24,48h_threshold,0.21000589751721688
official,svm,2346,2,24,48h_tp_ipcw,67.18216039627585
official,svm,2346,2,24,48h_tn_ipcw,1112.1758951148709
official,svm,2346,2,24,48h_fp_ipcw,29.16313431767242
official,svm,2346,2,24,48h_fn_ipcw,16.613962045717525
official,svm,2346,2,24,48h_tss,0.7761818381613035
official,svm,2346,2,24,48h_hss2,0.7258230525758645
official,svm,2346,2,24,48h_far,0.30269391363904735
official,svm,2346,2,24,48h_precision,0.6973060863609527
official,svm,2346,2,24,48h_recall,0.8017335222495731
official,svm,2346,2,24,48h_f1,0.7458824456578886
official,svm,2346,2,24,48h_alert_fraction,0.09052183173588925
official,svm,2346,2,24,48h_known_count,939.0
official,svm,2346,2,24,48h_auc,0.9244996166229212
official,svm,2346,2,24,48h_average_precision,0.748373609561711
official,svm,2346,2,24,48h_brier,0.027850597672289295
official,svm,2346,2,24,48h_km_reference_brier,0.061692278013956325
official,svm,2346,2,24,48h_bss,0.5485561796568965
official,svm,2346,2,24,48h_predicted_survival_mean,0.9157550284469954
official,svm,2346,2,24,48h_observed_survival_km,0.9341837307990893
official,svm,2346,2,24,48h_ece,0.023520067623797776
official,svm,2346,2,24,48h_calibration_intercept,-0.45318286054412094
official,svm,2346,2,24,48h_calibration_slope,1.1199358859758646
official,svm,2346,2,24,72h_threshold,0.21828059001694333
official,svm,2346,2,24,72h_tp_ipcw,70.97741036024533
official,svm,2346,2,24,72h_tn_ipcw,1125.1241392767708
official,svm,2346,2,24,72h_fp_ipcw,30.123805603126407
official,svm,2346,2,24,72h_fn_ipcw,20.04433821012339
official,svm,2346,2,24,72h_tss,0.7537095581484505
official,svm,2346,2,24,72h_hss2,0.7171315554470655
official,svm,2346,2,24,72h_far,0.29795690700733063
official,svm,2346,2,24,72h_precision,0.7020430929926693
official,svm,2346,2,24,72h_recall,0.7797851774444088
official,svm,2346,2,24,72h_f1,0.738874819389749
official,svm,2346,2,24,72h_alert_fraction,0.1011764705882353
official,svm,2346,2,24,72h_known_count,850.0
official,svm,2346,2,24,72h_auc,0.9387584466773274
official,svm,2346,2,24,72h_average_precision,0.7857770159736027
official,svm,2346,2,24,72h_brier,0.028308705836164887
official,svm,2346,2,24,72h_km_reference_brier,0.06751678430739513
official,svm,2346,2,24,72h_bss,0.5807160230368935
official,svm,2346,2,24,72h_predicted_survival_mean,0.8996530311539596
official,svm,2346,2,24,72h_observed_survival_km,0.9283200097187064
official,svm,2346,2,24,72h_ece,0.0326834811947915
official,svm,2346,2,24,72h_calibration_intercept,-0.5305142001468599
official,svm,2346,2,24,72h_calibration_slope,1.178373195171057
official,svm,2346,2,24,144h_threshold,0.15128117351931358
official,svm,2346,2,24,144h_tp_ipcw,85.26391052886596
official,svm,2346,2,24,144h_tn_ipcw,1040.5867328675463
official,svm,2346,2,24,144h_fp_ipcw,42.91079310794006
official,svm,2346,2,24,144h_fn_ipcw,26.471184884092814
official,svm,2346,2,24,144h_tss,0.7234858299132751
official,svm,2346,2,24,144h_hss2,0.6787056814470909
official,svm,2346,2,24,144h_far,0.33478363429285907
official,svm,2346,2,24,144h_precision,0.6652163657071409
official,svm,2346,2,24,144h_recall,0.7630897903093146
official,svm,2346,2,24,144h_f1,0.7107997327877347
official,svm,2346,2,24,144h_alert_fraction,0.16
official,svm,2346,2,24,144h_known_count,600.0
official,svm,2346,2,24,144h_auc,0.9318358022548796
official,svm,2346,2,24,144h_average_precision,0.8075915435635166
official,svm,2346,2,24,144h_brier,0.036712379406135406
official,svm,2346,2,24,144h_km_reference_brier,0.08158930098774504
official,svm,2346,2,24,144h_bss,0.5500343922342255
official,svm,2346,2,24,144h_predicted_survival_mean,0.8386324341842498
official,svm,2346,2,24,144h_observed_survival_km,0.9112654249610479
official,svm,2346,2,24,144h_ece,0.0623768628222891
official,svm,2346,2,24,144h_calibration_intercept,-0.7815193341265312
official,svm,2346,2,24,144h_calibration_slope,1.2427154281366584
official,svm,2346,2,24,integrated_brier_score,0.030343163732626948
official,svm,2346,2,24,integrated_auc,0.9310221616401978
official,svm,2347,2,24,harrell_c_index,0.8953617335911728
official,svm,2347,2,24,uno_c_index,0.7550887450954006
official,svm,2347,2,24,event_event_pairs,5777.0
official,svm,2347,2,24,event_event_fraction,0.054762965561043125
official,svm,2347,2,24,event_event_c_index,0.6727540245802319
official,svm,2347,2,24,event_censored_pairs,99714.0
official,svm,2347,2,24,event_censored_fraction,0.9452370344389569
official,svm,2347,2,24,event_censored_c_index,0.9082676454660329
official,svm,2347,2,24,12h_threshold,0.044441424504150784
official,svm,2347,2,24,12h_tp_ipcw,48.60787102996987
official,svm,2347,2,24,12h_tn_ipcw,1066.2828644012461
official,svm,2347,2,24,12h_fp_ipcw,137.09351113730304
official,svm,2347,2,24,12h_fn_ipcw,10.313520283703985
official,svm,2347,2,24,12h_tss,0.7110373079881209
official,svm,2347,2,24,12h_hss2,0.3514482999772108
official,svm,2347,2,24,12h_far,0.7382471230817996
official,svm,2347,2,24,12h_precision,0.2617528769182003
official,svm,2347,2,24,12h_recall,0.8249613586210321
official,svm,2347,2,24,12h_f1,0.39741084068573723
official,svm,2347,2,24,12h_alert_fraction,0.14875322441960448
official,svm,2347,2,24,12h_known_count,1163.0
official,svm,2347,2,24,12h_auc,0.9091843338123238
official,svm,2347,2,24,12h_average_precision,0.6769232957254209
official,svm,2347,2,24,12h_brier,0.02556954186666129
official,svm,2347,2,24,12h_km_reference_brier,0.04357689317292897
official,svm,2347,2,24,12h_bss,0.4132316462949288
official,svm,2347,2,24,12h_predicted_survival_mean,0.9431162350770944
official,svm,2347,2,24,12h_observed_survival_km,0.9541362661402012
official,svm,2347,2,24,12h_ece,0.023476002889132392
official,svm,2347,2,24,12h_calibration_intercept,-0.12383183057001183
official,svm,2347,2,24,12h_calibration_slope,1.1176325184764082
official,svm,2347,2,24,24h_threshold,0.059827310085391994
official,svm,2347,2,24,24h_tp_ipcw,60.545272299228216
official,svm,2347,2,24,24h_tn_ipcw,1118.0054425034964
official,svm,2347,2,24,24h_fp_ipcw,63.15093503680837
official,svm,2347,2,24,24h_fn_ipcw,8.571323687721986
official,svm,2347,2,24,24h_tss,0.8225221270188716
official,svm,2347,2,24,24h_hss2,0.5996226474833087
official,svm,2347,2,24,24h_far,0.5105325086099913
official,svm,2347,2,24,24h_precision,0.48946749139000867
official,svm,2347,2,24,24h_recall,0.875987473553525
official,svm,2347,2,24,24h_f1,0.6280212854724894
official,svm,2347,2,24,24h_alert_fraction,0.10408921933085502
official,svm,2347,2,24,24h_known_count,1076.0
official,svm,2347,2,24,24h_auc,0.9288237567854039
official,svm,2347,2,24,24h_average_precision,0.7088904734754452
official,svm,2347,2,24,24h_brier,0.02783065570727785
official,svm,2347,2,24,24h_km_reference_brier,0.05125594252633338
official,svm,2347,2,24,24h_bss,0.4570257742703784
official,svm,2347,2,24,24h_predicted_survival_mean,0.9273940619274482
official,svm,2347,2,24,24h_observed_survival_km,0.946025556578541
official,svm,2347,2,24,24h_ece,0.025772025385385547
official,svm,2347,2,24,24h_calibration_intercept,-0.4161849589116168
official,svm,2347,2,24,24h_calibration_slope,1.112515105907544
official,svm,2347,2,24,48h_threshold,0.20957450262020072
official,svm,2347,2,24,48h_tp_ipcw,67.18216039627585
official,svm,2347,2,24,48h_tn_ipcw,1112.1758951148709
official,svm,2347,2,24,48h_fp_ipcw,29.16313431767242
official,svm,2347,2,24,48h_fn_ipcw,16.613962045717525
official,svm,2347,2,24,48h_tss,0.7761818381613035
official,svm,2347,2,24,48h_hss2,0.7258230525758645
official,svm,2347,2,24,48h_far,0.30269391363904735
official,svm,2347,2,24,48h_precision,0.6973060863609527
official,svm,2347,2,24,48h_recall,0.8017335222495731
official,svm,2347,2,24,48h_f1,0.7458824456578886
official,svm,2347,2,24,48h_alert_fraction,0.09052183173588925
official,svm,2347,2,24,48h_known_count,939.0
official,svm,2347,2,24,48h_auc,0.9279064652124512
official,svm,2347,2,24,48h_average_precision,0.751401634415583
official,svm,2347,2,24,48h_brier,0.02782223007845968
official,svm,2347,2,24,48h_km_reference_brier,0.061692278013956325
official,svm,2347,2,24,48h_bss,0.5490160037182352
official,svm,2347,2,24,48h_predicted_survival_mean,0.915416716721746
official,svm,2347,2,24,48h_observed_survival_km,0.9341837307990893
official,svm,2347,2,24,48h_ece,0.023578482969682835
official,svm,2347,2,24,48h_calibration_intercept,-0.4435027880616303
official,svm,2347,2,24,48h_calibration_slope,1.125239457797892
official,svm,2347,2,24,72h_threshold,0.2222479885068026
official,svm,2347,2,24,72h_tp_ipcw,70.97741036024533
official,svm,2347,2,24,72h_tn_ipcw,1125.1241392767708
official,svm,2347,2,24,72h_fp_ipcw,30.123805603126407
official,svm,2347,2,24,72h_fn_ipcw,20.04433821012339
official,svm,2347,2,24,72h_tss,0.7537095581484505
official,svm,2347,2,24,72h_hss2,0.7171315554470655
official,svm,2347,2,24,72h_far,0.29795690700733063
official,svm,2347,2,24,72h_precision,0.7020430929926693
official,svm,2347,2,24,72h_recall,0.7797851774444088
official,svm,2347,2,24,72h_f1,0.738874819389749
official,svm,2347,2,24,72h_alert_fraction,0.1011764705882353
official,svm,2347,2,24,72h_known_count,850.0
official,svm,2347,2,24,72h_auc,0.9389790565278261
official,svm,2347,2,24,72h_average_precision,0.7868090068394974
official,svm,2347,2,24,72h_brier,0.028320896021066563
official,svm,2347,2,24,72h_km_reference_brier,0.06751678430739513
official,svm,2347,2,24,72h_bss,0.5805354726000396
official,svm,2347,2,24,72h_predicted_survival_mean,0.899309324302121
official,svm,2347,2,24,72h_observed_survival_km,0.9283200097187064
official,svm,2347,2,24,72h_ece,0.03320983185028455
official,svm,2347,2,24,72h_calibration_intercept,-0.5764687967194599
official,svm,2347,2,24,72h_calibration_slope,1.1615780768694017
official,svm,2347,2,24,144h_threshold,0.14924446261817703
official,svm,2347,2,24,144h_tp_ipcw,85.26391052886596
official,svm,2347,2,24,144h_tn_ipcw,1040.5867328675463
official,svm,2347,2,24,144h_fp_ipcw,42.91079310794006
official,svm,2347,2,24,144h_fn_ipcw,26.471184884092814
official,svm,2347,2,24,144h_tss,0.7234858299132751
official,svm,2347,2,24,144h_hss2,0.6787056814470909
official,svm,2347,2,24,144h_far,0.33478363429285907
official,svm,2347,2,24,144h_precision,0.6652163657071409
official,svm,2347,2,24,144h_recall,0.7630897903093146
official,svm,2347,2,24,144h_f1,0.7107997327877347
official,svm,2347,2,24,144h_alert_fraction,0.16
official,svm,2347,2,24,144h_known_count,600.0
official,svm,2347,2,24,144h_auc,0.9318358022548796
official,svm,2347,2,24,144h_average_precision,0.8075915435635164
official,svm,2347,2,24,144h_brier,0.036542263247631816
official,svm,2347,2,24,144h_km_reference_brier,0.08158930098774504
official,svm,2347,2,24,144h_bss,0.552119422458092
official,svm,2347,2,24,144h_predicted_survival_mean,0.8401211746674555
official,svm,2347,2,24,144h_observed_survival_km,0.9112654249610479
official,svm,2347,2,24,144h_ece,0.06092372605326815
official,svm,2347,2,24,144h_calibration_intercept,-0.7757311770271466
official,svm,2347,2,24,144h_calibration_slope,1.2348036214318094
official,svm,2347,2,24,integrated_brier_score,0.030280508043484405
official,svm,2347,2,24,integrated_auc,0.9322785786713739
official,tim_sfsa,2345,2,24,harrell_c_index,0.945550373488037
official,tim_sfsa,2345,2,24,uno_c_index,0.8253784063663742
official,tim_sfsa,2345,2,24,event_event_pairs,5777.0
official,tim_sfsa,2345,2,24,event_event_fraction,0.054762965561043125
official,tim_sfsa,2345,2,24,event_event_c_index,0.6842651895447464
official,tim_sfsa,2345,2,24,event_censored_pairs,99714.0
official,tim_sfsa,2345,2,24,event_censored_fraction,0.9452370344389569
official,tim_sfsa,2345,2,24,event_censored_c_index,0.9606875664400184
official,tim_sfsa,2345,2,24,12h_threshold,0.06663175576480562
official,tim_sfsa,2345,2,24,12h_tp_ipcw,54.782679547597176
official,tim_sfsa,2345,2,24,12h_tn_ipcw,1153.3263635360418
official,tim_sfsa,2345,2,24,12h_fp_ipcw,50.05001200250748
official,tim_sfsa,2345,2,24,12h_fn_ipcw,4.13871176607668
official,tim_sfsa,2345,2,24,12h_tss,0.8881674369121411
official,tim_sfsa,2345,2,24,12h_hss2,0.6480505433464087
official,tim_sfsa,2345,2,24,12h_far,0.47742752058012494
official,tim_sfsa,2345,2,24,12h_precision,0.5225724794198751
official,tim_sfsa,2345,2,24,12h_recall,0.9297587569844737
official,tim_sfsa,2345,2,24,12h_f1,0.6690847469515497
official,tim_sfsa,2345,2,24,12h_alert_fraction,0.08512467755803955
official,tim_sfsa,2345,2,24,12h_known_count,1163.0
official,tim_sfsa,2345,2,24,12h_auc,0.9819247382433973
official,tim_sfsa,2345,2,24,12h_average_precision,0.722682662988621
official,tim_sfsa,2345,2,24,12h_brier,0.021823638543730272
official,tim_sfsa,2345,2,24,12h_km_reference_brier,0.04357689317292897
official,tim_sfsa,2345,2,24,12h_bss,0.4991924170195857
official,tim_sfsa,2345,2,24,12h_predicted_survival_mean,0.957391203308666
official,tim_sfsa,2345,2,24,12h_observed_survival_km,0.9541362661402012
official,tim_sfsa,2345,2,24,12h_ece,0.015620844860289149
official,tim_sfsa,2345,2,24,12h_calibration_intercept,0.6702406674950216
official,tim_sfsa,2345,2,24,12h_calibration_slope,1.4979673758910836
official,tim_sfsa,2345,2,24,24h_threshold,0.09988234978440602
official,tim_sfsa,2345,2,24,24h_tp_ipcw,61.57705535573105
official,tim_sfsa,2345,2,24,24h_tn_ipcw,1135.5473689026098
official,tim_sfsa,2345,2,24,24h_fp_ipcw,45.60900863769493
official,tim_sfsa,2345,2,24,24h_fn_ipcw,7.539540631219152
official,tim_sfsa,2345,2,24,24h_tss,0.8523017642525621
official,tim_sfsa,2345,2,24,24h_hss2,0.676814035790426
official,tim_sfsa,2345,2,24,24h_far,0.4255124867771267
official,tim_sfsa,2345,2,24,24h_precision,0.5744875132228733
official,tim_sfsa,2345,2,24,24h_recall,0.8909156256387006
official,tim_sfsa,2345,2,24,24h_f1,0.6985380182305251
official,tim_sfsa,2345,2,24,24h_alert_fraction,0.09107806691449814
official,tim_sfsa,2345,2,24,24h_known_count,1076.0
official,tim_sfsa,2345,2,24,24h_auc,0.9766813104317957
official,tim_sfsa,2345,2,24,24h_average_precision,0.7344206172495141
official,tim_sfsa,2345,2,24,24h_brier,0.023612882831029223
official,tim_sfsa,2345,2,24,24h_km_reference_brier,0.05125594252633338
official,tim_sfsa,2345,2,24,24h_bss,0.5393142401215663
official,tim_sfsa,2345,2,24,24h_predicted_survival_mean,0.9416695362516897
official,tim_sfsa,2345,2,24,24h_observed_survival_km,0.946025556578541
official,tim_sfsa,2345,2,24,24h_ece,0.012530123164954906
official,tim_sfsa,2345,2,24,24h_calibration_intercept,0.07509026482678727
official,tim_sfsa,2345,2,24,24h_calibration_slope,1.3440685562295491
official,tim_sfsa,2345,2,24,48h_threshold,0.1220030347897022
official,tim_sfsa,2345,2,24,48h_tp_ipcw,73.72682210511472
official,tim_sfsa,2345,2,24,48h_tn_ipcw,1097.5943279560347
official,tim_sfsa,2345,2,24,48h_fp_ipcw,43.74470147650864
official,tim_sfsa,2345,2,24,48h_fn_ipcw,10.069300336878637
official,tim_sfsa,2345,2,24,48h_tss,0.8415081984400667
official,tim_sfsa,2345,2,24,48h_hss2,0.7094247181478288
official,tim_sfsa,2345,2,24,48h_far,0.37238558029013114
official,tim_sfsa,2345,2,24,48h_precision,0.6276144197098689
official,tim_sfsa,2345,2,24,48h_recall,0.879835724572471
official,tim_sfsa,2345,2,24,48h_f1,0.7326246772565087
official,tim_sfsa,2345,2,24,48h_alert_fraction,0.10862619808306709
official,tim_sfsa,2345,2,24,48h_known_count,939.0
official,tim_sfsa,2345,2,24,48h_auc,0.9702154948904328
official,tim_sfsa,2345,2,24,48h_average_precision,0.7888452534377391
official,tim_sfsa,2345,2,24,48h_brier,0.024498011350062222
official,tim_sfsa,2345,2,24,48h_km_reference_brier,0.061692278013956325
official,tim_sfsa,2345,2,24,48h_bss,0.6028998743648246
official,tim_sfsa,2345,2,24,48h_predicted_survival_mean,0.9273360112721318
official,tim_sfsa,2345,2,24,48h_observed_survival_km,0.9341837307990893
official,tim_sfsa,2345,2,24,48h_ece,0.018446493467487377
official,tim_sfsa,2345,2,24,48h_calibration_intercept,-0.044804284091400116
official,tim_sfsa,2345,2,24,48h_calibration_slope,1.3086588117897662
official,tim_sfsa,2345,2,24,72h_threshold,0.14695372618763025
official,tim_sfsa,2345,2,24,72h_tp_ipcw,76.51526828391944
official,tim_sfsa,2345,2,24,72h_tn_ipcw,1113.0746170355203
official,tim_sfsa,2345,2,24,72h_fp_ipcw,42.173327844376956
official,tim_sfsa,2345,2,24,72h_fn_ipcw,14.506480286449268
official,tim_sfsa,2345,2,24,72h_tss,0.8041203512873829
official,tim_sfsa,2345,2,24,72h_hss2,0.7053656949783289
official,tim_sfsa,2345,2,24,72h_far,0.35532754805516203
official,tim_sfsa,2345,2,24,72h_precision,0.6446724519448379
official,tim_sfsa,2345,2,24,72h_recall,0.8406262183017243
official,tim_sfsa,2345,2,24,72h_f1,0.7297233562213156
official,tim_sfsa,2345,2,24,72h_alert_fraction,0.11647058823529412
official,tim_sfsa,2345,2,24,72h_known_count,850.0
official,tim_sfsa,2345,2,24,72h_auc,0.9639142000966378
official,tim_sfsa,2345,2,24,72h_average_precision,0.79483948550359
official,tim_sfsa,2345,2,24,72h_brier,0.026498770973608823
official,tim_sfsa,2345,2,24,72h_km_reference_brier,0.06751678430739513
official,tim_sfsa,2345,2,24,72h_bss,0.6075232070745051
official,tim_sfsa,2345,2,24,72h_predicted_survival_mean,0.9176915806506138
official,tim_sfsa,2345,2,24,72h_observed_survival_km,0.9283200097187064
official,tim_sfsa,2345,2,24,72h_ece,0.018957520457247037
official,tim_sfsa,2345,2,24,72h_calibration_intercept,-0.25671883240646265
official,tim_sfsa,2345,2,24,72h_calibration_slope,1.2490307397974851
official,tim_sfsa,2345,2,24,144h_threshold,0.19962877173773286
official,tim_sfsa,2345,2,24,144h_tp_ipcw,86.59189214472751
official,tim_sfsa,2345,2,24,144h_tn_ipcw,1040.5867328675463
official,tim_sfsa,2345,2,24,144h_fp_ipcw,42.91079310794006
official,tim_sfsa,2345,2,24,144h_fn_ipcw,25.143203268231254
official,tim_sfsa,2345,2,24,144h_tss,0.7353709194722313
official,tim_sfsa,2345,2,24,144h_hss2,0.6864231377031057
official,tim_sfsa,2345,2,24,144h_far,0.33135060500265695
official,tim_sfsa,2345,2,24,144h_precision,0.6686493949973431
official,tim_sfsa,2345,2,24,144h_recall,0.7749748798682708
official,tim_sfsa,2345,2,24,144h_f1,0.7178966072876484
official,tim_sfsa,2345,2,24,144h_alert_fraction,0.16166666666666665
official,tim_sfsa,2345,2,24,144h_known_count,600.0
official,tim_sfsa,2345,2,24,144h_auc,0.9412106719981856
official,tim_sfsa,2345,2,24,144h_average_precision,0.8008302167376452
official,tim_sfsa,2345,2,24,144h_brier,0.03286853232755716
official,tim_sfsa,2345,2,24,144h_km_reference_brier,0.08158930098774504
official,tim_sfsa,2345,2,24,144h_bss,0.5971465384598146
official,tim_sfsa,2345,2,24,144h_predicted_survival_mean,0.8997090912014084
official,tim_sfsa,2345,2,24,144h_observed_survival_km,0.9112654249610479
official,tim_sfsa,2345,2,24,144h_ece,0.03516274891252113
official,tim_sfsa,2345,2,24,144h_calibration_intercept,-0.44581790364083534
official,tim_sfsa,2345,2,24,144h_calibration_slope,1.1798998785832477
official,tim_sfsa,2345,2,24,integrated_brier_score,0.027266167917785473
official,tim_sfsa,2345,2,24,integrated_auc,0.9614276491755787
official,tim_sfsa,2346,2,24,harrell_c_index,0.9486785727827702
official,tim_sfsa,2346,2,24,uno_c_index,0.8359864295952804
official,tim_sfsa,2346,2,24,event_event_pairs,5777.0
official,tim_sfsa,2346,2,24,event_event_fraction,0.054762965561043125
official,tim_sfsa,2346,2,24,event_event_c_index,0.6903236974208067
official,tim_sfsa,2346,2,24,event_censored_pairs,99714.0
official,tim_sfsa,2346,2,24,event_censored_fraction,0.9452370344389569
official,tim_sfsa,2346,2,24,event_censored_c_index,0.9636460276390477
official,tim_sfsa,2346,2,24,12h_threshold,0.044278763511715
official,tim_sfsa,2346,2,24,12h_tp_ipcw,58.92139131367385
official,tim_sfsa,2346,2,24,12h_tn_ipcw,1037.9937271824376
official,tim_sfsa,2346,2,24,12h_fp_ipcw,165.38264835611164
official,tim_sfsa,2346,2,24,12h_fn_ipcw,0.0
official,tim_sfsa,2346,2,24,12h_tss,0.8625678119349005
official,tim_sfsa,2346,2,24,12h_hss2,0.3694552680060311
official,tim_sfsa,2346,2,24,12h_far,0.7373146225970055
official,tim_sfsa,2346,2,24,12h_precision,0.2626853774029945
official,tim_sfsa,2346,2,24,12h_recall,1.0
official,tim_sfsa,2346,2,24,12h_f1,0.41607415767064315
official,tim_sfsa,2346,2,24,12h_alert_fraction,0.17970765262252794
official,tim_sfsa,2346,2,24,12h_known_count,1163.0
official,tim_sfsa,2346,2,24,12h_auc,0.9833485722318566
official,tim_sfsa,2346,2,24,12h_average_precision,0.7194651658253496
official,tim_sfsa,2346,2,24,12h_brier,0.021144283168997996
official,tim_sfsa,2346,2,24,12h_km_reference_brier,0.04357689317292897
official,tim_sfsa,2346,2,24,12h_bss,0.5147822244901722
official,tim_sfsa,2346,2,24,12h_predicted_survival_mean,0.9559580464114452
official,tim_sfsa,2346,2,24,12h_observed_survival_km,0.9541362661402012
official,tim_sfsa,2346,2,24,12h_ece,0.01675179525957547
official,tim_sfsa,2346,2,24,12h_calibration_intercept,0.5898081703047692
official,tim_sfsa,2346,2,24,12h_calibration_slope,1.4765878453070094
official,tim_sfsa,2346,2,24,24h_threshold,0.10518574498173028
official,tim_sfsa,2346,2,24,24h_tp_ipcw,62.58847077401114
official,tim_sfsa,2346,2,24,24h_tn_ipcw,1129.7000601029054
official,tim_sfsa,2346,2,24,24h_fp_ipcw,51.45631743739941
official,tim_sfsa,2346,2,24,24h_fn_ipcw,6.528125212939051
official,tim_sfsa,2346,2,24,24h_tss,0.8619847360837332
official,tim_sfsa,2346,2,24,24h_hss2,0.6600196148450798
official,tim_sfsa,2346,2,24,24h_far,0.4511939409454841
official,tim_sfsa,2346,2,24,24h_precision,0.548806059054516
official,tim_sfsa,2346,2,24,24h_recall,0.9055490925193768
official,tim_sfsa,2346,2,24,24h_f1,0.6834243041778815
official,tim_sfsa,2346,2,24,24h_alert_fraction,0.09665427509293681
official,tim_sfsa,2346,2,24,24h_known_count,1076.0
official,tim_sfsa,2346,2,24,24h_auc,0.9793227743405156
official,tim_sfsa,2346,2,24,24h_average_precision,0.7510240371882022
official,tim_sfsa,2346,2,24,24h_brier,0.022700441072903314
official,tim_sfsa,2346,2,24,24h_km_reference_brier,0.05125594252633338
official,tim_sfsa,2346,2,24,24h_bss,0.5571159176081744
official,tim_sfsa,2346,2,24,24h_predicted_survival_mean,0.9399702516604649
official,tim_sfsa,2346,2,24,24h_observed_survival_km,0.946025556578541
official,tim_sfsa,2346,2,24,24h_ece,0.014420127376698748
official,tim_sfsa,2346,2,24,24h_calibration_intercept,0.01964894344482512
official,tim_sfsa,2346,2,24,24h_calibration_slope,1.3494364589906045
official,tim_sfsa,2346,2,24,48h_threshold,0.13778370689076302
official,tim_sfsa,2346,2,24,48h_tp_ipcw,74.73823752339482
official,tim_sfsa,2346,2,24,48h_tn_ipcw,1086.9895518405176
official,tim_sfsa,2346,2,24,48h_fp_ipcw,54.349477592025885
official,tim_sfsa,2346,2,24,48h_fn_ipcw,9.057884918598536
official,tim_sfsa,2346,2,24,48h_tss,0.8442866318487736
official,tim_sfsa,2346,2,24,48h_hss2,0.6752092899746245
official,tim_sfsa,2346,2,24,48h_far,0.4210274970273553
official,tim_sfsa,2346,2,24,48h_precision,0.5789725029726446
official,tim_sfsa,2346,2,24,48h_recall,0.8919056794678212
official,tim_sfsa,2346,2,24,48h_f1,0.7021504157471622
official,tim_sfsa,2346,2,24,48h_alert_fraction,0.1182108626198083
official,tim_sfsa,2346,2,24,48h_known_count,939.0
official,tim_sfsa,2346,2,24,48h_auc,0.9731332063131378
official,tim_sfsa,2346,2,24,48h_average_precision,0.8106105961696445
official,tim_sfsa,2346,2,24,48h_brier,0.023974511371495873
official,tim_sfsa,2346,2,24,48h_km_reference_brier,0.061692278013956325
official,tim_sfsa,2346,2,24,48h_bss,0.6113855389474798
official,tim_sfsa,2346,2,24,48h_predicted_survival_mean,0.925363063415877
official,tim_sfsa,2346,2,24,48h_observed_survival_km,0.9341837307990893
official,tim_sfsa,2346,2,24,48h_ece,0.02217592378622174
official,tim_sfsa,2346,2,24,48h_calibration_intercept,-0.08264427708504955
official,tim_sfsa,2346,2,24,48h_calibration_slope,1.323686354527745
official,tim_sfsa,2346,2,24,72h_threshold,0.1567099860469401
official,tim_sfsa,2346,2,24,72h_tp_ipcw,79.68144446654638
official,tim_sfsa,2346,2,24,72h_tn_ipcw,1082.950811432394
official,tim_sfsa,2346,2,24,72h_fp_ipcw,72.29713344750336
official,tim_sfsa,2346,2,24,72h_fn_ipcw,11.340304103822325
official,tim_sfsa,2346,2,24,72h_tss,0.8128295634449665
official,tim_sfsa,2346,2,24,72h_hss2,0.6212084719452934
official,tim_sfsa,2346,2,24,72h_far,0.47570607936857007
official,tim_sfsa,2346,2,24,72h_precision,0.5242939206314299
official,tim_sfsa,2346,2,24,72h_recall,0.8754110497552664
official,tim_sfsa,2346,2,24,72h_f1,0.6558134766263838
official,tim_sfsa,2346,2,24,72h_alert_fraction,0.14352941176470588
official,tim_sfsa,2346,2,24,72h_known_count,850.0
official,tim_sfsa,2346,2,24,72h_auc,0.9674951080335028
official,tim_sfsa,2346,2,24,72h_average_precision,0.8143596757388503
official,tim_sfsa,2346,2,24,72h_brier,0.02604365610364641
official,tim_sfsa,2346,2,24,72h_km_reference_brier,0.06751678430739513
official,tim_sfsa,2346,2,24,72h_bss,0.6142639734577253
official,tim_sfsa,2346,2,24,72h_predicted_survival_mean,0.9155404404390808
official,tim_sfsa,2346,2,24,72h_observed_survival_km,0.9283200097187064
official,tim_sfsa,2346,2,24,72h_ece,0.021878179502811092
official,tim_sfsa,2346,2,24,72h_calibration_intercept,-0.2994677510386427
official,tim_sfsa,2346,2,24,72h_calibration_slope,1.2734450290024621
official,tim_sfsa,2346,2,24,144h_threshold,0.21359733451394203
official,tim_sfsa,2346,2,24,144h_tp_ipcw,91.68616847077725
official,tim_sfsa,2346,2,24,144h_tn_ipcw,1004.1125587257973
official,tim_sfsa,2346,2,24,144h_fp_ipcw,79.38496724968911
official,tim_sfsa,2346,2,24,144h_fn_ipcw,20.048926942181517
official,tim_sfsa,2346,2,24,144h_tss,0.7472999993336513
official,tim_sfsa,2346,2,24,144h_hss2,0.6035669624811743
official,tim_sfsa,2346,2,24,144h_far,0.46404653196086637
official,tim_sfsa,2346,2,24,144h_precision,0.5359534680391336
official,tim_sfsa,2346,2,24,144h_recall,0.8205673260663248
official,tim_sfsa,2346,2,24,144h_f1,0.6484027463137517
official,tim_sfsa,2346,2,24,144h_alert_fraction,0.19666666666666666
official,tim_sfsa,2346,2,24,144h_known_count,600.0
official,tim_sfsa,2346,2,24,144h_auc,0.9443715943513317
official,tim_sfsa,2346,2,24,144h_average_precision,0.8043689308468154
official,tim_sfsa,2346,2,24,144h_brier,0.03362518779523645
official,tim_sfsa,2346,2,24,144h_km_reference_brier,0.08158930098774504
official,tim_sfsa,2346,2,24,144h_bss,0.5878725839275538
official,tim_sfsa,2346,2,24,144h_predicted_survival_mean,0.8973551913437886
official,tim_sfsa,2346,2,24,144h_observed_survival_km,0.9112654249610479
official,tim_sfsa,2346,2,24,144h_ece,0.03598830904416996
official,tim_sfsa,2346,2,24,144h_calibration_intercept,-0.5167621258333577
official,tim_sfsa,2346,2,24,144h_calibration_slope,1.1986754175170429
official,tim_sfsa,2346,2,24,integrated_brier_score,0.027056546703376424
official,tim_sfsa,2346,2,24,integrated_auc,0.964547279585544
official,tim_sfsa,2347,2,24,harrell_c_index,0.9467447768551169
official,tim_sfsa,2347,2,24,uno_c_index,0.8359001984525203
official,tim_sfsa,2347,2,24,event_event_pairs,5777.0
official,tim_sfsa,2347,2,24,event_event_fraction,0.054762965561043125
official,tim_sfsa,2347,2,24,event_event_c_index,0.6839189890946858
official,tim_sfsa,2347,2,24,event_censored_pairs,99714.0
official,tim_sfsa,2347,2,24,event_censored_fraction,0.9452370344389569
official,tim_sfsa,2347,2,24,event_censored_c_index,0.9619712377399362
official,tim_sfsa,2347,2,24,12h_threshold,0.06788789967754694
official,tim_sfsa,2347,2,24,12h_tp_ipcw,54.782679547597176
official,tim_sfsa,2347,2,24,12h_tn_ipcw,1153.3263635360418
official,tim_sfsa,2347,2,24,12h_fp_ipcw,50.05001200250748
official,tim_sfsa,2347,2,24,12h_fn_ipcw,4.13871176607668
official,tim_sfsa,2347,2,24,12h_tss,0.8881674369121411
official,tim_sfsa,2347,2,24,12h_hss2,0.6480505433464087
official,tim_sfsa,2347,2,24,12h_far,0.47742752058012494
official,tim_sfsa,2347,2,24,12h_precision,0.5225724794198751
official,tim_sfsa,2347,2,24,12h_recall,0.9297587569844737
official,tim_sfsa,2347,2,24,12h_f1,0.6690847469515497
official,tim_sfsa,2347,2,24,12h_alert_fraction,0.08512467755803955
official,tim_sfsa,2347,2,24,12h_known_count,1163.0
official,tim_sfsa,2347,2,24,12h_auc,0.9812234591654732
official,tim_sfsa,2347,2,24,12h_average_precision,0.7164596395365034
official,tim_sfsa,2347,2,24,12h_brier,0.022199440864938195
official,tim_sfsa,2347,2,24,12h_km_reference_brier,0.04357689317292897
official,tim_sfsa,2347,2,24,12h_bss,0.49056852729627287
official,tim_sfsa,2347,2,24,12h_predicted_survival_mean,0.9572745654119846
official,tim_sfsa,2347,2,24,12h_observed_survival_km,0.9541362661402012
official,tim_sfsa,2347,2,24,12h_ece,0.01898330244211931
official,tim_sfsa,2347,2,24,12h_calibration_intercept,0.7154192324861143
official,tim_sfsa,2347,2,24,12h_calibration_slope,1.5032804142278127
official,tim_sfsa,2347,2,24,24h_threshold,0.10163121175132339
official,tim_sfsa,2347,2,24,24h_tp_ipcw,61.57705535573105
official,tim_sfsa,2347,2,24,24h_tn_ipcw,1135.5473689026098
official,tim_sfsa,2347,2,24,24h_fp_ipcw,45.60900863769493
official,tim_sfsa,2347,2,24,24h_fn_ipcw,7.539540631219152
official,tim_sfsa,2347,2,24,24h_tss,0.8523017642525621
official,tim_sfsa,2347,2,24,24h_hss2,0.676814035790426
official,tim_sfsa,2347,2,24,24h_far,0.4255124867771267
official,tim_sfsa,2347,2,24,24h_precision,0.5744875132228733
official,tim_sfsa,2347,2,24,24h_recall,0.8909156256387006
official,tim_sfsa,2347,2,24,24h_f1,0.6985380182305251
official,tim_sfsa,2347,2,24,24h_alert_fraction,0.09107806691449814
official,tim_sfsa,2347,2,24,24h_known_count,1076.0
official,tim_sfsa,2347,2,24,24h_auc,0.9759178494458176
official,tim_sfsa,2347,2,24,24h_average_precision,0.7320841416276104
official,tim_sfsa,2347,2,24,24h_brier,0.023883902381691753
official,tim_sfsa,2347,2,24,24h_km_reference_brier,0.05125594252633338
official,tim_sfsa,2347,2,24,24h_bss,0.534026666870459
official,tim_sfsa,2347,2,24,24h_predicted_survival_mean,0.9413386543372991
official,tim_sfsa,2347,2,24,24h_observed_survival_km,0.946025556578541
official,tim_sfsa,2347,2,24,24h_ece,0.016627167783612024
official,tim_sfsa,2347,2,24,24h_calibration_intercept,0.1229068815606784
official,tim_sfsa,2347,2,24,24h_calibration_slope,1.3649803202691486
official,tim_sfsa,2347,2,24,48h_threshold,0.13803926889601104
official,tim_sfsa,2347,2,24,48h_tp_ipcw,72.49227624887904
official,tim_sfsa,2347,2,24,48h_tn_ipcw,1108.199104071552
official,tim_sfsa,2347,2,24,48h_fp_ipcw,33.13992536099139
official,tim_sfsa,2347,2,24,48h_fn_ipcw,11.303846193114325
official,tim_sfsa,2347,2,24,48h_tss,0.8360669874295676
official,tim_sfsa,2347,2,24,48h_hss2,0.7460042077264285
official,tim_sfsa,2347,2,24,48h_far,0.3137293822899432
official,tim_sfsa,2347,2,24,48h_precision,0.6862706177100568
official,tim_sfsa,2347,2,24,48h_recall,0.8651029920753285
official,tim_sfsa,2347,2,24,48h_f1,0.7653794817825796
official,tim_sfsa,2347,2,24,48h_alert_fraction,0.09904153354632587
official,tim_sfsa,2347,2,24,48h_known_count,939.0
official,tim_sfsa,2347,2,24,48h_auc,0.9691607998896729
official,tim_sfsa,2347,2,24,48h_average_precision,0.7826274195451669
official,tim_sfsa,2347,2,24,48h_brier,0.02485212240522095
official,tim_sfsa,2347,2,24,48h_km_reference_brier,0.061692278013956325
official,tim_sfsa,2347,2,24,48h_bss,0.5971599168440694
official,tim_sfsa,2347,2,24,48h_predicted_survival_mean,0.9266576168611771
official,tim_sfsa,2347,2,24,48h_observed_survival_km,0.9341837307990893
official,tim_sfsa,2347,2,24,48h_ece,0.023341252507971345
official,tim_sfsa,2347,2,24,48h_calibration_intercept,0.003815716982292718
official,tim_sfsa,2347,2,24,48h_calibration_slope,1.3369433584604842
official,tim_sfsa,2347,2,24,72h_threshold,0.16589971502162637
official,tim_sfsa,2347,2,24,72h_tp_ipcw,75.28072242768377
official,tim_sfsa,2347,2,24,72h_tn_ipcw,1125.1241392767708
official,tim_sfsa,2347,2,24,72h_fp_ipcw,30.123805603126407
official,tim_sfsa,2347,2,24,72h_fn_ipcw,15.741026142684955
official,tim_sfsa,2347,2,24,72h_tss,0.8009874025650687
official,tim_sfsa,2347,2,24,72h_hss2,0.7466447996726727
official,tim_sfsa,2347,2,24,72h_far,0.2857923294748883
official,tim_sfsa,2347,2,24,72h_precision,0.7142076705251116
official,tim_sfsa,2347,2,24,72h_recall,0.827063021861027
official,tim_sfsa,2347,2,24,72h_f1,0.7665035832301873
official,tim_sfsa,2347,2,24,72h_alert_fraction,0.10588235294117647
official,tim_sfsa,2347,2,24,72h_known_count,850.0
official,tim_sfsa,2347,2,24,72h_auc,0.9642814428926747
official,tim_sfsa,2347,2,24,72h_average_precision,0.7966933299062505
official,tim_sfsa,2347,2,24,72h_brier,0.02654753203021149
official,tim_sfsa,2347,2,24,72h_km_reference_brier,0.06751678430739513
official,tim_sfsa,2347,2,24,72h_bss,0.6068010006320201
official,tim_sfsa,2347,2,24,72h_predicted_survival_mean,0.9167021868551363
official,tim_sfsa,2347,2,24,72h_observed_survival_km,0.9283200097187064
official,tim_sfsa,2347,2,24,72h_ece,0.0218111331749603
official,tim_sfsa,2347,2,24,72h_calibration_intercept,-0.19316911646099394
official,tim_sfsa,2347,2,24,72h_calibration_slope,1.2966691875710206
official,tim_sfsa,2347,2,24,144h_threshold,0.2251323850483894
official,tim_sfsa,2347,2,24,144h_tp_ipcw,83.78342585003737
official,tim_sfsa,2347,2,24,144h_tn_ipcw,1059.8965897661196
official,tim_sfsa,2347,2,24,144h_fp_ipcw,23.60093620936703
official,tim_sfsa,2347,2,24,144h_fn_ipcw,27.951669562921396
official,tim_sfsa,2347,2,24,144h_tss,0.7280576598418715
official,tim_sfsa,2347,2,24,144h_hss2,0.7409963743742006
official,tim_sfsa,2347,2,24,144h_far,0.21978001039211956
official,tim_sfsa,2347,2,24,144h_precision,0.7802199896078804
official,tim_sfsa,2347,2,24,144h_recall,0.7498398380596932
official,tim_sfsa,2347,2,24,144h_f1,0.7647283068013685
official,tim_sfsa,2347,2,24,144h_alert_fraction,0.14333333333333334
official,tim_sfsa,2347,2,24,144h_known_count,600.0
official,tim_sfsa,2347,2,24,144h_auc,0.9447245305241376
official,tim_sfsa,2347,2,24,144h_average_precision,0.8060294418023317
official,tim_sfsa,2347,2,24,144h_brier,0.032717414609201564
official,tim_sfsa,2347,2,24,144h_km_reference_brier,0.08158930098774504
official,tim_sfsa,2347,2,24,144h_bss,0.5989987141314543
official,tim_sfsa,2347,2,24,144h_predicted_survival_mean,0.897988812993372
official,tim_sfsa,2347,2,24,144h_observed_survival_km,0.9112654249610479
official,tim_sfsa,2347,2,24,144h_ece,0.03665296765680277
official,tim_sfsa,2347,2,24,144h_calibration_intercept,-0.36593115959116884
official,tim_sfsa,2347,2,24,144h_calibration_slope,1.2431005967119955
official,tim_sfsa,2347,2,24,integrated_brier_score,0.02736110825126357
official,tim_sfsa,2347,2,24,integrated_auc,0.9621917696976291
official,validation_pruned,2345,2,20,harrell_c_index,0.9481003298828348
official,validation_pruned,2345,2,20,uno_c_index,0.8191605479598393
official,validation_pruned,2345,2,20,event_event_pairs,5777.0
official,validation_pruned,2345,2,20,event_event_fraction,0.054762965561043125
official,validation_pruned,2345,2,20,event_event_c_index,0.6809762852691709
official,validation_pruned,2345,2,20,event_censored_pairs,99714.0
official,validation_pruned,2345,2,20,event_censored_fraction,0.9452370344389569
official,validation_pruned,2345,2,20,event_censored_c_index,0.9635758268648335
official,validation_pruned,2345,2,20,12h_threshold,0.03945702070910739
official,validation_pruned,2345,2,20,12h_tp_ipcw,58.92139131367385
official,validation_pruned,2345,2,20,12h_tn_ipcw,1072.8111268363557
official,validation_pruned,2345,2,20,12h_fp_ipcw,130.5652487021934
official,validation_pruned,2345,2,20,12h_fn_ipcw,0.0
official,validation_pruned,2345,2,20,12h_tss,0.891500904159132
official,validation_pruned,2345,2,20,12h_hss2,0.4340925063648617
official,validation_pruned,2345,2,20,12h_far,0.6890472525728469
official,validation_pruned,2345,2,20,12h_precision,0.3109527474271531
official,validation_pruned,2345,2,20,12h_recall,1.0
official,validation_pruned,2345,2,20,12h_f1,0.4743919993110691
official,validation_pruned,2345,2,20,12h_alert_fraction,0.15219260533104043
official,validation_pruned,2345,2,20,12h_known_count,1163.0
official,validation_pruned,2345,2,20,12h_auc,0.9848626987025763
official,validation_pruned,2345,2,20,12h_average_precision,0.7665608086769407
official,validation_pruned,2345,2,20,12h_brier,0.020877115847334395
official,validation_pruned,2345,2,20,12h_km_reference_brier,0.04357689317292897
official,validation_pruned,2345,2,20,12h_bss,0.5209131645873329
official,validation_pruned,2345,2,20,12h_predicted_survival_mean,0.956982601510388
official,validation_pruned,2345,2,20,12h_observed_survival_km,0.9541362661402012
official,validation_pruned,2345,2,20,12h_ece,0.0123742599715112
official,validation_pruned,2345,2,20,12h_calibration_intercept,0.5777486575198916
official,validation_pruned,2345,2,20,12h_calibration_slope,1.4919455366063386
official,validation_pruned,2345,2,20,24h_threshold,0.1173040702827407
official,validation_pruned,2345,2,20,24h_tp_ipcw,61.57705535573105
official,validation_pruned,2345,2,20,24h_tn_ipcw,1118.0054425034964
official,validation_pruned,2345,2,20,24h_fp_ipcw,63.15093503680837
official,validation_pruned,2345,2,20,24h_fn_ipcw,7.539540631219152
official,validation_pruned,2345,2,20,24h_tss,0.8374502791040472
official,validation_pruned,2345,2,20,24h_hss2,0.6073937007110579
official,validation_pruned,2345,2,20,24h_far,0.5063092481331739
official,validation_pruned,2345,2,20,24h_precision,0.4936907518668261
official,validation_pruned,2345,2,20,24h_recall,0.8909156256387006
official,validation_pruned,2345,2,20,24h_f1,0.6353239624157636
official,validation_pruned,2345,2,20,24h_alert_fraction,0.1050185873605948
official,validation_pruned,2345,2,20,24h_known_count,1076.0
official,validation_pruned,2345,2,20,24h_auc,0.9818582715878443
official,validation_pruned,2345,2,20,24h_average_precision,0.7838047662654527
official,validation_pruned,2345,2,20,24h_brier,0.022309263001851317
official,validation_pruned,2345,2,20,24h_km_reference_brier,0.05125594252633338
official,validation_pruned,2345,2,20,24h_bss,0.5647477755308147
official,validation_pruned,2345,2,20,24h_predicted_survival_mean,0.9415442718806345
official,validation_pruned,2345,2,20,24h_observed_survival_km,0.946025556578541
official,validation_pruned,2345,2,20,24h_ece,0.009119168696397414
official,validation_pruned,2345,2,20,24h_calibration_intercept,0.006869158904334791
official,validation_pruned,2345,2,20,24h_calibration_slope,1.3510577482379726
official,validation_pruned,2345,2,20,48h_threshold,0.19950772327331856
official,validation_pruned,2345,2,20,48h_tp_ipcw,72.49227624887904
official,validation_pruned,2345,2,20,48h_tn_ipcw,1098.9199249704745
official,validation_pruned,2345,2,20,48h_fp_ipcw,42.41910446206898
official,validation_pruned,2345,2,20,48h_fn_ipcw,11.303846193114325
official,validation_pruned,2345,2,20,48h_tss,0.8279369061287547
official,validation_pruned,2345,2,20,48h_hss2,0.7064130520077568
official,validation_pruned,2345,2,20,48h_far,0.3691462429537022
official,validation_pruned,2345,2,20,48h_precision,0.6308537570462979
official,validation_pruned,2345,2,20,48h_recall,0.8651029920753285
official,validation_pruned,2345,2,20,48h_f1,0.7296380367990746
official,validation_pruned,2345,2,20,48h_alert_fraction,0.10649627263045794
official,validation_pruned,2345,2,20,48h_known_count,939.0
official,validation_pruned,2345,2,20,48h_auc,0.9726520121974709
official,validation_pruned,2345,2,20,48h_average_precision,0.8100892157431183
official,validation_pruned,2345,2,20,48h_brier,0.023723706752749103
official,validation_pruned,2345,2,20,48h_km_reference_brier,0.061692278013956325
official,validation_pruned,2345,2,20,48h_bss,0.615450952429051
official,validation_pruned,2345,2,20,48h_predicted_survival_mean,0.9275963745319058
official,validation_pruned,2345,2,20,48h_observed_survival_km,0.9341837307990893
official,validation_pruned,2345,2,20,48h_ece,0.01399404422064266
official,validation_pruned,2345,2,20,48h_calibration_intercept,-0.13409021473876304
official,validation_pruned,2345,2,20,48h_calibration_slope,1.2780029645523145
official,validation_pruned,2345,2,20,72h_threshold,0.23869685668084883
official,validation_pruned,2345,2,20,72h_tp_ipcw,75.28072242768377
official,validation_pruned,2345,2,20,72h_tn_ipcw,1116.086997595833
official,validation_pruned,2345,2,20,72h_fp_ipcw,39.16094728406432
official,validation_pruned,2345,2,20,72h_fn_ipcw,15.741026142684955
official,validation_pruned,2345,2,20,72h_tss,0.7931647167762812
official,validation_pruned,2345,2,20,72h_hss2,0.7091237516932205
official,validation_pruned,2345,2,20,72h_far,0.3421913310309228
official,validation_pruned,2345,2,20,72h_precision,0.6578086689690772
official,validation_pruned,2345,2,20,72h_recall,0.827063021861027
official,validation_pruned,2345,2,20,72h_f1,0.7327895452836051
official,validation_pruned,2345,2,20,72h_alert_fraction,0.11294117647058824
official,validation_pruned,2345,2,20,72h_known_count,850.0
official,validation_pruned,2345,2,20,72h_auc,0.967147059356792
official,validation_pruned,2345,2,20,72h_average_precision,0.8191697485967004
official,validation_pruned,2345,2,20,72h_brier,0.026264238234069745
official,validation_pruned,2345,2,20,72h_km_reference_brier,0.06751678430739513
official,validation_pruned,2345,2,20,72h_bss,0.6109969024221875
official,validation_pruned,2345,2,20,72h_predicted_survival_mean,0.9183057384661403
official,validation_pruned,2345,2,20,72h_observed_survival_km,0.9283200097187064
official,validation_pruned,2345,2,20,72h_ece,0.019803991677593648
official,validation_pruned,2345,2,20,72h_calibration_intercept,-0.36638386298360565
official,validation_pruned,2345,2,20,72h_calibration_slope,1.205062437876188
official,validation_pruned,2345,2,20,144h_threshold,0.16831183195718702
official,validation_pruned,2345,2,20,144h_tp_ipcw,92.56281878068401
official,validation_pruned,2345,2,20,144h_tn_ipcw,969.7839242394452
official,validation_pruned,2345,2,20,144h_fp_ipcw,113.71360173604117
official,validation_pruned,2345,2,20,144h_fn_ipcw,19.17227663227476
official,validation_pruned,2345,2,20,144h_tss,0.7234626229469807
official,validation_pruned,2345,2,20,144h_hss2,0.524464040589193
official,validation_pruned,2345,2,20,144h_far,0.551268057935013
official,validation_pruned,2345,2,20,144h_precision,0.44873194206498696
official,validation_pruned,2345,2,20,144h_recall,0.8284131179964858
official,validation_pruned,2345,2,20,144h_f1,0.5821350117468749
official,validation_pruned,2345,2,20,144h_alert_fraction,0.225
official,validation_pruned,2345,2,20,144h_known_count,600.0
official,validation_pruned,2345,2,20,144h_auc,0.9398660304053139
official,validation_pruned,2345,2,20,144h_average_precision,0.7947751366264092
official,validation_pruned,2345,2,20,144h_brier,0.03491315480616038
official,validation_pruned,2345,2,20,144h_km_reference_brier,0.08158930098774504
official,validation_pruned,2345,2,20,144h_bss,0.5720866046958235
official,validation_pruned,2345,2,20,144h_predicted_survival_mean,0.9012261043165403
official,validation_pruned,2345,2,20,144h_observed_survival_km,0.9112654249610479
official,validation_pruned,2345,2,20,144h_ece,0.03544614217705791
official,validation_pruned,2345,2,20,144h_calibration_intercept,-0.6495610406662548
official,validation_pruned,2345,2,20,144h_calibration_slope,1.082820459624088
official,validation_pruned,2345,2,20,integrated_brier_score,0.027376934844245682
official,validation_pruned,2345,2,20,integrated_auc,0.9635190099791915
official,validation_pruned,2346,2,20,harrell_c_index,0.9454271413946082
official,validation_pruned,2346,2,20,uno_c_index,0.7983171860765336
official,validation_pruned,2346,2,20,event_event_pairs,5777.0
official,validation_pruned,2346,2,20,event_event_fraction,0.054762965561043125
official,validation_pruned,2346,2,20,event_event_c_index,0.6939588021464428
official,validation_pruned,2346,2,20,event_censored_pairs,99714.0
official,validation_pruned,2346,2,20,event_censored_fraction,0.9452370344389569
official,validation_pruned,2346,2,20,event_censored_c_index,0.9599955873799065
official,validation_pruned,2346,2,20,12h_threshold,0.0326326176075169
official,validation_pruned,2346,2,20,12h_tp_ipcw,58.92139131367385
official,validation_pruned,2346,2,20,12h_tn_ipcw,1047.7861208351019
official,validation_pruned,2346,2,20,12h_fp_ipcw,155.5902547034471
official,validation_pruned,2346,2,20,12h_fn_ipcw,0.0
official,validation_pruned,2346,2,20,12h_tss,0.8707052441229657
official,validation_pruned,2346,2,20,12h_hss2,0.3860068167444757
official,validation_pruned,2346,2,20,12h_far,0.7253231122520447
official,validation_pruned,2346,2,20,12h_precision,0.2746768877479553
official,validation_pruned,2346,2,20,12h_recall,1.0
official,validation_pruned,2346,2,20,12h_f1,0.4309749245289019
official,validation_pruned,2346,2,20,12h_alert_fraction,0.17196904557179707
official,validation_pruned,2346,2,20,12h_known_count,1163.0
official,validation_pruned,2346,2,20,12h_auc,0.9853293593638109
official,validation_pruned,2346,2,20,12h_average_precision,0.7765178570546585
official,validation_pruned,2346,2,20,12h_brier,0.01974852440753681
official,validation_pruned,2346,2,20,12h_km_reference_brier,0.04357689317292897
official,validation_pruned,2346,2,20,12h_bss,0.5468120150473446
official,validation_pruned,2346,2,20,12h_predicted_survival_mean,0.9562596370851444
official,validation_pruned,2346,2,20,12h_observed_survival_km,0.9541362661402012
official,validation_pruned,2346,2,20,12h_ece,0.010779087267167833
official,validation_pruned,2346,2,20,12h_calibration_intercept,0.5166749403933723
official,validation_pruned,2346,2,20,12h_calibration_slope,1.4506112522450354
official,validation_pruned,2346,2,20,24h_threshold,0.12376824836794709
official,validation_pruned,2346,2,20,24h_tp_ipcw,61.57705535573105
official,validation_pruned,2346,2,20,24h_tn_ipcw,1109.81921018391
official,validation_pruned,2346,2,20,24h_fp_ipcw,71.33716735639467
official,validation_pruned,2346,2,20,24h_fn_ipcw,7.539540631219152
official,validation_pruned,2346,2,20,24h_tss,0.8305195860347401
official,validation_pruned,2346,2,20,24h_hss2,0.5789548316717217
official,validation_pruned,2346,2,20,24h_far,0.5367158299597581
official,validation_pruned,2346,2,20,24h_precision,0.463284170040242
official,validation_pruned,2346,2,20,24h_recall,0.8909156256387006
official,validation_pruned,2346,2,20,24h_f1,0.6095808129892284
official,validation_pruned,2346,2,20,24h_alert_fraction,0.11152416356877323
official,validation_pruned,2346,2,20,24h_known_count,1076.0
official,validation_pruned,2346,2,20,24h_auc,0.9824439359166521
official,validation_pruned,2346,2,20,24h_average_precision,0.8028317436089396
official,validation_pruned,2346,2,20,24h_brier,0.02132789110361933
official,validation_pruned,2346,2,20,24h_km_reference_brier,0.05125594252633338
official,validation_pruned,2346,2,20,24h_bss,0.5838942754264667
official,validation_pruned,2346,2,20,24h_predicted_survival_mean,0.9410129977152829
official,validation_pruned,2346,2,20,24h_observed_survival_km,0.946025556578541
official,validation_pruned,2346,2,20,24h_ece,0.009886317310406905
official,validation_pruned,2346,2,20,24h_calibration_intercept,-0.03780220083589185
official,validation_pruned,2346,2,20,24h_calibration_slope,1.3309690887331735
official,validation_pruned,2346,2,20,48h_threshold,0.12209944377920245
official,validation_pruned,2346,2,20,48h_tp_ipcw,75.616389171178
official,validation_pruned,2346,2,20,48h_tn_ipcw,1059.1520145372847
official,validation_pruned,2346,2,20,48h_fp_ipcw,82.18701489525863
official,validation_pruned,2346,2,20,48h_fn_ipcw,8.179733270815358
official,validation_pruned,2346,2,20,48h_tss,0.8303760094633212
official,validation_pruned,2346,2,20,48h_hss2,0.5892659978579086
official,validation_pruned,2346,2,20,48h_far,0.5208190240348501
official,validation_pruned,2346,2,20,48h_precision,0.47918097596514986
official,validation_pruned,2346,2,20,48h_recall,0.902385300984808
official,validation_pruned,2346,2,20,48h_f1,0.6259647132920979
official,validation_pruned,2346,2,20,48h_alert_fraction,0.14164004259850904
official,validation_pruned,2346,2,20,48h_known_count,939.0
official,validation_pruned,2346,2,20,48h_auc,0.9712793453084335
official,validation_pruned,2346,2,20,48h_average_precision,0.8180695284033977
official,validation_pruned,2346,2,20,48h_brier,0.023758399177308025
official,validation_pruned,2346,2,20,48h_km_reference_brier,0.061692278013956325
official,validation_pruned,2346,2,20,48h_bss,0.6148886061245252
official,validation_pruned,2346,2,20,48h_predicted_survival_mean,0.9270584571844062
official,validation_pruned,2346,2,20,48h_observed_survival_km,0.9341837307990893
official,validation_pruned,2346,2,20,48h_ece,0.014573243932871183
official,validation_pruned,2346,2,20,48h_calibration_intercept,-0.19671331782152005
official,validation_pruned,2346,2,20,48h_calibration_slope,1.2335635263571336
official,validation_pruned,2346,2,20,72h_threshold,0.25220678684580355
official,validation_pruned,2346,2,20,72h_tp_ipcw,75.28072242768377
official,validation_pruned,2346,2,20,72h_tn_ipcw,1111.5684267553638
official,validation_pruned,2346,2,20,72h_fp_ipcw,43.679518124533274
official,validation_pruned,2346,2,20,72h_fn_ipcw,15.741026142684955
official,validation_pruned,2346,2,20,72h_tss,0.7892533738818872
official,validation_pruned,2346,2,20,72h_hss2,0.6914907387505831
official,validation_pruned,2346,2,20,72h_far,0.3671774529184846
official,validation_pruned,2346,2,20,72h_precision,0.6328225470815154
official,validation_pruned,2346,2,20,72h_recall,0.827063021861027
official,validation_pruned,2346,2,20,72h_f1,0.7170207572777636
official,validation_pruned,2346,2,20,72h_alert_fraction,0.11647058823529412
official,validation_pruned,2346,2,20,72h_known_count,850.0
official,validation_pruned,2346,2,20,72h_auc,0.9648042889575327
official,validation_pruned,2346,2,20,72h_average_precision,0.8132097964844541
official,validation_pruned,2346,2,20,72h_brier,0.026740627121899455
official,validation_pruned,2346,2,20,72h_km_reference_brier,0.06751678430739513
official,validation_pruned,2346,2,20,72h_bss,0.6039410437536116
official,validation_pruned,2346,2,20,72h_predicted_survival_mean,0.9176150760601584
official,validation_pruned,2346,2,20,72h_observed_survival_km,0.9283200097187064
official,validation_pruned,2346,2,20,72h_ece,0.02147755371292532
official,validation_pruned,2346,2,20,72h_calibration_intercept,-0.44952289893264796
official,validation_pruned,2346,2,20,72h_calibration_slope,1.1565337276108902
official,validation_pruned,2346,2,20,144h_threshold,0.20691162675742802
official,validation_pruned,2346,2,20,144h_tp_ipcw,88.48145921079077
official,validation_pruned,2346,2,20,144h_tn_ipcw,984.8027018272242
official,validation_pruned,2346,2,20,144h_fp_ipcw,98.69482414826214
official,validation_pruned,2346,2,20,144h_fn_ipcw,23.253636202167982
official,validation_pruned,2346,2,20,144h_tss,0.7007969040179431
official,validation_pruned,2346,2,20,144h_hss2,0.5379259630681066
official,validation_pruned,2346,2,20,144h_far,0.5272827431824776
official,validation_pruned,2346,2,20,144h_precision,0.47271725681752247
official,validation_pruned,2346,2,20,144h_recall,0.7918860129288341
official,validation_pruned,2346,2,20,144h_f1,0.5920246969137841
official,validation_pruned,2346,2,20,144h_alert_fraction,0.20833333333333334
official,validation_pruned,2346,2,20,144h_known_count,600.0
official,validation_pruned,2346,2,20,144h_auc,0.932012324702954
official,validation_pruned,2346,2,20,144h_average_precision,0.7867689781420868
official,validation_pruned,2346,2,20,144h_brier,0.03741211383959993
official,validation_pruned,2346,2,20,144h_km_reference_brier,0.08158930098774504
official,validation_pruned,2346,2,20,144h_bss,0.5414580908688096
official,validation_pruned,2346,2,20,144h_predicted_survival_mean,0.9004615028877507
official,validation_pruned,2346,2,20,144h_observed_survival_km,0.9112654249610479
official,validation_pruned,2346,2,20,144h_ece,0.045840392070184185
official,validation_pruned,2346,2,20,144h_calibration_intercept,-0.7761370488842415
official,validation_pruned,2346,2,20,144h_calibration_slope,1.0086762939308784
official,validation_pruned,2346,2,20,integrated_brier_score,0.028052886110928276
official,validation_pruned,2346,2,20,integrated_auc,0.9603766731011585
official,validation_pruned,2347,2,20,harrell_c_index,0.9478917832631858
official,validation_pruned,2347,2,20,uno_c_index,0.8353619675602845
official,validation_pruned,2347,2,20,event_event_pairs,5777.0
official,validation_pruned,2347,2,20,event_event_fraction,0.054762965561043125
official,validation_pruned,2347,2,20,event_event_c_index,0.6884195949454734
official,validation_pruned,2347,2,20,event_censored_pairs,99714.0
official,validation_pruned,2347,2,20,event_censored_fraction,0.9452370344389569
official,validation_pruned,2347,2,20,event_censored_c_index,0.962923962532844
official,validation_pruned,2347,2,20,12h_threshold,0.06837844730425913
official,validation_pruned,2347,2,20,12h_tp_ipcw,55.79409496587727
official,validation_pruned,2347,2,20,12h_tn_ipcw,1134.8296199698975
official,validation_pruned,2347,2,20,12h_fp_ipcw,68.54675556865152
official,validation_pruned,2347,2,20,12h_fn_ipcw,3.1272963477965785
official,validation_pruned,2347,2,20,12h_tss,0.8899622363468831
official,validation_pruned,2347,2,20,12h_hss2,0.5824511852149128
official,validation_pruned,2347,2,20,12h_far,0.5512810574640267
official,validation_pruned,2347,2,20,12h_precision,0.44871894253597333
official,validation_pruned,2347,2,20,12h_recall,0.9469242616633388
official,validation_pruned,2347,2,20,12h_f1,0.6088989679837258
official,validation_pruned,2347,2,20,12h_alert_fraction,0.10060189165950129
official,validation_pruned,2347,2,20,12h_known_count,1163.0
official,validation_pruned,2347,2,20,12h_auc,0.9848830926383977
official,validation_pruned,2347,2,20,12h_average_precision,0.7875183579887355
official,validation_pruned,2347,2,20,12h_brier,0.019787168303685453
official,validation_pruned,2347,2,20,12h_km_reference_brier,0.04357689317292897
official,validation_pruned,2347,2,20,12h_bss,0.5459252171750113
official,validation_pruned,2347,2,20,12h_predicted_survival_mean,0.9555919100221713
official,validation_pruned,2347,2,20,12h_observed_survival_km,0.9541362661402012
official,validation_pruned,2347,2,20,12h_ece,0.013921236520853477
official,validation_pruned,2347,2,20,12h_calibration_intercept,0.5008627714823223
official,validation_pruned,2347,2,20,12h_calibration_slope,1.4537743680887383
official,validation_pruned,2347,2,20,24h_threshold,0.09935441184775473
official,validation_pruned,2347,2,20,24h_tp_ipcw,62.58847077401114
official,validation_pruned,2347,2,20,24h_tn_ipcw,1108.6497484239692
official,validation_pruned,2347,2,20,24h_fp_ipcw,72.50662911633557
official,validation_pruned,2347,2,20,24h_fn_ipcw,6.528125212939051
official,validation_pruned,2347,2,20,24h_tss,0.8441629539055153
official,validation_pruned,2347,2,20,24h_hss2,0.5824348310202588
official,validation_pruned,2347,2,20,24h_far,0.5367080610265463
official,validation_pruned,2347,2,20,24h_precision,0.4632919389734537
official,validation_pruned,2347,2,20,24h_recall,0.9055490925193768
official,validation_pruned,2347,2,20,24h_f1,0.6129763577461125
official,validation_pruned,2347,2,20,24h_alert_fraction,0.11338289962825279
official,validation_pruned,2347,2,20,24h_known_count,1076.0
official,validation_pruned,2347,2,20,24h_auc,0.9808848622729023
official,validation_pruned,2347,2,20,24h_average_precision,0.7992483543236654
official,validation_pruned,2347,2,20,24h_brier,0.021616297817789235
official,validation_pruned,2347,2,20,24h_km_reference_brier,0.05125594252633338
official,validation_pruned,2347,2,20,24h_bss,0.5782674797818108
official,validation_pruned,2347,2,20,24h_predicted_survival_mean,0.9401715013860947
official,validation_pruned,2347,2,20,24h_observed_survival_km,0.946025556578541
official,validation_pruned,2347,2,20,24h_ece,0.010624793076392917
official,validation_pruned,2347,2,20,24h_calibration_intercept,-0.049988287966965986
official,validation_pruned,2347,2,20,24h_calibration_slope,1.3255474262236473
official,validation_pruned,2347,2,20,48h_threshold,0.127208402373147
official,validation_pruned,2347,2,20,48h_tp_ipcw,76.89299828774166
official,validation_pruned,2347,2,20,48h_tn_ipcw,1069.756790652802
official,validation_pruned,2347,2,20,48h_fp_ipcw,71.58223877974139
official,validation_pruned,2347,2,20,48h_fn_ipcw,6.903124154251693
official,validation_pruned,2347,2,20,48h_tss,0.8549022348880544
official,validation_pruned,2347,2,20,48h_hss2,0.6297173884888765
official,validation_pruned,2347,2,20,48h_far,0.48211567257647653
official,validation_pruned,2347,2,20,48h_precision,0.5178843274235235
official,validation_pruned,2347,2,20,48h_recall,0.9176200049228974
official,validation_pruned,2347,2,20,48h_f1,0.6620962519884378
official,validation_pruned,2347,2,20,48h_alert_fraction,0.134185303514377
official,validation_pruned,2347,2,20,48h_known_count,939.0
official,validation_pruned,2347,2,20,48h_auc,0.9727153326361859
official,validation_pruned,2347,2,20,48h_average_precision,0.8230219371156321
official,validation_pruned,2347,2,20,48h_brier,0.023459296079761535
official,validation_pruned,2347,2,20,48h_km_reference_brier,0.061692278013956325
official,validation_pruned,2347,2,20,48h_bss,0.6197369130305991
official,validation_pruned,2347,2,20,48h_predicted_survival_mean,0.9261854258803383
official,validation_pruned,2347,2,20,48h_observed_survival_km,0.9341837307990893
official,validation_pruned,2347,2,20,48h_ece,0.017192238000965965
official,validation_pruned,2347,2,20,48h_calibration_intercept,-0.16419988978534555
official,validation_pruned,2347,2,20,48h_calibration_slope,1.2747685929518
official,validation_pruned,2347,2,20,72h_threshold,0.15448941273431915
official,validation_pruned,2347,2,20,72h_tp_ipcw,79.68144446654638
official,validation_pruned,2347,2,20,72h_tn_ipcw,1081.4446211522377
official,validation_pruned,2347,2,20,72h_fp_ipcw,73.80332372765967
official,validation_pruned,2347,2,20,72h_fn_ipcw,11.340304103822325
official,validation_pruned,2347,2,20,72h_tss,0.8115257824801687
official,validation_pruned,2347,2,20,72h_hss2,0.6166201947957917
official,validation_pruned,2347,2,20,72h_far,0.4808511267663738
official,validation_pruned,2347,2,20,72h_precision,0.5191488732336262
official,validation_pruned,2347,2,20,72h_recall,0.8754110497552664
official,validation_pruned,2347,2,20,72h_f1,0.6517735847774427
official,validation_pruned,2347,2,20,72h_alert_fraction,0.14470588235294118
official,validation_pruned,2347,2,20,72h_known_count,850.0
official,validation_pruned,2347,2,20,72h_auc,0.965095414351308
official,validation_pruned,2347,2,20,72h_average_precision,0.8186248904274137
official,validation_pruned,2347,2,20,72h_brier,0.026126259092075835
official,validation_pruned,2347,2,20,72h_km_reference_brier,0.06751678430739513
official,validation_pruned,2347,2,20,72h_bss,0.613040529698121
official,validation_pruned,2347,2,20,72h_predicted_survival_mean,0.9167715369344077
official,validation_pruned,2347,2,20,72h_observed_survival_km,0.9283200097187064
official,validation_pruned,2347,2,20,72h_ece,0.022166036713631
official,validation_pruned,2347,2,20,72h_calibration_intercept,-0.4072615248626966
official,validation_pruned,2347,2,20,72h_calibration_slope,1.201940750758225
official,validation_pruned,2347,2,20,144h_threshold,0.2120288050281438
official,validation_pruned,2347,2,20,144h_tp_ipcw,89.75806832735444
official,validation_pruned,2347,2,20,144h_tn_ipcw,999.8214794150033
official,validation_pruned,2347,2,20,144h_fp_ipcw,83.67604656048312
official,validation_pruned,2347,2,20,144h_fn_ipcw,21.977027085604313
official,validation_pruned,2347,2,20,144h_tss,0.7260836092279326
official,validation_pruned,2347,2,20,144h_hss2,0.581973604948491
official,validation_pruned,2347,2,20,144h_far,0.4824659013285689
official,validation_pruned,2347,2,20,144h_precision,0.5175340986714311
official,validation_pruned,2347,2,20,144h_recall,0.80331133200021
official,validation_pruned,2347,2,20,144h_f1,0.6295074298706911
official,validation_pruned,2347,2,20,144h_alert_fraction,0.19833333333333333
official,validation_pruned,2347,2,20,144h_known_count,600.0
official,validation_pruned,2347,2,20,144h_auc,0.938812726901093
official,validation_pruned,2347,2,20,144h_average_precision,0.7965064673076673
official,validation_pruned,2347,2,20,144h_brier,0.03436168628095148
official,validation_pruned,2347,2,20,144h_km_reference_brier,0.08158930098774504
official,validation_pruned,2347,2,20,144h_bss,0.5788456836256912
official,validation_pruned,2347,2,20,144h_predicted_survival_mean,0.8995312535992287
official,validation_pruned,2347,2,20,144h_observed_survival_km,0.9112654249610479
official,validation_pruned,2347,2,20,144h_ece,0.037294879535581485
official,validation_pruned,2347,2,20,144h_calibration_intercept,-0.6604611926463353
official,validation_pruned,2347,2,20,144h_calibration_slope,1.1012672200767857
official,validation_pruned,2347,2,20,integrated_brier_score,0.026984247113564314
official,validation_pruned,2347,2,20,integrated_auc,0.9623653948281304
