split_mode,experiment,feature_count,metric,mean,std,seeds
chronological,linear_cox,24,12h_alert_fraction,0.10350318471337579,0.0,3
chronological,linear_cox,24,12h_auc,0.9970571440937513,0.0,3
chronological,linear_cox,24,12h_average_precision,0.9524391217677076,0.0,3
chronological,linear_cox,24,12h_brier,0.009218275121681873,0.0,3
chronological,linear_cox,24,12h_bss,0.7521571419377571,0.0,3
chronological,linear_cox,24,12h_calibration_intercept,0.9308752519706082,0.0,3
chronological,linear_cox,24,12h_calibration_slope,2.04397399848219,0.0,3
chronological,linear_cox,24,12h_ece,0.015088026255897837,0.0,3
chronological,linear_cox,24,12h_f1,0.5577602764147176,0.0,3
chronological,linear_cox,24,12h_far,0.6132679836135881,0.0,3
chronological,linear_cox,24,12h_fn_ipcw,0.0,0.0,3
chronological,linear_cox,24,12h_fp_ipcw,42.56371248342969,0.0,3
chronological,linear_cox,24,12h_hss2,0.5312239199837658,0.0,3
chronological,linear_cox,24,12h_km_reference_brier,0.03719403170926477,0.0,3
chronological,linear_cox,24,12h_known_count,628.0,0.0,3
chronological,linear_cox,24,12h_observed_survival_km,0.9613497134749082,0.0,3
chronological,linear_cox,24,12h_precision,0.3867320163864119,0.0,3
chronological,linear_cox,24,12h_predicted_survival_mean,0.9588192098729184,0.0,3
chronological,linear_cox,24,12h_recall,1.0,0.0,3
chronological,linear_cox,24,12h_threshold,0.052064164621766995,0.0,3
chronological,linear_cox,24,12h_tn_ipcw,614.4453879018183,0.0,3
chronological,linear_cox,24,12h_tp_ipcw,26.841039795711808,0.0,3
chronological,linear_cox,24,12h_tss,0.9352159468438539,0.0,3
chronological,linear_cox,24,144h_alert_fraction,0.21518987341772153,0.0,3
chronological,linear_cox,24,144h_auc,0.9922925315528094,0.0,3
chronological,linear_cox,24,144h_average_precision,0.9458646135831178,0.0,3
chronological,linear_cox,24,144h_brier,0.014101519040782079,0.0,3
chronological,linear_cox,24,144h_bss,0.7586766658168256,0.0,3
chronological,linear_cox,24,144h_calibration_intercept,0.08980909700052754,0.0,3
chronological,linear_cox,24,144h_calibration_slope,2.745611622028663,0.0,3
chronological,linear_cox,24,144h_ece,0.06213147338563385,0.0,3
chronological,linear_cox,24,144h_f1,0.4740997982070363,0.0,3
chronological,linear_cox,24,144h_far,0.686053299712925,0.0,3
chronological,linear_cox,24,144h_fn_ipcw,1.169247255604473,0.0,3
chronological,linear_cox,24,144h_fp_ipcw,76.80581891941189,0.0,3
chronological,linear_cox,24,144h_hss2,0.4248189328196188,0.0,3
chronological,linear_cox,24,144h_km_reference_brier,0.05843412983047235,0.0,3
chronological,linear_cox,24,144h_known_count,316.0,0.0,3
chronological,linear_cox,24,144h_observed_survival_km,0.9473444532866776,0.0,3
chronological,linear_cox,24,144h_precision,0.31394670028707505,0.0,3
chronological,linear_cox,24,144h_predicted_survival_mean,0.9097874243720122,0.0,3
chronological,linear_cox,24,144h_recall,0.9678040241139091,0.0,3
chronological,linear_cox,24,144h_threshold,0.15953035421942852,0.0,3
chronological,linear_cox,24,144h_tn_ipcw,526.973257585965,0.0,3
chronological,linear_cox,24,144h_tp_ipcw,35.14731788723395,0.0,3
chronological,linear_cox,24,144h_tss,0.8405955435485382,0.0,3
chronological,linear_cox,24,24h_alert_fraction,0.13921901528013583,0.0,3
chronological,linear_cox,24,24h_auc,0.9922998458219086,0.0,3
chronological,linear_cox,24,24h_average_precision,0.9218933168337996,0.0,3
chronological,linear_cox,24,24h_brier,0.010702754097327903,0.0,3
chronological,linear_cox,24,24h_bss,0.7357905018109592,0.0,3
chronological,linear_cox,24,24h_calibration_intercept,-0.3283613303742542,0.0,3
chronological,linear_cox,24,24h_calibration_slope,1.643421296269605,0.0,3
chronological,linear_cox,24,24h_ece,0.01883087246852512,0.0,3
chronological,linear_cox,24,24h_f1,0.44524177202483917,0.0,3
chronological,linear_cox,24,24h_far,0.7100087235970793,0.0,3
chronological,linear_cox,24,24h_fn_ipcw,1.169247255604473,0.0,3
chronological,linear_cox,24,24h_fp_ipcw,65.71705411887284,0.0,3
chronological,linear_cox,24,24h_hss2,0.40822533701654806,0.0,3
chronological,linear_cox,24,24h_km_reference_brier,0.040508589474213846,0.0,3
chronological,linear_cox,24,24h_known_count,589.0,0.0,3
chronological,linear_cox,24,24h_observed_survival_km,0.9596542113347408,0.0,3
chronological,linear_cox,24,24h_precision,0.2899912764029207,0.0,3
chronological,linear_cox,24,24h_predicted_survival_mean,0.9448372260979512,0.0,3
chronological,linear_cox,24,24h_recall,0.95825650578081,0.0,3
chronological,linear_cox,24,24h_threshold,0.07006751384011212,0.0,3
chronological,linear_cox,24,24h_tn_ipcw,593.8005247169583,0.0,3
chronological,linear_cox,24,24h_tp_ipcw,26.841039795711808,0.0,3
chronological,linear_cox,24,24h_tss,0.858612377666931,0.0,3
chronological,linear_cox,24,48h_alert_fraction,0.1528046421663443,0.0,3
chronological,linear_cox,24,48h_auc,0.9932188526162156,0.0,3
chronological,linear_cox,24,48h_average_precision,0.9304771916823386,0.0,3
chronological,linear_cox,24,48h_brier,0.01101662740862608,0.0,3
chronological,linear_cox,24,48h_bss,0.7716574478098219,0.0,3
chronological,linear_cox,24,48h_calibration_intercept,-0.19696148306969277,0.0,3
chronological,linear_cox,24,48h_calibration_slope,1.8148183339283752,0.0,3
chronological,linear_cox,24,48h_ece,0.025048491082469263,0.0,3
chronological,linear_cox,24,48h_f1,0.4884874580333964,0.0,3
chronological,linear_cox,24,48h_far,0.6729213787943517,0.0,3
chronological,linear_cox,24,48h_fn_ipcw,1.169247255604473,0.0,3
chronological,linear_cox,24,48h_fp_ipcw,65.18806529475376,0.0,3
chronological,linear_cox,24,48h_hss2,0.4486701205029882,0.0,3
chronological,linear_cox,24,48h_km_reference_brier,0.048246055336417265,0.0,3
chronological,linear_cox,24,48h_known_count,517.0,0.0,3
chronological,linear_cox,24,48h_observed_survival_km,0.9525778467901921,0.0,3
chronological,linear_cox,24,48h_precision,0.32707862120564835,0.0,3
chronological,linear_cox,24,48h_predicted_survival_mean,0.9336857865447438,0.0,3
chronological,linear_cox,24,48h_recall,0.9644112524789921,0.0,3
chronological,linear_cox,24,48h_threshold,0.09503582869278349,0.0,3
chronological,linear_cox,24,48h_tn_ipcw,581.3711129348446,0.0,3
chronological,linear_cox,24,48h_tp_ipcw,31.68516142832763,0.0,3
chronological,linear_cox,24,48h_tss,0.8635882072115022,0.0,3
chronological,linear_cox,24,72h_alert_fraction,0.17130620985010706,0.0,3
chronological,linear_cox,24,72h_auc,0.9937689739218176,0.0,3
chronological,linear_cox,24,72h_average_precision,0.9422517002057016,0.0,3
chronological,linear_cox,24,72h_brier,0.010842036153482346,0.0,3
chronological,linear_cox,24,72h_bss,0.7867142778417606,0.0,3
chronological,linear_cox,24,72h_calibration_intercept,-0.4258398711114239,0.0,3
chronological,linear_cox,24,72h_calibration_slope,1.9499552083410776,0.0,3
chronological,linear_cox,24,72h_ece,0.03525300225385004,0.0,3
chronological,linear_cox,24,72h_f1,0.4534834876688108,0.0,3
chronological,linear_cox,24,72h_far,0.7035633348023236,0.0,3
chronological,linear_cox,24,72h_fn_ipcw,1.169247255604473,0.0,3
chronological,linear_cox,24,72h_fp_ipcw,75.20162130888417,0.0,3
chronological,linear_cox,24,72h_hss2,0.41045402085726107,0.0,3
chronological,linear_cox,24,72h_km_reference_brier,0.05083338933226156,0.0,3
chronological,linear_cox,24,72h_known_count,467.0,0.0,3
chronological,linear_cox,24,72h_observed_survival_km,0.9525778467901921,0.0,3
chronological,linear_cox,24,72h_precision,0.29643666519767636,0.0,3
chronological,linear_cox,24,72h_predicted_survival_mean,0.9249755777606204,0.0,3
chronological,linear_cox,24,72h_recall,0.9644112524789921,0.0,3
chronological,linear_cox,24,72h_threshold,0.1099573946987018,0.0,3
chronological,linear_cox,24,72h_tn_ipcw,580.5565165045858,0.0,3
chronological,linear_cox,24,72h_tp_ipcw,31.68516142832763,0.0,3
chronological,linear_cox,24,72h_tss,0.8497323533964232,0.0,3
chronological,linear_cox,24,event_censored_c_index,0.9804446373456791,0.0,3
chronological,linear_cox,24,event_censored_fraction,0.9672092914781473,0.0,3
chronological,linear_cox,24,event_censored_pairs,20736.0,0.0,3
chronological,linear_cox,24,event_event_c_index,0.7382645803698434,0.0,3
chronological,linear_cox,24,event_event_fraction,0.0327907085218527,0.0,3
chronological,linear_cox,24,event_event_pairs,703.0,0.0,3
chronological,linear_cox,24,harrell_c_index,0.9725033816875787,0.0,3
chronological,linear_cox,24,integrated_auc,0.9932154123961698,0.0,3
chronological,linear_cox,24,integrated_brier_score,0.011669929569123688,0.0,3
chronological,linear_cox,24,uno_c_index,0.8299982880541411,0.0,3
chronological,logistic,24,12h_alert_fraction,0.08121019108280254,0.0,3
chronological,logistic,24,12h_auc,0.997875514530112,0.0,3
chronological,logistic,24,12h_average_precision,0.9604023093998871,0.0,3
chronological,logistic,24,12h_brier,0.009275003683918459,0.0,3
chronological,logistic,24,12h_bss,0.7506319358864202,0.0,3
chronological,logistic,24,12h_calibration_intercept,1.0558415358087652,0.0,3
chronological,logistic,24,12h_calibration_slope,1.8919255079093704,0.0,3
chronological,logistic,24,12h_ece,0.013218748057093686,0.0,3
chronological,logistic,24,12h_f1,0.663015846265839,0.0,3
chronological,logistic,24,12h_far,0.5040959577463552,0.0,3
chronological,logistic,24,12h_fn_ipcw,0.0,0.0,3
chronological,logistic,24,12h_fp_ipcw,27.2844310791216,0.0,3
chronological,logistic,24,12h_hss2,0.6443527312086195,0.0,3
chronological,logistic,24,12h_km_reference_brier,0.03719403170926477,0.0,3
chronological,logistic,24,12h_known_count,628.0,0.0,3
chronological,logistic,24,12h_observed_survival_km,0.9613497134749082,0.0,3
chronological,logistic,24,12h_precision,0.49590404225364487,0.0,3
chronological,logistic,24,12h_predicted_survival_mean,0.9644463409852763,0.0,3
chronological,logistic,24,12h_recall,1.0,0.0,3
chronological,logistic,24,12h_threshold,0.04505940210596404,0.0,3
chronological,logistic,24,12h_tn_ipcw,629.7246693061264,0.0,3
chronological,logistic,24,12h_tp_ipcw,26.841039795711808,0.0,3
chronological,logistic,24,12h_tss,0.9584717607973422,0.0,3
chronological,logistic,24,144h_alert_fraction,0.2088607594936709,0.0,3
chronological,logistic,24,144h_auc,0.9855814737846117,0.0,3
chronological,logistic,24,144h_average_precision,0.9246794186800668,0.0,3
chronological,logistic,24,144h_brier,0.019429178548518958,0.0,3
chronological,logistic,24,144h_bss,0.6675029027575766,0.0,3
chronological,logistic,24,144h_calibration_intercept,-1.445911705688489,0.0,3
chronological,logistic,24,144h_calibration_slope,2.002120499002858,0.0,3
chronological,logistic,24,144h_ece,0.07410048214225644,0.0,3
chronological,logistic,24,144h_f1,0.4881479993919991,0.0,3
chronological,logistic,24,144h_far,0.6736133763728375,0.0,3
chronological,logistic,24,144h_fn_ipcw,1.169247255604473,0.0,3
chronological,logistic,24,144h_fp_ipcw,72.53882897944457,0.0,3
chronological,logistic,24,144h_hss2,0.440687347208738,0.0,3
chronological,logistic,24,144h_km_reference_brier,0.05843412983047235,0.0,3
chronological,logistic,24,144h_known_count,316.0,0.0,3
chronological,logistic,24,144h_observed_survival_km,0.9473444532866776,0.0,3
chronological,logistic,24,144h_precision,0.32638662362716253,0.0,3
chronological,logistic,24,144h_predicted_survival_mean,0.8465029787458902,0.0,3
chronological,logistic,24,144h_recall,0.9678040241139091,0.0,3
chronological,logistic,24,144h_threshold,0.19796820204292143,0.0,3
chronological,logistic,24,144h_tn_ipcw,531.2402475259325,0.0,3
chronological,logistic,24,144h_tp_ipcw,35.14731788723395,0.0,3
chronological,logistic,24,144h_tss,0.8476626813577255,0.0,3
chronological,logistic,24,24h_alert_fraction,0.05602716468590832,0.0,3
chronological,logistic,24,24h_auc,0.9915456265678951,0.0,3
chronological,logistic,24,24h_average_precision,0.9253502780115325,0.0,3
chronological,logistic,24,24h_brier,0.011036617840981316,0.0,3
chronological,logistic,24,24h_bss,0.7275487005538223,0.0,3
chronological,logistic,24,24h_calibration_intercept,-0.292140593235087,0.0,3
chronological,logistic,24,24h_calibration_slope,1.5395345057682828,0.0,3
chronological,logistic,24,24h_ece,0.013296728562537363,0.0,3
chronological,logistic,24,24h_f1,0.7820026779581325,0.0,3
chronological,logistic,24,24h_far,0.2989738545058538,0.0,3
chronological,logistic,24,24h_fn_ipcw,3.2455583425523042,0.0,3
chronological,logistic,24,24h_fp_ipcw,10.561669411961708,0.0,3
chronological,logistic,24,24h_hss2,0.7716237570343861,0.0,3
chronological,logistic,24,24h_km_reference_brier,0.040508589474213846,0.0,3
chronological,logistic,24,24h_known_count,589.0,0.0,3
chronological,logistic,24,24h_observed_survival_km,0.9596542113347408,0.0,3
chronological,logistic,24,24h_precision,0.7010261454941462,0.0,3
chronological,logistic,24,24h_predicted_survival_mean,0.9497717342696178,0.0,3
chronological,logistic,24,24h_recall,0.8841297721581262,0.0,3
chronological,logistic,24,24h_threshold,0.25343690188703094,0.0,3
chronological,logistic,24,24h_tn_ipcw,648.9559094238693,0.0,3
chronological,logistic,24,24h_tp_ipcw,24.76472870876398,0.0,3
chronological,logistic,24,24h_tss,0.8681155372826814,0.0,3
chronological,logistic,24,48h_alert_fraction,0.10444874274661509,0.0,3
chronological,logistic,24,48h_auc,0.9903192609215171,0.0,3
chronological,logistic,24,48h_average_precision,0.9253826014182239,0.0,3
chronological,logistic,24,48h_brier,0.01138023048722031,0.0,3
chronological,logistic,24,48h_bss,0.7641210165708565,0.0,3
chronological,logistic,24,48h_calibration_intercept,-0.44327707701804053,0.0,3
chronological,logistic,24,48h_calibration_slope,1.635827848040247,0.0,3
chronological,logistic,24,48h_ece,0.02170566005173791,0.0,3
chronological,logistic,24,48h_f1,0.6569022680648271,0.0,3
chronological,logistic,24,48h_far,0.5019153554407144,0.0,3
chronological,logistic,24,48h_fn_ipcw,1.169247255604473,0.0,3
chronological,logistic,24,48h_fp_ipcw,31.928848307634485,0.0,3
chronological,logistic,24,48h_hss2,0.633530310106276,0.0,3
chronological,logistic,24,48h_km_reference_brier,0.048246055336417265,0.0,3
chronological,logistic,24,48h_known_count,517.0,0.0,3
chronological,logistic,24,48h_observed_survival_km,0.9525778467901921,0.0,3
chronological,logistic,24,48h_precision,0.4980846445592857,0.0,3
chronological,logistic,24,48h_predicted_survival_mean,0.9366531166263142,0.0,3
chronological,logistic,24,48h_recall,0.9644112524789921,0.0,3
chronological,logistic,24,48h_threshold,0.13043557813023843,0.0,3
chronological,logistic,24,48h_tn_ipcw,614.630329921964,0.0,3
chronological,logistic,24,48h_tp_ipcw,31.68516142832763,0.0,3
chronological,logistic,24,48h_tss,0.9150285364296096,0.0,3
chronological,logistic,24,72h_alert_fraction,0.08779443254817987,0.0,3
chronological,logistic,24,72h_auc,0.9889109319182006,0.0,3
chronological,logistic,24,72h_average_precision,0.9430115974921748,0.0,3
chronological,logistic,24,72h_brier,0.010998381338563666,0.0,3
chronological,logistic,24,72h_bss,0.7836386382447351,0.0,3
chronological,logistic,24,72h_calibration_intercept,-0.7520000652545966,0.0,3
chronological,logistic,24,72h_calibration_slope,1.8231884327259547,0.0,3
chronological,logistic,24,72h_ece,0.034572383390916166,0.0,3
chronological,logistic,24,72h_f1,0.7519561389478605,0.0,3
chronological,logistic,24,72h_far,0.37046866663789424,0.0,3
chronological,logistic,24,72h_fn_ipcw,2.185076869257207,0.0,3
chronological,logistic,24,72h_fp_ipcw,18.0483891141322,0.0,3
chronological,logistic,24,72h_hss2,0.736965995859321,0.0,3
chronological,logistic,24,72h_km_reference_brier,0.05083338933226156,0.0,3
chronological,logistic,24,72h_known_count,467.0,0.0,3
chronological,logistic,24,72h_observed_survival_km,0.9525778467901921,0.0,3
chronological,logistic,24,72h_precision,0.6295313333621058,0.0,3
chronological,logistic,24,72h_predicted_survival_mean,0.9233578424861494,0.0,3
chronological,logistic,24,72h_recall,0.9334921261168261,0.0,3
chronological,logistic,24,72h_threshold,0.20944832320202278,0.0,3
chronological,logistic,24,72h_tn_ipcw,637.7097486993379,0.0,3
chronological,logistic,24,72h_tp_ipcw,30.669331814674894,0.0,3
chronological,logistic,24,72h_tss,0.9059691903370095,0.0,3
chronological,logistic,24,event_censored_c_index,0.9726321373456791,0.0,3
chronological,logistic,24,event_censored_fraction,0.9672092914781473,0.0,3
chronological,logistic,24,event_censored_pairs,20736.0,0.0,3
chronological,logistic,24,event_event_c_index,0.7439544807965861,0.0,3
chronological,logistic,24,event_event_fraction,0.0327907085218527,0.0,3
chronological,logistic,24,event_event_pairs,703.0,0.0,3
chronological,logistic,24,harrell_c_index,0.9651336349643174,0.0,3
chronological,logistic,24,integrated_auc,0.9890257152715064,0.0,3
chronological,logistic,24,integrated_brier_score,0.013293995507062124,0.0,3
chronological,logistic,24,uno_c_index,0.8094923017802743,0.0,3
chronological,lstm_classifier,24,12h_alert_fraction,0.1305732484076433,0.06011014677763335,3
chronological,lstm_classifier,24,12h_auc,0.9906083527645233,0.0012723815442878402,3
chronological,lstm_classifier,24,12h_average_precision,0.8634916737807862,0.0033672920516965026,3
chronological,lstm_classifier,24,12h_brier,0.014650816687748555,0.0003275523677287328,3
chronological,lstm_classifier,24,12h_bss,0.6060976448514684,0.008806584085562895,3
chronological,lstm_classifier,24,12h_calibration_intercept,1.1467563566489984,0.02259059844343231,3
chronological,lstm_classifier,24,12h_calibration_slope,1.590601880285,0.036382729270136915,3
chronological,lstm_classifier,24,12h_ece,0.020586484476837943,0.00013702239949580134,3
chronological,lstm_classifier,24,12h_f1,0.507318840765601,0.19421348463037602,3
chronological,lstm_classifier,24,12h_far,0.6394209723963913,0.19504655993290781,3
chronological,lstm_classifier,24,12h_fn_ipcw,0.3486184264552952,0.6038248270752854,3
chronological,lstm_classifier,24,12h_fp_ipcw,61.480918031620654,40.62113331895382,3
chronological,lstm_classifier,24,12h_hss2,0.47564192716988957,0.2100258316574711,3
chronological,lstm_classifier,24,12h_km_reference_brier,0.03719403170926477,0.0,3
chronological,lstm_classifier,24,12h_known_count,628.0,0.0,3
chronological,lstm_classifier,24,12h_observed_survival_km,0.9613497134749082,0.0,3
chronological,lstm_classifier,24,12h_precision,0.3605790276036087,0.19504655993290781,3
chronological,lstm_classifier,24,12h_predicted_survival_mean,0.9634025692939758,0.0011504933665629454,3
chronological,lstm_classifier,24,12h_recall,0.9870117391461491,0.022496327700827476,3
chronological,lstm_classifier,24,12h_threshold,0.025699516137440998,0.0063498472359271585,3
chronological,lstm_classifier,24,12h_tn_ipcw,595.5281823536274,40.62113331895391,3
chronological,lstm_classifier,24,12h_tp_ipcw,26.492421369256515,0.6038248270752847,3
chronological,lstm_classifier,24,12h_tss,0.8934347734761604,0.042223625640516294,3
chronological,lstm_classifier,24,144h_alert_fraction,0.3280590717299578,0.12278046014305032,3
chronological,lstm_classifier,24,144h_auc,0.983507198233529,0.0018137037761766534,3
chronological,lstm_classifier,24,144h_average_precision,0.9435073649610812,0.0035100960371898136,3
chronological,lstm_classifier,24,144h_brier,0.015472290772979952,0.000944474062460039,3
chronological,lstm_classifier,24,144h_bss,0.7352182565588333,0.016163055139181922,3
chronological,lstm_classifier,24,144h_calibration_intercept,-0.5722194702424801,0.040420392792245886,3
chronological,lstm_classifier,24,144h_calibration_slope,2.1505665756170385,0.048674547338451654,3
chronological,lstm_classifier,24,144h_ece,0.06884873036431724,0.005821189919090806,3
chronological,lstm_classifier,24,144h_f1,0.34704819711417034,0.1533737323161029,3
chronological,lstm_classifier,24,144h_far,0.7793780691645935,0.12371815962900995,3
chronological,lstm_classifier,24,144h_fn_ipcw,1.5178656820597682,0.6038248270752853,3
chronological,lstm_classifier,24,144h_fp_ipcw,153.61163783882387,81.54864161791734,3
chronological,lstm_classifier,24,144h_hss2,0.27901529343339726,0.17558486184462882,3
chronological,lstm_classifier,24,144h_km_reference_brier,0.05843412983047235,0.0,3
chronological,lstm_classifier,24,144h_known_count,316.0,0.0,3
chronological,lstm_classifier,24,144h_observed_survival_km,0.9473444532866776,0.0,3
chronological,lstm_classifier,24,144h_precision,0.2206219308354064,0.12371815962900998,3
chronological,lstm_classifier,24,144h_predicted_survival_mean,0.8710342645645142,0.002626376127447469,3
chronological,lstm_classifier,24,144h_recall,0.9582045913183205,0.016626705325802425,3
chronological,lstm_classifier,24,144h_threshold,0.11441574494043986,0.08296609479192098,3
chronological,lstm_classifier,24,144h_tn_ipcw,450.1674386665532,81.54864161791728,3
chronological,lstm_classifier,24,144h_tp_ipcw,34.79869946077866,0.6038248270752857,3
chronological,lstm_classifier,24,144h_tss,0.7037876301875784,0.11849548059818421,3
chronological,lstm_classifier,24,24h_alert_fraction,0.1426146010186757,0.04224059526188363,3
chronological,lstm_classifier,24,24h_auc,0.981191047631165,0.0005841371912804778,3
chronological,lstm_classifier,24,24h_average_precision,0.8223583374501743,0.008347071791206835,3
chronological,lstm_classifier,24,24h_brier,0.015844472010532164,0.00039145244121423385,3
chronological,lstm_classifier,24,24h_bss,0.6088614238069651,0.009663442896806278,3
chronological,lstm_classifier,24,24h_calibration_intercept,0.09864415065159572,0.018623892776900276,3
chronological,lstm_classifier,24,24h_calibration_slope,1.344884599963966,0.02331810776439215,3
chronological,lstm_classifier,24,24h_ece,0.014104948651217813,0.00016467488455140723,3
chronological,lstm_classifier,24,24h_f1,0.4393796853651671,0.09170027029452156,3
chronological,lstm_classifier,24,24h_far,0.7086641541383982,0.08034386338219154,3
chronological,lstm_classifier,24,24h_fn_ipcw,1.8664841085150634,0.6038248270752853,3
chronological,lstm_classifier,24,24h_fp_ipcw,68.84643764834298,28.560982737179202,3
chronological,lstm_classifier,24,24h_hss2,0.40185729313120433,0.1005853610074452,3
chronological,lstm_classifier,24,24h_km_reference_brier,0.040508589474213846,0.0,3
chronological,lstm_classifier,24,24h_known_count,589.0,0.0,3
chronological,lstm_classifier,24,24h_observed_survival_km,0.9596542113347408,0.0,3
chronological,lstm_classifier,24,24h_precision,0.29133584586160177,0.08034386338219149,3
chronological,lstm_classifier,24,24h_predicted_survival_mean,0.9523772199948629,0.0002012566196064999,3
chronological,lstm_classifier,24,24h_recall,0.9333643348568486,0.021557252375495054,3
chronological,lstm_classifier,24,24h_threshold,0.03700053691864014,0.008248341523583148,3
chronological,lstm_classifier,24,24h_tn_ipcw,590.6711411874882,28.560982737179174,3
chronological,lstm_classifier,24,24h_tp_ipcw,26.143802942801216,0.6038248270752861,3
chronological,lstm_classifier,24,24h_tss,0.8289752482613563,0.024301745404016303,3
chronological,lstm_classifier,24,48h_alert_fraction,0.2379110251450677,0.006700389971252915,3
chronological,lstm_classifier,24,48h_auc,0.980234803941891,0.0022378946657656855,3
chronological,lstm_classifier,24,48h_average_precision,0.8542918387808732,0.02034301060391917,3
chronological,lstm_classifier,24,48h_brier,0.014350219367601997,0.00046686641364236247,3
chronological,lstm_classifier,24,48h_bss,0.7025618101306178,0.009676778969532892,3
chronological,lstm_classifier,24,48h_calibration_intercept,0.05994672466104794,0.08333514119920964,3
chronological,lstm_classifier,24,48h_calibration_slope,1.4513656713178904,0.03760099594596821,3
chronological,lstm_classifier,24,48h_ece,0.02155259219671854,0.0005122026275400421,3
chronological,lstm_classifier,24,48h_f1,0.33292912629438964,0.012987562596637508,3
chronological,lstm_classifier,24,48h_far,0.7983180513733358,0.008877000212111961,3
chronological,lstm_classifier,24,48h_fn_ipcw,1.5178656820597682,0.6038248270752853,3
chronological,lstm_classifier,24,48h_fp_ipcw,124.16774341857855,5.036694531278231,3
chronological,lstm_classifier,24,48h_hss2,0.2750468441099349,0.014418700365400359,3
chronological,lstm_classifier,24,48h_km_reference_brier,0.048246055336417265,0.0,3
chronological,lstm_classifier,24,48h_known_count,517.0,0.0,3
chronological,lstm_classifier,24,48h_observed_survival_km,0.9525778467901921,0.0,3
chronological,lstm_classifier,24,48h_precision,0.20168194862666433,0.008877000212111966,3
chronological,lstm_classifier,24,48h_predicted_survival_mean,0.9395713011423746,0.0016890523825692765,3
chronological,lstm_classifier,24,48h_recall,0.9538002434722833,0.018378806719190576,3
chronological,lstm_classifier,24,48h_threshold,0.03889773289362589,0.0041106732282920715,3
chronological,lstm_classifier,24,48h_tn_ipcw,522.3914348110198,5.036694531278225,3
chronological,lstm_classifier,24,48h_tp_ipcw,31.336543001872332,0.6038248270752845,3
chronological,lstm_classifier,24,48h_tss,0.7617563477246838,0.023940163240744373,3
chronological,lstm_classifier,24,72h_alert_fraction,0.22912205567451818,0.011922407629186345,3
chronological,lstm_classifier,24,72h_auc,0.978745869020666,0.00026906570666670337,3
chronological,lstm_classifier,24,72h_average_precision,0.879548362319596,0.01575576292125925,3
chronological,lstm_classifier,24,72h_brier,0.012314891769570476,0.0006422695125293475,3
chronological,lstm_classifier,24,72h_bss,0.7577401009191651,0.012634796163822393,3
chronological,lstm_classifier,24,72h_calibration_intercept,-0.25321457133649555,0.03121166321329057,3
chronological,lstm_classifier,24,72h_calibration_slope,1.5532510083796724,0.019494473593236538,3
chronological,lstm_classifier,24,72h_ece,0.027890468702339948,0.0013630555663065752,3
chronological,lstm_classifier,24,72h_f1,0.3435228279581904,0.016243323168967004,3
chronological,lstm_classifier,24,72h_far,0.7899129602581266,0.011942491407422134,3
chronological,lstm_classifier,24,72h_fn_ipcw,1.8664841085150634,0.6038248270752853,3
chronological,lstm_classifier,24,72h_fp_ipcw,116.8131850998001,8.283564692579477,3
chronological,lstm_classifier,24,72h_hss2,0.28794234516127853,0.018195945873489074,3
chronological,lstm_classifier,24,72h_km_reference_brier,0.05083338933226156,0.0,3
chronological,lstm_classifier,24,72h_known_count,467.0,0.0,3
chronological,lstm_classifier,24,72h_observed_survival_km,0.9525778467901921,0.0,3
chronological,lstm_classifier,24,72h_precision,0.2100870397418733,0.011942491407422148,3
chronological,lstm_classifier,24,72h_predicted_survival_mean,0.9242798884709676,0.0013022909051643905,3
chronological,lstm_classifier,24,72h_recall,0.9431892344655745,0.018378806719190576,3
chronological,lstm_classifier,24,72h_threshold,0.06452113389968872,0.0036195091270320515,3
chronological,lstm_classifier,24,72h_tn_ipcw,538.9449527136699,8.283564692579427,3
chronological,lstm_classifier,24,72h_tp_ipcw,30.98792457541704,0.6038248270752847,3
chronological,lstm_classifier,24,72h_tss,0.765054677890651,0.021748835796978366,3
chronological,lstm_classifier,24,event_censored_c_index,0.9689750514403292,0.001233600504304872,3
chronological,lstm_classifier,24,event_censored_fraction,0.9672092914781473,0.0,3
chronological,lstm_classifier,24,event_censored_pairs,20736.0,0.0,3
chronological,lstm_classifier,24,event_event_c_index,0.6903745851114271,0.0070169030758410605,3
chronological,lstm_classifier,24,event_event_fraction,0.0327907085218527,0.0,3
chronological,lstm_classifier,24,event_event_pairs,703.0,0.0,3
chronological,lstm_classifier,24,harrell_c_index,0.9598395447548859,0.001003658509788192,3
chronological,lstm_classifier,24,integrated_auc,0.9811877660450946,0.0008420798104416882,3
chronological,lstm_classifier,24,integrated_brier_score,0.014133544953827118,0.0005921793999885213,3
chronological,lstm_classifier,24,uno_c_index,0.8573185843656232,0.012750829744303077,3
chronological,svm,24,12h_alert_fraction,0.07802547770700637,0.0,3
chronological,svm,24,12h_auc,0.9512949312827484,0.0,3
chronological,svm,24,12h_average_precision,0.8352721306588959,0.0,3
chronological,svm,24,12h_brier,0.015317415438336895,0.00012005763921487727,3
chronological,svm,24,12h_bss,0.5881754481990873,0.0032278737662357437,3
chronological,svm,24,12h_calibration_intercept,1.062829095765669,0.16065163987078457,3
chronological,svm,24,12h_calibration_slope,1.6863670018986001,0.07611848812294456,3
chronological,svm,24,12h_ece,0.03123266101014388,0.0018694500332481286,3
chronological,svm,24,12h_f1,0.6008447422220696,0.0,3
chronological,svm,24,12h_far,0.5447688374502825,0.0,3
chronological,svm,24,12h_fn_ipcw,3.1290516590531716,0.0,3
chronological,svm,24,12h_fp_ipcw,28.37580832228646,0.0,3
chronological,svm,24,12h_hss2,0.579036899490788,0.0,3
chronological,svm,24,12h_km_reference_brier,0.03719403170926477,0.0,3
chronological,svm,24,12h_known_count,628.0,0.0,3
chronological,svm,24,12h_observed_survival_km,0.9613497134749082,0.0,3
chronological,svm,24,12h_precision,0.45523116254971757,0.0,3
chronological,svm,24,12h_predicted_survival_mean,0.9433472635143554,0.001432159779367761,3
chronological,svm,24,12h_recall,0.8834228598121197,0.0,3
chronological,svm,24,12h_threshold,0.05503787618413462,0.0019706265341152586,3
chronological,svm,24,12h_tn_ipcw,628.6332920629616,0.0,3
chronological,svm,24,12h_tp_ipcw,23.711988136658636,0.0,3
chronological,svm,24,12h_tss,0.8402334910413556,0.0,3
chronological,svm,24,144h_alert_fraction,0.1772151898734177,0.0,3
chronological,svm,24,144h_auc,0.9553589229856362,0.0,3
chronological,svm,24,144h_average_precision,0.931251309122534,0.0,3
chronological,svm,24,144h_brier,0.012648287970270502,3.890124312701441e-05,3
chronological,svm,24,144h_bss,0.7835462253486892,0.0006657281153988536,3
chronological,svm,24,144h_calibration_intercept,0.7808205936979112,0.017834712134619447,3
chronological,svm,24,144h_calibration_slope,2.6122942569429064,0.010326496075821989,3
chronological,svm,24,144h_ece,0.0770790326093325,0.0003695687050925683,3
chronological,svm,24,144h_f1,0.5443024580363228,0.0,3
chronological,svm,24,144h_far,0.6140611416347935,0.0,3
chronological,svm,24,144h_fn_ipcw,2.7939011434807735,0.0,3
chronological,svm,24,144h_fp_ipcw,53.33737424959161,0.0,3
chronological,svm,24,144h_hss2,0.5046674896115683,0.0,3
chronological,svm,24,144h_km_reference_brier,0.05843412983047235,0.0,3
chronological,svm,24,144h_known_count,316.0,0.0,3
chronological,svm,24,144h_observed_survival_km,0.9473444532866776,0.0,3
chronological,svm,24,144h_precision,0.3859388583652065,0.0,3
chronological,svm,24,144h_predicted_survival_mean,0.8579175361238804,0.00016504868729713684,3
chronological,svm,24,144h_recall,0.9230681334401547,0.0,3
chronological,svm,24,144h_threshold,0.1115560560979284,0.00021878962701886087,3
chronological,svm,24,144h_tn_ipcw,550.4417022557855,0.0,3
chronological,svm,24,144h_tp_ipcw,33.52266399935765,0.0,3
chronological,svm,24,144h_tss,0.8347289108253136,0.0,3
chronological,svm,24,24h_alert_fraction,0.05602716468590832,0.0,3
chronological,svm,24,24h_auc,0.9638075543694887,0.001499291848140656,3
chronological,svm,24,24h_average_precision,0.8548022005705546,0.0008067390909725255,3
chronological,svm,24,24h_brier,0.01323522242699838,0.0001070648851214488,3
chronological,svm,24,24h_bss,0.6732736785262938,0.002643016864104912,3
chronological,svm,24,24h_calibration_intercept,-0.3475270741746854,0.051234806351287326,3
chronological,svm,24,24h_calibration_slope,1.4338757645292917,0.020195143103640966,3
chronological,svm,24,24h_ece,0.02897485087767976,0.001164619809906444,3
chronological,svm,24,24h_f1,0.7820026779581325,0.0,3
chronological,svm,24,24h_far,0.2989738545058538,0.0,3
chronological,svm,24,24h_fn_ipcw,3.2455583425523042,0.0,3
chronological,svm,24,24h_fp_ipcw,10.561669411961708,0.0,3
chronological,svm,24,24h_hss2,0.7716237570343861,0.0,3
chronological,svm,24,24h_km_reference_brier,0.040508589474213846,0.0,3
chronological,svm,24,24h_known_count,589.0,0.0,3
chronological,svm,24,24h_observed_survival_km,0.9596542113347408,0.0,3
chronological,svm,24,24h_precision,0.7010261454941462,0.0,3
chronological,svm,24,24h_predicted_survival_mean,0.9337674474729386,0.0011826933677812983,3
chronological,svm,24,24h_recall,0.8841297721581262,0.0,3
chronological,svm,24,24h_threshold,0.09694405087394735,0.0020187976710666403,3
chronological,svm,24,24h_tn_ipcw,648.9559094238693,0.0,3
chronological,svm,24,24h_tp_ipcw,24.76472870876398,0.0,3
chronological,svm,24,24h_tss,0.8681155372826814,0.0,3
chronological,svm,24,48h_alert_fraction,0.07736943907156674,0.0,3
chronological,svm,24,48h_auc,0.9696958063746616,0.00044542777761541697,3
chronological,svm,24,48h_average_precision,0.8953802791614031,3.4029116541865e-05,3
chronological,svm,24,48h_brier,0.012719118089447576,8.78267554294893e-05,3
chronological,svm,24,48h_bss,0.736369781928122,0.0018203924614578137,3
chronological,svm,24,48h_calibration_intercept,-0.2016543404159479,0.005839579263905061,3
chronological,svm,24,48h_calibration_slope,1.51900316914287,0.012183296905510925,3
chronological,svm,24,48h_ece,0.03478189792317399,0.0011613111938991332,3
chronological,svm,24,48h_f1,0.8140759440766573,0.0,3
chronological,svm,24,48h_far,0.2957107665626903,0.0,3
chronological,svm,24,48h_fn_ipcw,1.169247255604473,0.0,3
chronological,svm,24,48h_fp_ipcw,13.303686794847705,0.0,3
chronological,svm,24,48h_hss2,0.8030684462840041,0.0,3
chronological,svm,24,48h_km_reference_brier,0.048246055336417265,0.0,3
chronological,svm,24,48h_known_count,517.0,0.0,3
chronological,svm,24,48h_observed_survival_km,0.9525778467901921,0.0,3
chronological,svm,24,48h_precision,0.7042892334373098,0.0,3
chronological,svm,24,48h_predicted_survival_mean,0.925874179639344,0.0009665662418169386,3
chronological,svm,24,48h_recall,0.9644112524789921,0.0,3
chronological,svm,24,48h_threshold,0.08133462803885076,0.0008922163552705805,3
chronological,svm,24,48h_tn_ipcw,633.2554914347506,0.0,3
chronological,svm,24,48h_tp_ipcw,31.68516142832763,0.0,3
chronological,svm,24,48h_tss,0.9438351207917494,0.0,3
chronological,svm,24,72h_alert_fraction,0.1470378301213419,0.008654072557446199,3
chronological,svm,24,72h_auc,0.9911743119340576,0.00014137963046819633,3
chronological,svm,24,72h_average_precision,0.922110799043581,0.00012369803127488315,3
chronological,svm,24,72h_brier,0.01048029065366631,2.620320997043227e-05,3
chronological,svm,24,72h_bss,0.7938305749167317,0.000515472415171048,3
chronological,svm,24,72h_calibration_intercept,-0.38749374363714445,0.014867799546752002,3
chronological,svm,24,72h_calibration_slope,1.6501375649281627,0.00588359891592614,3
chronological,svm,24,72h_ece,0.04136421185108688,0.0002767757377501448,3
chronological,svm,24,72h_f1,0.5173215717460292,0.025352592343769523,3
chronological,svm,24,72h_far,0.6462563265376425,0.023595179319794,3
chronological,svm,24,72h_fn_ipcw,1.169247255604473,0.0,3
chronological,svm,24,72h_fp_ipcw,58.15592047887041,6.078474682865285,3
chronological,svm,24,72h_hss2,0.48106105209507294,0.027963092022784724,3
chronological,svm,24,72h_km_reference_brier,0.05083338933226156,0.0,3
chronological,svm,24,72h_known_count,467.0,0.0,3
chronological,svm,24,72h_observed_survival_km,0.9525778467901921,0.0,3
chronological,svm,24,72h_precision,0.3537436734623574,0.02359517931979396,3
chronological,svm,24,72h_predicted_survival_mean,0.9133483454977238,0.000392486018563625,3
chronological,svm,24,72h_recall,0.9644112524789921,0.0,3
chronological,svm,24,72h_threshold,0.05961251265688964,0.00042038843092706525,3
chronological,svm,24,72h_tn_ipcw,597.6022173345996,6.078474682865239,3
chronological,svm,24,72h_tp_ipcw,31.68516142832763,0.0,3
chronological,svm,24,72h_tss,0.8757262371884721,0.009269385055796815,3
chronological,svm,24,event_censored_c_index,0.9503198945473251,0.00010038898531377793,3
chronological,svm,24,event_censored_fraction,0.9672092914781473,0.0,3
chronological,svm,24,event_censored_pairs,20736.0,0.0,3
chronological,svm,24,event_event_c_index,0.7287814129919393,0.0008212663857604633,3
chronological,svm,24,event_event_fraction,0.0327907085218527,0.0,3
chronological,svm,24,event_event_pairs,703.0,0.0,3
chronological,svm,24,harrell_c_index,0.9430554907722687,0.00010771962669709105,3
chronological,svm,24,integrated_auc,0.9719567660580063,0.00010245840522518419,3
chronological,svm,24,integrated_brier_score,0.012074164005821628,4.0303911722649536e-05,3
chronological,svm,24,uno_c_index,0.8469301602595901,0.001608920411577795,3
chronological,tim_sfsa,24,12h_alert_fraction,0.15021231422505307,0.024479517107431428,3
chronological,tim_sfsa,24,12h_auc,0.9959858804582927,0.0002585154984572521,3
chronological,tim_sfsa,24,12h_average_precision,0.9040940101962184,0.01235500600525762,3
chronological,tim_sfsa,24,12h_brier,0.012793788861998815,9.146899703099894e-05,3
chronological,tim_sfsa,24,12h_bss,0.6560257580569849,0.002459238561336567,3
chronological,tim_sfsa,24,12h_calibration_intercept,1.3060655171384035,0.014677915627477514,3
chronological,tim_sfsa,24,12h_calibration_slope,1.8555065650976286,0.06077784202643514,3
chronological,tim_sfsa,24,12h_ece,0.01973714281107296,0.0003380349400190411,3
chronological,tim_sfsa,24,12h_f1,0.42304543352662954,0.0516471090064523,3
chronological,tim_sfsa,24,12h_far,0.7308407957714488,0.040847465578182,3
chronological,tim_sfsa,24,12h_fn_ipcw,0.0,0.0,3
chronological,tim_sfsa,24,12h_fp_ipcw,74.57744494959901,16.777891597881396,3
chronological,tim_sfsa,24,12h_hss2,0.38489718055922956,0.05644974333068766,3
chronological,tim_sfsa,24,12h_km_reference_brier,0.03719403170926477,0.0,3
chronological,tim_sfsa,24,12h_known_count,628.0,0.0,3
chronological,tim_sfsa,24,12h_observed_survival_km,0.9613497134749082,0.0,3
chronological,tim_sfsa,24,12h_precision,0.2691592042285514,0.04084746557818198,3
chronological,tim_sfsa,24,12h_predicted_survival_mean,0.9646584711337329,0.0002530636078072782,3
chronological,tim_sfsa,24,12h_recall,1.0,0.0,3
chronological,tim_sfsa,24,12h_threshold,0.03747400957436305,0.004414984631594795,3
chronological,tim_sfsa,24,12h_tn_ipcw,582.431655435649,16.777891597881418,3
chronological,tim_sfsa,24,12h_tp_ipcw,26.841039795711808,0.0,3
chronological,tim_sfsa,24,12h_tss,0.8864894795127354,0.02553677199911443,3
chronological,tim_sfsa,24,144h_alert_fraction,0.25949367088607594,0.11423130156822812,3
chronological,tim_sfsa,24,144h_auc,0.9864965502596732,0.0017797611885419804,3
chronological,tim_sfsa,24,144h_average_precision,0.9445743824248044,0.007243033843453906,3
chronological,tim_sfsa,24,144h_brier,0.012729691601502474,0.00039671816454913507,3
chronological,tim_sfsa,24,144h_bss,0.7821531416924743,0.006789151574603444,3
chronological,tim_sfsa,24,144h_calibration_intercept,0.4212185771464629,0.30249435100129307,3
chronological,tim_sfsa,24,144h_calibration_slope,2.553443581001565,0.18426643124435374,3
chronological,tim_sfsa,24,144h_ece,0.05977549806815155,0.0018092606454226529,3
chronological,tim_sfsa,24,144h_f1,0.457160127319338,0.24174204411589897,3
chronological,tim_sfsa,24,144h_far,0.6693201154396012,0.243254823123441,3
chronological,tim_sfsa,24,144h_fn_ipcw,1.71079855156324,0.937994359505354,3
chronological,tim_sfsa,24,144h_fp_ipcw,107.38591348917778,75.80164813547478,3
chronological,tim_sfsa,24,144h_hss2,0.4030496752082709,0.27195855435203925,3
chronological,tim_sfsa,24,144h_km_reference_brier,0.05843412983047235,0.0,3
chronological,tim_sfsa,24,144h_known_count,316.0,0.0,3
chronological,tim_sfsa,24,144h_observed_survival_km,0.9473444532866776,0.0,3
chronological,tim_sfsa,24,144h_precision,0.3306798845603987,0.24325482312344102,3
chronological,tim_sfsa,24,144h_predicted_survival_mean,0.9149549312891057,0.0008458514561293112,3
chronological,tim_sfsa,24,144h_recall,0.9528920605559911,0.02582827852292978,3
chronological,tim_sfsa,24,144h_threshold,0.12694279390381036,0.07810101016899795,3
chronological,tim_sfsa,24,144h_tn_ipcw,496.39316301619937,75.80164813547468,3
chronological,tim_sfsa,24,144h_tp_ipcw,34.605766591275184,0.9379943595053575,3
chronological,tim_sfsa,24,144h_tss,0.7750357590247777,0.10026437694312146,3
chronological,tim_sfsa,24,24h_alert_fraction,0.11601584606677985,0.047608889152344326,3
chronological,tim_sfsa,24,24h_auc,0.9869912248753469,0.0007722279330969946,3
chronological,tim_sfsa,24,24h_average_precision,0.8678720103056023,0.012606939905152655,3
chronological,tim_sfsa,24,24h_brier,0.01289319259855967,0.00011275143332986803,3
chronological,tim_sfsa,24,24h_bss,0.68171706875237,0.002783395689490549,3
chronological,tim_sfsa,24,24h_calibration_intercept,0.05110027181231979,0.019546332124231274,3
chronological,tim_sfsa,24,24h_calibration_slope,1.5094780522620777,0.026178040018215696,3
chronological,tim_sfsa,24,24h_ece,0.01381419209104618,0.0005875692956191843,3
chronological,tim_sfsa,24,24h_f1,0.5585690645228718,0.2145445897666497,3
chronological,tim_sfsa,24,24h_far,0.5806176421912851,0.23943408080784964,3
chronological,tim_sfsa,24,24h_fn_ipcw,1.169247255604473,0.0,3
chronological,tim_sfsa,24,24h_fp_ipcw,49.6789635303384,32.90738734971096,3
chronological,tim_sfsa,24,24h_hss2,0.5300317715118071,0.23095348881412253,3
chronological,tim_sfsa,24,24h_km_reference_brier,0.040508589474213846,0.0,3
chronological,tim_sfsa,24,24h_known_count,589.0,0.0,3
chronological,tim_sfsa,24,24h_observed_survival_km,0.9596542113347408,0.0,3
chronological,tim_sfsa,24,24h_precision,0.41938235780871497,0.23943408080784964,3
chronological,tim_sfsa,24,24h_predicted_survival_mean,0.950594152782851,0.00037055515366688944,3
chronological,tim_sfsa,24,24h_recall,0.95825650578081,0.0,3
chronological,tim_sfsa,24,24h_threshold,0.08161930098034857,0.03162493957164666,3
chronological,tim_sfsa,24,24h_tn_ipcw,609.8386153054927,32.90738734971097,3
chronological,tim_sfsa,24,24h_tp_ipcw,26.841039795711808,0.0,3
chronological,tim_sfsa,24,24h_tss,0.8829302898851991,0.04989614895147829,3
chronological,tim_sfsa,24,48h_alert_fraction,0.21212121212121213,0.0040264332678261825,3
chronological,tim_sfsa,24,48h_auc,0.9892566270265917,0.0006846752019810668,3
chronological,tim_sfsa,24,48h_average_precision,0.9079469103006103,0.002972028333157851,3
chronological,tim_sfsa,24,48h_brier,0.012638477715432951,0.00041444935542342957,3
chronological,tim_sfsa,24,48h_bss,0.7380412216645382,0.008590326246021525,3
chronological,tim_sfsa,24,48h_calibration_intercept,0.12296601813446721,0.0536325777984716,3
chronological,tim_sfsa,24,48h_calibration_slope,1.6340791030429964,0.019307907560442705,3
chronological,tim_sfsa,24,48h_ece,0.022820933873555393,0.0010298811783147168,3
chronological,tim_sfsa,24,48h_f1,0.37168253421767905,0.005994610703574217,3
chronological,tim_sfsa,24,48h_far,0.7697874470429177,0.004591535985403353,3
chronological,tim_sfsa,24,48h_fn_ipcw,1.169247255604473,0.0,3
chronological,tim_sfsa,24,48h_fp_ipcw,105.98603813228668,2.7693832468381214,3
chronological,tim_sfsa,24,48h_hss2,0.3184690901833392,0.0067254242224767296,3
chronological,tim_sfsa,24,48h_km_reference_brier,0.048246055336417265,0.0,3
chronological,tim_sfsa,24,48h_known_count,517.0,0.0,3
chronological,tim_sfsa,24,48h_observed_survival_km,0.9525778467901921,0.0,3
chronological,tim_sfsa,24,48h_precision,0.2302125529570825,0.004591535985403393,3
chronological,tim_sfsa,24,48h_predicted_survival_mean,0.9392933217940129,0.00047929532895140233,3
chronological,tim_sfsa,24,48h_recall,0.9644112524789921,0.0,3
chronological,tim_sfsa,24,48h_threshold,0.05444416116483216,0.007563847137981346,3
chronological,tim_sfsa,24,48h_tn_ipcw,540.5731400973117,2.769383246838085,3
chronological,tim_sfsa,24,48h_tp_ipcw,31.68516142832763,0.0,3
chronological,tim_sfsa,24,48h_tss,0.8004880700372912,0.004283263373387183,3
chronological,tim_sfsa,24,72h_alert_fraction,0.23411848679514632,0.017958237866394163,3
chronological,tim_sfsa,24,72h_auc,0.9895250078599142,0.0006867806944212499,3
chronological,tim_sfsa,24,72h_average_precision,0.9181879147669795,0.0032805761886338268,3
chronological,tim_sfsa,24,72h_brier,0.011943933800098108,0.0005253959018624622,3
chronological,tim_sfsa,24,72h_bss,0.7650376267057634,0.01033564569988283,3
chronological,tim_sfsa,24,72h_calibration_intercept,-0.22017682776065506,0.03249940726450188,3
chronological,tim_sfsa,24,72h_calibration_slope,1.6392710756174544,0.02775753261145493,3
chronological,tim_sfsa,24,72h_ece,0.027444180744526498,0.0013601942081182682,3
chronological,tim_sfsa,24,72h_f1,0.3457112564873858,0.022829323443783238,3
chronological,tim_sfsa,24,72h_far,0.7892354940441528,0.016809607944109035,3
chronological,tim_sfsa,24,72h_fn_ipcw,1.169247255604473,0.0,3
chronological,tim_sfsa,24,72h_fp_ipcw,119.31990581009622,12.613563555788117,3
chronological,tim_sfsa,24,72h_hss2,0.2900926043636271,0.025656917513031143,3
chronological,tim_sfsa,24,72h_km_reference_brier,0.05083338933226156,0.0,3
chronological,tim_sfsa,24,72h_known_count,467.0,0.0,3
chronological,tim_sfsa,24,72h_observed_survival_km,0.9525778467901921,0.0,3
chronological,tim_sfsa,24,72h_precision,0.2107645059558472,0.01680960794410904,3
chronological,tim_sfsa,24,72h_predicted_survival_mean,0.9305619700264952,0.0005916315060279996,3
chronological,tim_sfsa,24,72h_recall,0.9644112524789921,0.0,3
chronological,tim_sfsa,24,72h_threshold,0.06280672673355185,0.01751872958639268,3
chronological,tim_sfsa,24,72h_tn_ipcw,536.4382320033737,12.613563555788176,3
chronological,tim_sfsa,24,72h_tp_ipcw,31.68516142832763,0.0,3
chronological,tim_sfsa,24,72h_tss,0.7824540659346496,0.019235085054142394,3
chronological,tim_sfsa,24,event_censored_c_index,0.9794560185185185,0.0009645061728395243,3
chronological,tim_sfsa,24,event_censored_fraction,0.9672092914781473,0.0,3
chronological,tim_sfsa,24,event_censored_pairs,20736.0,0.0,3
chronological,tim_sfsa,24,event_event_c_index,0.7434803224276908,0.012907214403808657,3
chronological,tim_sfsa,24,event_event_fraction,0.0327907085218527,0.0,3
chronological,tim_sfsa,24,event_event_pairs,703.0,0.0,3
chronological,tim_sfsa,24,harrell_c_index,0.9717182082497628,0.001337578942674766,3
chronological,tim_sfsa,24,integrated_auc,0.9885984285285478,0.000313800493282404,3
chronological,tim_sfsa,24,integrated_brier_score,0.012452586251327696,0.00039301022082330583,3
chronological,tim_sfsa,24,uno_c_index,0.8725170627394121,0.0010813585221128052,3
official,balanced22,24,12h_alert_fraction,0.12754370879908283,0.04431610384003741,3
official,balanced22,24,12h_auc,0.981656523825118,0.0015558420376518757,3
official,balanced22,24,12h_average_precision,0.7215562540473431,0.03640890728380886,3
official,balanced22,24,12h_brier,0.02283883399479633,0.0008348443539785628,3
official,balanced22,24,12h_bss,0.4758957710875917,0.01915795948705194,3
official,balanced22,24,12h_calibration_intercept,0.8961037197951575,0.05176893534019935,3
official,balanced22,24,12h_calibration_slope,1.6587447724671707,0.005856881863288575,3
official,balanced22,24,12h_ece,0.021622952265833818,0.001525799790161615,3
official,balanced22,24,12h_f1,0.5370337334414832,0.11973507322547709,3
official,balanced22,24,12h_far,0.6164441471993206,0.12580231194214,3
official,balanced22,24,12h_fn_ipcw,2.7870346994538555,2.140065540223091,3
official,balanced22,24,12h_fp_ipcw,102.27611148338481,53.93229886884639,3
official,balanced22,24,12h_hss2,0.5032049797104406,0.13187481792306163,3
official,balanced22,24,12h_km_reference_brier,0.043576893172928975,0.0,3
official,balanced22,24,12h_known_count,1163.0,0.0,3
official,balanced22,24,12h_observed_survival_km,0.9541362661402012,0.0,3
official,balanced22,24,12h_precision,0.38355585280067944,0.12580231194214006,3
official,balanced22,24,12h_predicted_survival_mean,0.9567376172363189,0.0005357879805427066,3
official,balanced22,24,12h_recall,0.952699102357974,0.03632068918451424,3
official,balanced22,24,12h_threshold,0.05758744699730415,0.014123898223118748,3
official,balanced22,24,12h_tn_ipcw,1101.1002640551642,53.93229886884642,3
official,balanced22,24,12h_tp_ipcw,56.13435661422,2.140065540223089,3
official,balanced22,24,12h_tss,0.8677081439492939,0.015725525155279585,3
official,balanced22,24,144h_alert_fraction,0.14833333333333334,0.007264831572567782,3
official,balanced22,24,144h_auc,0.9454339962918707,0.0025989231618021385,3
official,balanced22,24,144h_average_precision,0.8057794480198027,0.00815204657080754,3
official,balanced22,24,144h_brier,0.03300393509174101,0.0013469631526551683,3
official,balanced22,24,144h_bss,0.5954869732650572,0.016509065972479548,3
official,balanced22,24,144h_calibration_intercept,-0.3190975962046502,0.04206920719968918,3
official,balanced22,24,144h_calibration_slope,1.3228046661798518,0.030953504801766327,3
official,balanced22,24,144h_ece,0.042404699758947235,0.00041567117529251217,3
official,balanced22,24,144h_f1,0.7520478019276652,0.02687625640628509,3
official,balanced22,24,144h_far,0.25016807195767243,0.05436092150350604,3
official,balanced22,24,144h_fn_ipcw,27.288492636337523,0.6031667607690184,3
official,balanced22,24,144h_fp_ipcw,28.60719540529337,8.671095283203337,3
official,balanced22,24,144h_hss2,0.7262602292244239,0.03081661955881195,3
official,balanced22,24,144h_km_reference_brier,0.08158930098774504,0.0,3
official,balanced22,24,144h_known_count,600.0,0.0,3
official,balanced22,24,144h_observed_survival_km,0.9112654249610479,0.0,3
official,balanced22,24,144h_precision,0.7498319280423277,0.054360921503506,3
official,balanced22,24,144h_predicted_survival_mean,0.8937441371845916,0.0005920473233333811,3
official,balanced22,24,144h_recall,0.7557750988131106,0.005398185400386468,3
official,balanced22,24,144h_threshold,0.21490416266740583,0.01608784887956249,3
official,balanced22,24,144h_tn_ipcw,1054.890330570193,8.671095283203552,3
official,balanced22,24,144h_tp_ipcw,84.44660277662126,0.603166760769019,3
official,balanced22,24,144h_tss,0.7293724585490841,0.0070700361450542655,3
official,balanced22,24,24h_alert_fraction,0.09231722428748451,0.0005365708821464901,3
official,balanced22,24,24h_auc,0.9758221034467952,0.0014475083634353449,3
official,balanced22,24,24h_average_precision,0.729010408285649,0.025953138939137286,3
official,balanced22,24,24h_brier,0.024371380207514944,0.0007810782383058903,3
official,balanced22,24,24h_bss,0.5245160071928471,0.01523878402791252,3
official,balanced22,24,24h_calibration_intercept,0.23435475819881224,0.05272588105262676,3
official,balanced22,24,24h_calibration_slope,1.4830125027822,0.012411668163366179,3
official,balanced22,24,24h_ece,0.019983663440273792,0.002168269035664836,3
official,balanced22,24,24h_f1,0.7003291981860653,0.006197557455541068,3
official,balanced22,24,24h_far,0.42703359456861695,0.005189541711658717,3
official,balanced22,24,24h_fn_ipcw,6.876363704635279,0.6031667607690194,3
official,balanced22,24,24h_fp_ipcw,46.38864981098887,0.675189061908856,3
official,balanced22,24,24h_hss2,0.6786132216327245,0.006643977046915976,3
official,balanced22,24,24h_km_reference_brier,0.051255942526333385,0.0,3
official,balanced22,24,24h_known_count,1076.0,0.0,3
official,balanced22,24,24h_observed_survival_km,0.946025556578541,0.0,3
official,balanced22,24,24h_precision,0.5729664054313831,0.005189541711658709,3
official,balanced22,24,24h_predicted_survival_mean,0.9401966502538516,0.0005622551780592899,3
official,balanced22,24,24h_recall,0.9005106717649464,0.008726800736582958,3
official,balanced22,24,24h_threshold,0.10499309757537585,0.0025840740159327313,3
official,balanced22,24,24h_tn_ipcw,1134.7677277293158,0.6751890619088857,3
official,balanced22,24,24h_tp_ipcw,62.24023228231491,0.6031667607690159,3
official,balanced22,24,24h_tss,0.861236744372207,0.009026203623132716,3
official,balanced22,24,48h_alert_fraction,0.10223642172523961,0.003689139100253201,3
official,balanced22,24,48h_auc,0.9701014959520423,0.0017019399768857882,3
official,balanced22,24,48h_average_precision,0.7868823575579528,0.017168921818157348,3
official,balanced22,24,48h_brier,0.024798599797872165,0.0010657551016728494,3
official,balanced22,24,48h_bss,0.5980274906972619,0.017275340382661035,3
official,balanced22,24,48h_calibration_intercept,0.09818491628454949,0.0352958757336143,3
official,balanced22,24,48h_calibration_slope,1.4538207452829262,0.014189315729012778,3
official,balanced22,24,48h_ece,0.02681234590731499,0.0017785940918559296,3
official,balanced22,24,48h_f1,0.7575900783343124,0.015596105583422434,3
official,balanced22,24,48h_far,0.33055997897064987,0.024956529932910643,3
official,balanced22,24,48h_fn_ipcw,10.64066926653045,0.6031667607690192,3
official,balanced22,24,48h_fp_ipcw,36.2329850613506,4.261198219023667,3
official,balanced22,24,48h_hss2,0.7372269069703398,0.017279909930511133,3
official,balanced22,24,48h_km_reference_brier,0.061692278013956325,0.0,3
official,balanced22,24,48h_known_count,939.0,0.0,3
official,balanced22,24,48h_observed_survival_km,0.9341837307990893,0.0,3
official,balanced22,24,48h_precision,0.6694400210293502,0.024956529932910664,3
official,balanced22,24,48h_predicted_survival_mean,0.9247322358269915,0.00048337244431029844,3
official,balanced22,24,48h_recall,0.8730171640830241,0.0071980271066427095,3
official,balanced22,24,48h_threshold,0.13316212849497108,0.010582410756018361,3
official,balanced22,24,48h_tn_ipcw,1105.1060443711929,4.261198219023572,3
official,balanced22,24,48h_tp_ipcw,73.15545317546291,0.6031667607690087,3
official,balanced22,24,48h_tss,0.8412711323369925,0.00681497630603136,3
official,balanced22,24,72h_alert_fraction,0.10901960784313725,0.004454045761411987,3
official,balanced22,24,72h_auc,0.9651150311067287,0.0020412736514143553,3
official,balanced22,24,72h_average_precision,0.799933347941708,0.013429811912069807,3
official,balanced22,24,72h_brier,0.026406611408387144,0.001235840003388287,3
official,balanced22,24,72h_bss,0.6088881945537975,0.01830418933700499,3
official,balanced22,24,72h_calibration_intercept,-0.1041946377953793,0.031896351717798234,3
official,balanced22,24,72h_calibration_slope,1.4046396371888015,0.02239102041992027,3
official,balanced22,24,72h_ece,0.026058943962914725,0.0016089531536112808,3
official,balanced22,24,72h_f1,0.7593712745414744,0.01794402394466028,3
official,balanced22,24,72h_far,0.3027174337044192,0.03162043849174488,3
official,balanced22,24,72h_fn_ipcw,15.077849216101084,0.6031667607690192,3
official,balanced22,24,72h_fp_ipcw,33.13618616343904,5.217596182194295,3
official,balanced22,24,72h_hss2,0.738537389200104,0.020013285683764266,3
official,balanced22,24,72h_km_reference_brier,0.06751678430739513,0.0,3
official,balanced22,24,72h_known_count,850.0,0.0,3
official,balanced22,24,72h_observed_survival_km,0.9283200097187064,0.0,3
official,balanced22,24,72h_precision,0.6972825662955807,0.031620438491744875,3
official,balanced22,24,72h_predicted_survival_mean,0.9140927370790309,0.0004419884000373428,3
official,balanced22,24,72h_recall,0.8343489390950952,0.006626622430821677,3
official,balanced22,24,72h_threshold,0.15935325949068188,0.012160291837831877,3
official,balanced22,24,72h_tn_ipcw,1122.1117587164583,5.21759618219432,3
official,balanced22,24,72h_tp_ipcw,75.94389935426763,0.6031667607690087,3
official,balanced22,24,72h_tss,0.8056657578695411,0.0058635814848103365,3
official,balanced22,24,event_censored_c_index,0.9612759157858141,0.0008321590619840539,3
official,balanced22,24,event_censored_fraction,0.9452370344389568,0.0,3
official,balanced22,24,event_censored_pairs,99714.0,0.0,3
official,balanced22,24,event_event_c_index,0.6902082972707865,0.009495826704596689,3
official,balanced22,24,event_event_fraction,0.054762965561043125,0.0,3
official,balanced22,24,event_event_pairs,5777.0,0.0,3
official,balanced22,24,harrell_c_index,0.9464319569256436,0.0010144278028037404,3
official,balanced22,24,integrated_auc,0.9628660474808513,0.0016587973155911232,3
official,balanced22,24,integrated_brier_score,0.0274738125284715,0.001153527306052709,3
official,balanced22,24,uno_c_index,0.8324406960559205,0.006152825591348922,3
official,bc_history,26,12h_alert_fraction,0.09802235597592433,0.013011819389872357,3
official,bc_history,26,12h_auc,0.981928825040388,0.00018986764252039356,3
official,bc_history,26,12h_average_precision,0.7145913660974174,0.01357233222086902,3
official,bc_history,26,12h_brier,0.022179721590084023,0.00022083336926201005,3
official,bc_history,26,12h_bss,0.4910210440641829,0.005067671262971041,3
official,bc_history,26,12h_calibration_intercept,0.6258484124453751,0.018507202357162314,3
official,bc_history,26,12h_calibration_slope,1.532003516480417,0.01476133044454017,3
official,bc_history,26,12h_ece,0.01788152529530203,0.00044255604253217996,3
official,bc_history,26,12h_f1,0.6307386685902455,0.05106857388791361,3
official,bc_history,26,12h_far,0.5282196961245413,0.05726872803481378,3
official,bc_history,26,12h_fn_ipcw,2.449896226693822,0.5866457134016425,3
official,bc_history,26,12h_fp_ipcw,64.55726185830673,16.040190608837012,3
official,bc_history,26,12h_hss2,0.6059627422978892,0.05568718012770806,3
official,bc_history,26,12h_km_reference_brier,0.043576893172928975,0.0,3
official,bc_history,26,12h_known_count,1163.0,0.0,3
official,bc_history,26,12h_observed_survival_km,0.9541362661402012,0.0,3
official,bc_history,26,12h_precision,0.47178030387545866,0.05726872803481376,3
official,bc_history,26,12h_predicted_survival_mean,0.9557447105951239,0.00018609417444508033,3
official,bc_history,26,12h_recall,0.9584209372509288,0.009956413117921479,3
official,bc_history,26,12h_threshold,0.07531416758963687,0.022587504123303695,3
official,bc_history,26,12h_tn_ipcw,1138.8191136802423,16.040190608837083,3
official,bc_history,26,12h_tp_ipcw,56.471495086980035,0.5866457134016466,3
official,bc_history,26,12h_tss,0.9047741620851664,0.010004447130460371,3
official,bc_history,26,144h_alert_fraction,0.15333333333333332,0.004409585518440978,3
official,bc_history,26,144h_auc,0.9413521058820487,0.0012113887552915729,3
official,bc_history,26,144h_average_precision,0.763863922253084,0.006827528252084716,3
official,bc_history,26,144h_brier,0.03595171376429043,0.00025503114576179626,3
official,bc_history,26,144h_bss,0.5593574975021481,0.0031257915274958245,3
official,bc_history,26,144h_calibration_intercept,-0.6697942378830248,0.02883335791359348,3
official,bc_history,26,144h_calibration_slope,1.0825482660655918,0.014263542156383228,3
official,bc_history,26,144h_ece,0.03759963471928488,0.0011473748396532287,3
official,bc_history,26,144h_f1,0.7431076924864621,0.014480685659620752,3
official,bc_history,26,144h_far,0.2770772729577818,0.02885635020464918,3
official,bc_history,26,144h_fn_ipcw,26.26285402353854,0.58664571340164,3
official,bc_history,26,144h_fp_ipcw,32.89827471608738,4.95491159040191,3
official,bc_history,26,144h_hss2,0.7157562083736594,0.01666171541392306,3
official,bc_history,26,144h_km_reference_brier,0.08158930098774504,0.0,3
official,bc_history,26,144h_known_count,600.0,0.0,3
official,bc_history,26,144h_observed_survival_km,0.9112654249610479,0.0,3
official,bc_history,26,144h_precision,0.7229227270422182,0.028856350204649186,3
official,bc_history,26,144h_predicted_survival_mean,0.8959243677611797,0.00034006960658154636,3
official,bc_history,26,144h_recall,0.7649542972467661,0.005250326329730806,3
official,bc_history,26,144h_threshold,0.22954493227818348,0.04725835942587652,3
official,bc_history,26,144h_tn_ipcw,1050.5992512593991,4.954911590402002,3
official,bc_history,26,144h_tp_ipcw,85.47224138942023,0.5866457134016363,3
official,bc_history,26,144h_tss,0.7345912609431359,0.004946593936379883,3
official,bc_history,26,24h_alert_fraction,0.10439900867410161,0.013700956869576193,3
official,bc_history,26,24h_auc,0.977125274934314,0.00027765902447003275,3
official,bc_history,26,24h_average_precision,0.7272725166626192,0.007488079583806033,3
official,bc_history,26,24h_brier,0.023763645503663514,0.00012226990389781566,3
official,bc_history,26,24h_bss,0.5363728704929258,0.002385477622131303,3
official,bc_history,26,24h_calibration_intercept,0.013128219912009763,0.013633907316205224,3
official,bc_history,26,24h_calibration_slope,1.3684867225360826,0.010009666469699544,3
official,bc_history,26,24h_ece,0.014503263157318182,0.0006561461409964001,3
official,bc_history,26,24h_f1,0.6593829750515562,0.05250869237580014,3
official,bc_history,26,24h_far,0.4825360195098996,0.06445407039379575,3
official,bc_history,26,24h_fn_ipcw,5.850725091836293,0.5866457134016425,3
official,bc_history,26,24h_fp_ipcw,60.42219093027962,16.79850846682281,3
official,bc_history,26,24h_hss2,0.6333179812073325,0.05795208378127327,3
official,bc_history,26,24h_km_reference_brier,0.051255942526333385,0.0,3
official,bc_history,26,24h_known_count,1076.0,0.0,3
official,bc_history,26,24h_observed_survival_km,0.946025556578541,0.0,3
official,bc_history,26,24h_precision,0.5174639804901003,0.06445407039379575,3
official,bc_history,26,24h_predicted_survival_mean,0.9392527862080616,0.0001936236291091434,3
official,bc_history,26,24h_recall,0.915349924163786,0.008487769182272871,3
official,bc_history,26,24h_threshold,0.11276413531625318,0.03305812354361616,3
official,bc_history,26,24h_tn_ipcw,1120.734186610025,16.79850846682264,3
official,bc_history,26,24h_tp_ipcw,63.2658708951139,0.5866457134016451,3
official,bc_history,26,24h_tss,0.8641948086522349,0.01091097052978305,3
official,bc_history,26,48h_alert_fraction,0.11430599929002484,0.013693504807941723,3
official,bc_history,26,48h_auc,0.9705315061472723,0.0003502833280212959,3
official,bc_history,26,48h_average_precision,0.7761270095032327,0.005308932705211887,3
official,bc_history,26,48h_brier,0.024735484865804996,6.176411670469437e-05,3
official,bc_history,26,48h_bss,0.5990505511855274,0.001001164468115707,3
official,bc_history,26,48h_calibration_intercept,-0.1514532495642211,0.02332312326906722,3
official,bc_history,26,48h_calibration_slope,1.3134671145838894,0.012350922841567491,3
official,bc_history,26,48h_ece,0.01729637504107659,0.0008089030091718852,3
official,bc_history,26,48h_f1,0.7203104704089482,0.056727021900489255,3
official,bc_history,26,48h_far,0.3919148443088467,0.07821273678675153,3
official,bc_history,26,48h_fn_ipcw,9.276330593180088,0.0,3
official,bc_history,26,48h_fp_ipcw,49.488955205747146,17.04479287609463,3
official,bc_history,26,48h_hss2,0.6953275037254901,0.06335006104643925,3
official,bc_history,26,48h_km_reference_brier,0.061692278013956325,0.0,3
official,bc_history,26,48h_known_count,939.0,0.0,3
official,bc_history,26,48h_observed_survival_km,0.9341837307990893,0.0,3
official,bc_history,26,48h_precision,0.6080851556911532,0.07821273678675156,3
official,bc_history,26,48h_predicted_survival_mean,0.9241275780877451,0.0001980334147548837,3
official,bc_history,26,48h_recall,0.8892988085504613,0.0,3
official,bc_history,26,48h_threshold,0.12555327423083817,0.007727364473650973,3
official,bc_history,26,48h_tn_ipcw,1091.8500742267963,17.044792876094803,3
official,bc_history,26,48h_tp_ipcw,74.51979184881327,0.0,3
official,bc_history,26,48h_tss,0.8459383749461251,0.014934031375908582,3
official,bc_history,26,72h_alert_fraction,0.12392156862745098,0.017143131760309325,3
official,bc_history,26,72h_auc,0.9638719852173319,0.0007982727242328848,3
official,bc_history,26,72h_average_precision,0.7866679343130335,0.003326646175624714,3
official,bc_history,26,72h_brier,0.02754987154437778,0.0001499834834529394,3
official,bc_history,26,72h_bss,0.5919552178470645,0.002221425161039678,3
official,bc_history,26,72h_calibration_intercept,-0.4049288903009889,0.02283471600772923,3
official,bc_history,26,72h_calibration_slope,1.2246139215228815,0.011942340138627109,3
official,bc_history,26,72h_ece,0.022784127722847155,0.00020179625059603843,3
official,bc_history,26,72h_f1,0.7120582834068888,0.06796347095298687,3
official,bc_history,26,72h_far,0.3825346450346559,0.09766208301967122,3
official,bc_history,26,72h_fn_ipcw,13.71351054275072,0.0,3
official,bc_history,26,72h_fp_ipcw,50.20634267187734,21.947695664494457,3
official,bc_history,26,72h_hss2,0.6850387651781501,0.07652510949318025,3
official,bc_history,26,72h_km_reference_brier,0.06751678430739513,0.0,3
official,bc_history,26,72h_known_count,850.0,0.0,3
official,bc_history,26,72h_observed_survival_km,0.9283200097187064,0.0,3
official,bc_history,26,72h_precision,0.617465354965344,0.0976620830196712,3
official,bc_history,26,72h_predicted_survival_mean,0.9141087378756586,0.00022100969490324238,3
official,bc_history,26,72h_recall,0.8493380894331114,0.0,3
official,bc_history,26,72h_threshold,0.14948871489348195,0.009113503745358307,3
official,bc_history,26,72h_tn_ipcw,1105.0416022080199,21.94769566449444,3
official,bc_history,26,72h_tp_ipcw,77.30823802761799,0.0,3
official,bc_history,26,72h_tss,0.8058787239398475,0.018998255536196672,3
official,bc_history,26,event_censored_c_index,0.9607878532603245,0.0004258353640523929,3
official,bc_history,26,event_censored_fraction,0.9452370344389568,0.0,3
official,bc_history,26,event_censored_pairs,99714.0,0.0,3
official,bc_history,26,event_event_c_index,0.6812647856442213,0.003276734375281426,3
official,bc_history,26,event_event_fraction,0.054762965561043125,0.0,3
official,bc_history,26,event_event_pairs,5777.0,0.0,3
official,bc_history,26,harrell_c_index,0.9454808579481541,0.00031954597176643654,3
official,bc_history,26,integrated_auc,0.9615690541574257,0.0004623469221086176,3
official,bc_history,26,integrated_brier_score,0.028569175113866335,0.00013671443795103746,3
official,bc_history,26,uno_c_index,0.8291601827493634,0.004913982614767832,3
official,legacy18,18,12h_alert_fraction,0.0885640584694755,0.006715605912215524,3
official,legacy18,18,12h_auc,0.9794383474902949,0.0004651373690190985,3
official,legacy18,18,12h_average_precision,0.6695746927272532,0.020918326259820093,3
official,legacy18,18,12h_brier,0.02340975596299095,0.00022119432768337967,3
official,legacy18,18,12h_bss,0.4627942870986117,0.005075954515747643,3
official,legacy18,18,12h_calibration_intercept,0.8309957919099089,0.017770254802673434,3
official,legacy18,18,12h_calibration_slope,1.5290481694795846,0.008273757748902561,3
official,legacy18,18,12h_ece,0.01944349565495101,0.0006482213047029942,3
official,legacy18,18,12h_f1,0.6485034734264619,0.028568542513412384,3
official,legacy18,18,12h_far,0.499738040641607,0.03456470080872014,3
official,legacy18,18,12h_fn_ipcw,4.486950257772908,0.6031667607690194,3
official,legacy18,18,12h_fp_ipcw,54.764868205642244,8.166370494210692,3
official,legacy18,18,12h_hss2,0.625800729191892,0.03106658164332748,3
official,legacy18,18,12h_km_reference_brier,0.043576893172928975,0.0,3
official,legacy18,18,12h_known_count,1163.0,0.0,3
official,legacy18,18,12h_observed_survival_km,0.9541362661402012,0.0,3
official,legacy18,18,12h_precision,0.500261959358393,0.034564700808720136,3
official,legacy18,18,12h_predicted_survival_mean,0.9582728429305952,0.00024070115391344938,3
official,legacy18,18,12h_recall,0.9238485351799284,0.010236804449473991,3
official,legacy18,18,12h_threshold,0.07223020038544466,0.018122159916875397,3
official,legacy18,18,12h_tn_ipcw,1148.611507332907,8.166370494210737,3
official,legacy18,18,12h_tp_ipcw,54.43444105590095,0.6031667607690159,3
official,legacy18,18,12h_tss,0.8783391922022309,0.009020849326957788,3
official,legacy18,18,144h_alert_fraction,0.17666666666666667,0.01607275126832158,3
official,legacy18,18,144h_auc,0.9434875242335871,0.0009087722269659507,3
official,legacy18,18,144h_average_precision,0.7878074676606269,0.0010922403736638856,3
official,legacy18,18,144h_brier,0.033520126397093536,0.0002664163415079499,3
official,legacy18,18,144h_bss,0.5891602698970498,0.003265334281365746,3
official,legacy18,18,144h_calibration_intercept,-0.27578757017513283,0.02212944816935221,3
official,legacy18,18,144h_calibration_slope,1.25932416113029,0.018789240080203544,3
official,legacy18,18,144h_ece,0.0345307775329245,0.0007518963361323436,3
official,legacy18,18,144h_f1,0.6727589052774093,0.04379880545241068,3
official,legacy18,18,144h_far,0.4067341519696777,0.07029051407138669,3
official,legacy18,18,144h_fn_ipcw,24.369823832659225,1.019047798301987,3
official,legacy18,18,144h_fp_ipcw,61.505470121380746,19.468137061890204,3
official,legacy18,18,144h_hss2,0.6335250470268986,0.051665685347057046,3
official,legacy18,18,144h_km_reference_brier,0.08158930098774504,0.0,3
official,legacy18,18,144h_known_count,600.0,0.0,3
official,legacy18,18,144h_observed_survival_km,0.9112654249610479,0.0,3
official,legacy18,18,144h_precision,0.5932658480303222,0.07029051407138659,3
official,legacy18,18,144h_predicted_survival_mean,0.89825150321125,0.0010087517007372098,3
official,legacy18,18,144h_recall,0.7818964243723832,0.009120212360634957,3
official,legacy18,18,144h_threshold,0.18022942644302034,0.004157297121393899,3
official,legacy18,18,144h_tn_ipcw,1021.9920558541056,19.468137061890207,3
official,legacy18,18,144h_tp_ipcw,87.36527158029953,1.019047798301999,3
official,legacy18,18,144h_tss,0.7251307478047265,0.009962337264801252,3
official,legacy18,18,24h_alert_fraction,0.09479553903345724,0.0072585963530731,3
official,legacy18,18,24h_auc,0.9731933018118393,0.0009048649388355868,3
official,legacy18,18,24h_average_precision,0.6868455567162087,0.015230664959585543,3
official,legacy18,18,24h_brier,0.02524840442032931,0.00021505068871259872,3
official,legacy18,18,24h_bss,0.5074053236391541,0.004195624509335907,3
official,legacy18,18,24h_calibration_intercept,0.22046887450674427,0.016228605958912495,3
official,legacy18,18,24h_calibration_slope,1.3842752427736411,0.01038159273747994,3
official,legacy18,18,24h_ece,0.017438291859958,0.0008956446916887963,3
official,legacy18,18,24h_f1,0.6774671298106236,0.03002878615809281,3
official,legacy18,18,24h_far,0.4506958997103805,0.04004666597933916,3
official,legacy18,18,24h_fn_ipcw,7.88777912291538,0.6031667607690201,3
official,legacy18,18,24h_fp_ipcw,50.67667626410548,8.77745780481505,3
official,legacy18,18,24h_hss2,0.6537830877386918,0.033024536786592,3
official,legacy18,18,24h_km_reference_brier,0.051255942526333385,0.0,3
official,legacy18,18,24h_known_count,1076.0,0.0,3
official,legacy18,18,24h_observed_survival_km,0.946025556578541,0.0,3
official,legacy18,18,24h_precision,0.5493041002896195,0.04004666597933915,3
official,legacy18,18,24h_predicted_survival_mean,0.9424148075106199,0.00038444068105673206,3
official,legacy18,18,24h_recall,0.8858772048842702,0.008726800736582845,3
official,legacy18,18,24h_threshold,0.10713787256722866,0.026248367531480642,3
official,legacy18,18,24h_tn_ipcw,1130.4797012761992,8.777457804815072,3
official,legacy18,18,24h_tp_ipcw,61.22881686403482,0.6031667607690159,3
official,legacy18,18,24h_tss,0.8429729144552275,0.008156557791561006,3
official,legacy18,18,48h_alert_fraction,0.11040113596024138,0.010343487599810774,3
official,legacy18,18,48h_auc,0.9682227062502576,0.0012148475251630283,3
official,legacy18,18,48h_average_precision,0.7615020364930963,0.004265177415481406,3
official,legacy18,18,48h_brier,0.025891947842107993,0.00031681423822517375,3
official,legacy18,18,48h_bss,0.5803048829506573,0.005135395359424142,3
official,legacy18,18,48h_calibration_intercept,0.10786186241973399,0.023625885858535565,3
official,legacy18,18,48h_calibration_slope,1.3650707030184723,0.010345807375765726,3
official,legacy18,18,48h_ece,0.024157423845157826,0.001139714300752485,3
official,legacy18,18,48h_f1,0.7181351491886135,0.03315064656241298,3
official,legacy18,18,48h_far,0.3869770190443182,0.05635851929160862,3
official,legacy18,18,48h_fn_ipcw,10.829054113986762,1.3159321431936302,3
official,legacy18,18,48h_fp_ipcw,46.83776117686784,11.42887075445582,3
official,legacy18,18,48h_hss2,0.6934139795841964,0.037198368173717695,3
official,legacy18,18,48h_km_reference_brier,0.061692278013956325,0.0,3
official,legacy18,18,48h_known_count,939.0,0.0,3
official,legacy18,18,48h_observed_survival_km,0.9341837307990893,0.0,3
official,legacy18,18,48h_precision,0.6130229809556819,0.05635851929160867,3
official,legacy18,18,48h_predicted_survival_mean,0.9276565637593567,0.0005714074461696413,3
official,legacy18,18,48h_recall,0.8707690308524357,0.01570397417976666,3
official,legacy18,18,48h_threshold,0.12063727237518991,0.015141595362665423,3
official,legacy18,18,48h_tn_ipcw,1094.5012682556755,11.42887075445589,3
official,legacy18,18,48h_tp_ipcw,72.96706832800659,1.3159321431936282,3
official,legacy18,18,48h_tss,0.8297314776197605,0.007213489384669942,3
official,legacy18,18,72h_alert_fraction,0.12352941176470589,0.0040754136648679445,3
official,legacy18,18,72h_auc,0.9622479812613994,0.0007095050964594235,3
official,legacy18,18,72h_average_precision,0.776734299179615,0.0011836774520216484,3
official,legacy18,18,72h_brier,0.027529539841147022,0.0002626900252181768,3
official,legacy18,18,72h_bss,0.5922563533860171,0.0038907366207220763,3
official,legacy18,18,72h_calibration_intercept,-0.09895880836719141,0.022185314512841618,3
official,legacy18,18,72h_calibration_slope,1.3180496799960055,0.01488858229009499,3
official,legacy18,18,72h_ece,0.021918098925571287,0.0012339314910783982,3
official,legacy18,18,72h_f1,0.695730478250487,0.014303667938418396,3
official,legacy18,18,72h_far,0.40402608558484204,0.02144302256408037,3
official,legacy18,18,72h_fn_ipcw,14.917995571861164,0.7127653824246108,3
official,legacy18,18,72h_fp_ipcw,51.712532952033655,4.841724347143222,3
official,legacy18,18,72h_hss2,0.6673432143390633,0.016116037323988617,3
official,legacy18,18,72h_km_reference_brier,0.06751678430739513,0.0,3
official,legacy18,18,72h_known_count,850.0,0.0,3
official,legacy18,18,72h_observed_survival_km,0.9283200097187064,0.0,3
official,legacy18,18,72h_precision,0.595973914415158,0.021443022564080354,3
official,legacy18,18,72h_predicted_survival_mean,0.9174907601210474,0.0007207299892442318,3
official,legacy18,18,72h_recall,0.8361051528214919,0.0078307151161084,3
official,legacy18,18,72h_threshold,0.13434752921668655,0.0020580677006424596,3
official,legacy18,18,72h_tn_ipcw,1103.5354119278636,4.841724347143299,3
official,legacy18,18,72h_tp_ipcw,76.10375299850755,0.7127653824245989,3
official,legacy18,18,72h_tss,0.7913420063634301,0.0074368841426459414,3
official,legacy18,18,event_censored_c_index,0.95988861477158,0.0007866178378759215,3
official,legacy18,18,event_censored_fraction,0.9452370344389568,0.0,3
official,legacy18,18,event_censored_pairs,99714.0,0.0,3
official,legacy18,18,event_event_c_index,0.6675898678668282,0.0015514776596559467,3
official,legacy18,18,event_event_fraction,0.054762965561043125,0.0,3
official,legacy18,18,event_event_pairs,5777.0,0.0,3
official,legacy18,18,harrell_c_index,0.9438820005308459,0.000716870191504751,3
official,legacy18,18,integrated_auc,0.9604917306099802,0.0005454991830349179,3
official,legacy18,18,integrated_brier_score,0.028367265350188558,0.0002649221531845068,3
official,legacy18,18,uno_c_index,0.8335968540690136,0.002950660612840259,3
official,linear_cox,24,12h_alert_fraction,0.10404127257093725,0.0,3
official,linear_cox,24,12h_auc,0.9760484208926826,0.0,3
official,linear_cox,24,12h_average_precision,0.7880209305252235,0.0,3
official,linear_cox,24,12h_brier,0.019997130098793958,0.0,3
official,linear_cox,24,12h_bss,0.5411070261609043,0.0,3
official,linear_cox,24,12h_calibration_intercept,0.5309757976784357,0.0,3
official,linear_cox,24,12h_calibration_slope,1.4546122416090526,0.0,3
official,linear_cox,24,12h_ece,0.013833431693525322,0.0,3
official,linear_cox,24,12h_f1,0.5725610068203044,0.0,3
official,linear_cox,24,12h_far,0.5827791893722938,0.0,3
official,linear_cox,24,12h_fn_ipcw,5.174002181339811,0.0,3
official,linear_cox,24,12h_fp_ipcw,75.07501800376117,0.0,3
official,linear_cox,24,12h_hss2,0.543306569513833,0.0,3
official,linear_cox,24,12h_km_reference_brier,0.043576893172928975,0.0,3
official,linear_cox,24,12h_known_count,1163.0,0.0,3
official,linear_cox,24,12h_observed_survival_km,0.9541362661402012,0.0,3
official,linear_cox,24,12h_precision,0.41722081062770605,0.0,3
official,linear_cox,24,12h_predicted_survival_mean,0.9538541053769704,0.0,3
official,linear_cox,24,12h_recall,0.9121880514702122,0.0,3
official,linear_cox,24,12h_threshold,0.07860001451384468,0.0,3
official,linear_cox,24,12h_tn_ipcw,1128.3013575347877,0.0,3
official,linear_cox,24,12h_tp_ipcw,53.74738913233404,0.0,3
official,linear_cox,24,12h_tss,0.8498010713617132,0.0,3
official,linear_cox,24,144h_alert_fraction,0.12166666666666666,0.0,3
official,linear_cox,24,144h_auc,0.9308682267452516,0.0,3
official,linear_cox,24,144h_average_precision,0.7980685198304863,0.0,3
official,linear_cox,24,144h_brier,0.03543907809195413,0.0,3
official,linear_cox,24,144h_bss,0.5656406212221724,0.0,3
official,linear_cox,24,144h_calibration_intercept,-0.5322839187535164,0.0,3
official,linear_cox,24,144h_calibration_slope,1.2139486907765211,0.0,3
official,linear_cox,24,144h_ece,0.041434711929696916,0.0,3
official,linear_cox,24,144h_f1,0.7653393871863727,0.0,3
official,linear_cox,24,144h_far,0.12381961357687084,0.0,3
official,linear_cox,24,144h_fn_ipcw,35.82306055650974,0.0,3
official,linear_cox,24,144h_fp_ipcw,10.727698276985016,0.0,3
official,linear_cox,24,144h_hss2,0.7444736676806086,0.0,3
official,linear_cox,24,144h_km_reference_brier,0.08158930098774504,0.0,3
official,linear_cox,24,144h_known_count,600.0,0.0,3
official,linear_cox,24,144h_observed_survival_km,0.9112654249610479,0.0,3
official,linear_cox,24,144h_precision,0.8761803864231291,0.0,3
official,linear_cox,24,144h_predicted_survival_mean,0.8939822905665005,0.0,3
official,linear_cox,24,144h_recall,0.6793929389498237,0.0,3
official,linear_cox,24,144h_threshold,0.5391435822114985,0.0,3
official,linear_cox,24,144h_tn_ipcw,1072.7698276985016,0.0,3
official,linear_cox,24,144h_tp_ipcw,75.91203485644903,0.0,3
official,linear_cox,24,144h_tss,0.6694919488508138,0.0,3
official,linear_cox,24,24h_alert_fraction,0.10966542750929369,0.0,3
official,linear_cox,24,24h_auc,0.9723535119219738,0.0,3
official,linear_cox,24,24h_average_precision,0.7823765867846054,0.0,3
official,linear_cox,24,24h_brier,0.02269687147384228,0.0,3
official,linear_cox,24,24h_bss,0.5571855602463758,0.0,3
official,linear_cox,24,24h_calibration_intercept,-0.009388679371119903,0.0,3
official,linear_cox,24,24h_calibration_slope,1.3414385908516895,0.0,3
official,linear_cox,24,24h_ece,0.012468160055361962,0.0,3
official,linear_cox,24,24h_f1,0.605944619674885,0.0,3
official,linear_cox,24,24h_far,0.5368218944520428,0.0,3
official,linear_cox,24,24h_fn_ipcw,8.574831046482284,0.0,3
official,linear_cox,24,24h_fp_ipcw,70.16770559645377,0.0,3
official,linear_cox,24,24h_hss2,0.5752245788749111,0.0,3
official,linear_cox,24,24h_km_reference_brier,0.051255942526333385,0.0,3
official,linear_cox,24,24h_known_count,1076.0,0.0,3
official,linear_cox,24,24h_observed_survival_km,0.946025556578541,0.0,3
official,linear_cox,24,24h_precision,0.4631781055479572,0.0,3
official,linear_cox,24,24h_predicted_survival_mean,0.9379005471689555,0.0,3
official,linear_cox,24,24h_recall,0.8759367280167951,0.0,3
official,linear_cox,24,24h_threshold,0.1179488039939407,0.0,3
official,linear_cox,24,24h_tn_ipcw,1110.988671943851,0.0,3
official,linear_cox,24,24h_tp_ipcw,60.541764940467914,0.0,3
official,linear_cox,24,24h_tss,0.8165307874227357,0.0,3
official,linear_cox,24,48h_alert_fraction,0.1501597444089457,0.0,3
official,linear_cox,24,48h_auc,0.9603911043399034,0.0,3
official,linear_cox,24,48h_average_precision,0.815111956244461,0.0,3
official,linear_cox,24,48h_brier,0.024510362964726796,0.0,3
official,linear_cox,24,48h_bss,0.6026996610632218,0.0,3
official,linear_cox,24,48h_calibration_intercept,-0.11574462246166482,0.0,3
official,linear_cox,24,48h_calibration_slope,1.3124044880891135,0.0,3
official,linear_cox,24,48h_ece,0.02149746221788093,0.0,3
official,linear_cox,24,48h_f1,0.5819252728253272,0.0,3
official,linear_cox,24,48h_far,0.5647645343372376,0.0,3
official,linear_cox,24,48h_fn_ipcw,10.243040560308595,0.0,3
official,linear_cox,24,48h_fp_ipcw,95.4429850396552,0.0,3
official,linear_cox,24,48h_hss2,0.539844097549874,0.0,3
official,linear_cox,24,48h_km_reference_brier,0.061692278013956325,0.0,3
official,linear_cox,24,48h_known_count,939.0,0.0,3
official,linear_cox,24,48h_observed_survival_km,0.9341837307990893,0.0,3
official,linear_cox,24,48h_precision,0.43523546566276244,0.0,3
official,linear_cox,24,48h_predicted_survival_mean,0.9230262301353999,0.0,3
official,linear_cox,24,48h_recall,0.8777623562784878,0.0,3
official,linear_cox,24,48h_threshold,0.11865480760642144,0.0,3
official,linear_cox,24,48h_tn_ipcw,1045.8960443928881,0.0,3
official,linear_cox,24,48h_tp_ipcw,73.55308188168476,0.0,3
official,linear_cox,24,48h_tss,0.7941386628986966,0.0,3
official,linear_cox,24,72h_alert_fraction,0.08941176470588236,0.0,3
official,linear_cox,24,72h_auc,0.9562335443256954,0.0,3
official,linear_cox,24,72h_average_precision,0.82341440472161,0.0,3
official,linear_cox,24,72h_brier,0.02669347270048821,0.0,3
official,linear_cox,24,72h_bss,0.6046394541103097,0.0,3
official,linear_cox,24,72h_calibration_intercept,-0.300051668623286,0.0,3
official,linear_cox,24,72h_calibration_slope,1.2966522279409451,0.0,3
official,linear_cox,24,72h_ece,0.02629998466091944,0.0,3
official,linear_cox,24,72h_f1,0.7745335328991675,0.0,3
official,linear_cox,24,72h_far,0.20768730606025435,0.0,3
official,linear_cox,24,72h_fn_ipcw,22.069608869911985,0.0,3
official,linear_cox,24,72h_fp_ipcw,18.074283361875843,0.0,3
official,linear_cox,24,72h_hss2,0.7571983518575819,0.0,3
official,linear_cox,24,72h_km_reference_brier,0.06751678430739513,0.0,3
official,linear_cox,24,72h_known_count,850.0,0.0,3
official,linear_cox,24,72h_observed_survival_km,0.9283200097187064,0.0,3
official,linear_cox,24,72h_precision,0.7923126939397457,0.0,3
official,linear_cox,24,72h_predicted_survival_mean,0.9127758248544682,0.0,3
official,linear_cox,24,72h_recall,0.7575347736497281,0.0,3
official,linear_cox,24,72h_threshold,0.44708586996819993,0.0,3
official,linear_cox,24,72h_tn_ipcw,1137.1736615180214,0.0,3
official,linear_cox,24,72h_tp_ipcw,68.95213970045673,0.0,3
official,linear_cox,24,72h_tss,0.7418894020721533,0.0,3
official,linear_cox,24,event_censored_c_index,0.9548909882263273,0.0,3
official,linear_cox,24,event_censored_fraction,0.9452370344389568,0.0,3
official,linear_cox,24,event_censored_pairs,99714.0,0.0,3
official,linear_cox,24,event_event_c_index,0.6931798511338064,0.0,3
official,linear_cox,24,event_event_fraction,0.054762965561043125,0.0,3
official,linear_cox,24,event_event_pairs,5777.0,0.0,3
official,linear_cox,24,harrell_c_index,0.9405594737041673,0.0,3
official,linear_cox,24,integrated_auc,0.9531705040497859,0.0,3
official,linear_cox,24,integrated_brier_score,0.027832338478857202,0.0,3
official,linear_cox,24,uno_c_index,0.8287917186265643,0.0,3
official,logistic,24,12h_alert_fraction,0.08512467755803955,0.0,3
official,logistic,24,12h_auc,0.9687723893567087,0.0,3
official,logistic,24,12h_average_precision,0.783170139237657,0.0,3
official,logistic,24,12h_brier,0.01997053632150987,0.0,3
official,logistic,24,12h_bss,0.5417172986091616,0.0,3
official,logistic,24,12h_calibration_intercept,0.35739747193576904,0.0,3
official,logistic,24,12h_calibration_slope,1.217108483714764,0.0,3
official,logistic,24,12h_ece,0.012221512419973074,0.0,3
official,logistic,24,12h_f1,0.6432180226103569,0.0,3
official,logistic,24,12h_far,0.4977778993443187,0.0,3
official,logistic,24,12h_fn_ipcw,6.2290129961788026,0.0,3
official,logistic,24,12h_fp_ipcw,52.22609948087736,0.0,3
official,logistic,24,12h_hss2,0.6205325354884473,0.0,3
official,logistic,24,12h_km_reference_brier,0.043576893172928975,0.0,3
official,logistic,24,12h_known_count,1163.0,0.0,3
official,logistic,24,12h_observed_survival_km,0.9541362661402012,0.0,3
official,logistic,24,12h_precision,0.5022221006556813,0.0,3
official,logistic,24,12h_predicted_survival_mean,0.9580836259893389,0.0,3
official,logistic,24,12h_recall,0.8942826559709353,0.0,3
official,logistic,24,12h_threshold,0.08868009816692013,0.0,3
official,logistic,24,12h_tn_ipcw,1151.1502760576718,0.0,3
official,logistic,24,12h_tp_ipcw,52.69237831749505,0.0,3
official,logistic,24,12h_tss,0.8508830176345881,0.0,3
official,logistic,24,144h_alert_fraction,0.15333333333333332,0.0,3
official,logistic,24,144h_auc,0.9434206267640978,0.0,3
official,logistic,24,144h_average_precision,0.8213449734803296,0.0,3
official,logistic,24,144h_brier,0.037925296244252935,0.0,3
official,logistic,24,144h_bss,0.5351682661192375,0.0,3
official,logistic,24,144h_calibration_intercept,-0.8009313754741548,0.0,3
official,logistic,24,144h_calibration_slope,1.3179731229791358,0.0,3
official,logistic,24,144h_ece,0.06609806807245394,0.0,3
official,logistic,24,144h_f1,0.71161027541623,0.0,3
official,logistic,24,144h_far,0.3174280026241124,0.0,3
official,logistic,24,144h_fn_ipcw,28.690326310408604,0.0,3
official,logistic,24,144h_fp_ipcw,38.619713797146055,0.0,3
official,logistic,24,144h_hss2,0.680468403122156,0.0,3
official,logistic,24,144h_km_reference_brier,0.08158930098774504,0.0,3
official,logistic,24,144h_known_count,600.0,0.0,3
official,logistic,24,144h_observed_survival_km,0.9112654249610479,0.0,3
official,logistic,24,144h_precision,0.6825719973758876,0.0,3
official,logistic,24,144h_predicted_survival_mean,0.8230668084506667,0.0,3
official,logistic,24,144h_recall,0.7432290525696265,0.0,3
official,logistic,24,144h_threshold,0.40534001732403446,0.0,3
official,logistic,24,144h_tn_ipcw,1044.8778121783403,0.0,3
official,logistic,24,144h_tp_ipcw,83.04476910255018,0.0,3
official,logistic,24,144h_tss,0.707585488213191,0.0,3
official,logistic,24,24h_alert_fraction,0.07899628252788105,0.0,3
official,logistic,24,24h_auc,0.968061929869203,0.0,3
official,logistic,24,24h_average_precision,0.7683421650628105,0.0,3
official,logistic,24,24h_brier,0.023073010552811357,0.0,3
official,logistic,24,24h_bss,0.5498471120503283,0.0,3
official,logistic,24,24h_calibration_intercept,-0.07795484098492995,0.0,3
official,logistic,24,24h_calibration_slope,1.226647807954445,0.0,3
official,logistic,24,24h_ece,0.009458340407852435,0.0,3
official,logistic,24,24h_f1,0.6976614958708645,0.0,3
official,logistic,24,24h_far,0.39108266825152654,0.0,3
official,logistic,24,24h_fn_ipcw,12.670035298150273,0.0,3
official,logistic,24,24h_fp_ipcw,36.25331455816776,0.0,3
official,logistic,24,24h_hss2,0.677217092257739,0.0,3
official,logistic,24,24h_km_reference_brier,0.051255942526333385,0.0,3
official,logistic,24,24h_known_count,1076.0,0.0,3
official,logistic,24,24h_observed_survival_km,0.946025556578541,0.0,3
official,logistic,24,24h_precision,0.6089173317484735,0.0,3
official,logistic,24,24h_predicted_survival_mean,0.9410913942834415,0.0,3
official,logistic,24,24h_recall,0.8166860633509426,0.0,3
official,logistic,24,24h_threshold,0.2879615884260869,0.0,3
official,logistic,24,24h_tn_ipcw,1144.903062982137,0.0,3
official,logistic,24,24h_tp_ipcw,56.44656068879993,0.0,3
official,logistic,24,24h_tss,0.7859929940440121,0.0,3
official,logistic,24,48h_alert_fraction,0.08626198083067092,0.0,3
official,logistic,24,48h_auc,0.9575234846341091,0.0,3
official,logistic,24,48h_average_precision,0.8082214743212061,0.0,3
official,logistic,24,48h_brier,0.025121825909340246,0.0,3
official,logistic,24,48h_bss,0.5927881621804099,0.0,3
official,logistic,24,48h_calibration_intercept,-0.3365530546327012,0.0,3
official,logistic,24,48h_calibration_slope,1.1764398688787854,0.0,3
official,logistic,24,48h_ece,0.021021767452378996,0.0,3
official,logistic,24,48h_f1,0.755525485794352,0.0,3
official,logistic,24,48h_far,0.2757124589954713,0.0,3
official,logistic,24,48h_fn_ipcw,17.63242892034135,0.0,3
official,logistic,24,48h_fp_ipcw,25.186343274353458,0.0,3
official,logistic,24,48h_hss2,0.7367427725120658,0.0,3
official,logistic,24,48h_km_reference_brier,0.061692278013956325,0.0,3
official,logistic,24,48h_known_count,939.0,0.0,3
official,logistic,24,48h_observed_survival_km,0.9341837307990893,0.0,3
official,logistic,24,48h_precision,0.7242875410045286,0.0,3
official,logistic,24,48h_predicted_survival_mean,0.9228377843871064,0.0,3
official,logistic,24,48h_recall,0.7895794172033778,0.0,3
official,logistic,24,48h_threshold,0.4085461532246497,0.0,3
official,logistic,24,48h_tn_ipcw,1116.1526861581901,0.0,3
official,logistic,24,48h_tp_ipcw,66.16369352165201,0.0,3
official,logistic,24,48h_tss,0.7675120536725997,0.0,3
official,logistic,24,72h_alert_fraction,0.12588235294117647,0.0,3
official,logistic,24,72h_auc,0.953198528407316,0.0,3
official,logistic,24,72h_average_precision,0.8150604531159248,0.0,3
official,logistic,24,72h_brier,0.02785243091948537,0.0,3
official,logistic,24,72h_bss,0.587473971025088,0.0,3
official,logistic,24,72h_calibration_intercept,-0.5091984520293499,0.0,3
official,logistic,24,72h_calibration_slope,1.214009220236023,0.0,3
official,logistic,24,72h_ece,0.02996680594497893,0.0,3
official,logistic,24,72h_f1,0.6691416986533567,0.0,3
official,logistic,24,72h_far,0.4343330167002987,0.0,3
official,logistic,24,72h_fn_ipcw,16.47968289017216,0.0,3
official,logistic,24,72h_fp_ipcw,57.235230645940156,0.0,3
official,logistic,24,72h_hss2,0.6378539624189951,0.0,3
official,logistic,24,72h_km_reference_brier,0.06751678430739513,0.0,3
official,logistic,24,72h_known_count,850.0,0.0,3
official,logistic,24,72h_observed_survival_km,0.9283200097187064,0.0,3
official,logistic,24,72h_precision,0.5656669832997013,0.0,3
official,logistic,24,72h_predicted_survival_mean,0.9068968740015612,0.0,3
official,logistic,24,72h_recall,0.8189478542325327,0.0,3
official,logistic,24,72h_threshold,0.21189927173099532,0.0,3
official,logistic,24,72h_tn_ipcw,1098.012714233957,0.0,3
official,logistic,24,72h_tp_ipcw,74.54206568019657,0.0,3
official,logistic,24,72h_tss,0.7694041775702121,0.0,3
official,logistic,24,event_censored_c_index,0.9477906813486573,0.0,3
official,logistic,24,event_censored_fraction,0.9452370344389568,0.0,3
official,logistic,24,event_censored_pairs,99714.0,0.0,3
official,logistic,24,event_event_c_index,0.6962956551843518,0.0,3
official,logistic,24,event_event_fraction,0.054762965561043125,0.0,3
official,logistic,24,event_event_pairs,5777.0,0.0,3
official,logistic,24,harrell_c_index,0.9340186933606341,0.0,3
official,logistic,24,integrated_auc,0.9540529138792668,0.0,3
official,logistic,24,integrated_brier_score,0.02909309529266843,0.0,3
official,logistic,24,uno_c_index,0.8210333567792274,0.0,3
official,lstm_classifier,24,12h_alert_fraction,0.15563198624247634,0.012897678417884778,3
official,lstm_classifier,24,12h_auc,0.9701259519940394,0.004914863969406589,3
official,lstm_classifier,24,12h_average_precision,0.6728733545657928,0.03018147777857516,3
official,lstm_classifier,24,12h_brier,0.022607121906693107,0.0003807281372069426,3
official,lstm_classifier,24,12h_bss,0.48121308655530304,0.008736927061231154,3
official,lstm_classifier,24,12h_calibration_intercept,0.40601852638161656,0.024431475969952817,3
official,lstm_classifier,24,12h_calibration_slope,1.291199191743965,0.017976311224664115,3
official,lstm_classifier,24,12h_ece,0.017253790631671564,0.0011749178583242957,3
official,lstm_classifier,24,12h_f1,0.4478006967601786,0.024718832120499273,3
official,lstm_classifier,24,12h_far,0.7075414951028379,0.02186636643962439,3
official,lstm_classifier,24,12h_fn_ipcw,2.4403577955489726,0.5950782634894461,3
official,lstm_classifier,24,12h_fp_ipcw,137.45619238369804,15.779760470905961,3
official,lstm_classifier,24,12h_hss2,0.40522382302726,0.027524068126211144,3
official,lstm_classifier,24,12h_km_reference_brier,0.043576893172928975,0.0,3
official,lstm_classifier,24,12h_known_count,1163.0,0.0,3
official,lstm_classifier,24,12h_observed_survival_km,0.9541362661402012,0.0,3
official,lstm_classifier,24,12h_precision,0.29245850489716196,0.021866366439624405,3
official,lstm_classifier,24,12h_predicted_survival_mean,0.9545310537020365,0.0011268923710248788,3
official,lstm_classifier,24,12h_recall,0.9585828212616793,0.010099528375382182,3
official,lstm_classifier,24,12h_threshold,0.021135965983072918,0.002670415978299587,3
official,lstm_classifier,24,12h_tn_ipcw,1065.920183154851,15.779760470905943,3
official,lstm_classifier,24,12h_tp_ipcw,56.48103351812489,0.5950782634894517,3
official,lstm_classifier,24,12h_tss,0.844357384251432,0.006634742389960974,3
official,lstm_classifier,24,144h_alert_fraction,0.15,0.008819171036881956,3
official,lstm_classifier,24,144h_auc,0.9491245767657531,0.003247121252575146,3
official,lstm_classifier,24,144h_average_precision,0.8207679206366468,0.005049333599718455,3
official,lstm_classifier,24,144h_brier,0.03424711218299423,0.0004827848493025473,3
official,lstm_classifier,24,144h_bss,0.5802499620858591,0.005917256839534147,3
official,lstm_classifier,24,144h_calibration_intercept,-0.7512348751949623,0.01256466681079887,3
official,lstm_classifier,24,144h_calibration_slope,1.249526827210647,0.03146201085935179,3
official,lstm_classifier,24,144h_ece,0.05208069531848341,0.002509002122546526,3
official,lstm_classifier,24,144h_f1,0.7422651406701917,0.019898124268140145,3
official,lstm_classifier,24,144h_far,0.26860774663354764,0.0496944159772752,3
official,lstm_classifier,24,144h_fn_ipcw,27.317497487167472,2.2739928146932202,3
official,lstm_classifier,24,144h_fp_ipcw,31.46791494582271,8.671095283203336,3
official,lstm_classifier,24,144h_hss2,0.7151289330485419,0.02312113678663106,3
official,lstm_classifier,24,144h_km_reference_brier,0.08158930098774504,0.0,3
official,lstm_classifier,24,144h_known_count,600.0,0.0,3
official,lstm_classifier,24,144h_observed_survival_km,0.9112654249610479,0.0,3
official,lstm_classifier,24,144h_precision,0.7313922533664524,0.04969441597727515,3
official,lstm_classifier,24,144h_predicted_survival_mean,0.8491502602895101,0.0022255751441437126,3
official,lstm_classifier,24,144h_recall,0.7555155129531553,0.020351643378374817,3
official,lstm_classifier,24,144h_threshold,0.2818515698115031,0.053573651474587106,3
official,lstm_classifier,24,144h_tn_ipcw,1052.0296110296638,8.671095283203439,3
official,lstm_classifier,24,144h_tp_ipcw,84.4175979257913,2.2739928146932247,3
official,lstm_classifier,24,144h_tss,0.7264726086627262,0.014774735764971928,3
official,lstm_classifier,24,24h_alert_fraction,0.13135068153655513,0.004677716502646058,3
official,lstm_classifier,24,24h_auc,0.9711644137860724,0.0012391717887097957,3
official,lstm_classifier,24,24h_average_precision,0.6642541445104171,0.020606096468413996,3
official,lstm_classifier,24,24h_brier,0.024949541652468345,0.0004579370377909149,3
official,lstm_classifier,24,24h_bss,0.5132361161898408,0.00893432088495183,3
official,lstm_classifier,24,24h_calibration_intercept,-0.0178466316395702,0.015057378976094113,3
official,lstm_classifier,24,24h_calibration_slope,1.2142753813615514,0.011335812383495238,3
official,lstm_classifier,24,24h_ece,0.013335726261950483,0.0018865607533992905,3
official,lstm_classifier,24,24h_f1,0.5490738669328851,0.015952269035332,3
official,lstm_classifier,24,24h_far,0.6049906868506004,0.015906620275099148,3
official,lstm_classifier,24,24h_fn_ipcw,6.859069755543264,0.6186878369290982,3
official,lstm_classifier,24,24h_fp_ipcw,95.50604372850653,6.001211650690794,3
official,lstm_classifier,24,24h_hss2,0.5115165412437522,0.0177127691871849,3
official,lstm_classifier,24,24h_km_reference_brier,0.051255942526333385,0.0,3
official,lstm_classifier,24,24h_known_count,1076.0,0.0,3
official,lstm_classifier,24,24h_observed_survival_km,0.946025556578541,0.0,3
official,lstm_classifier,24,24h_precision,0.3950093131493995,0.0159066202750992,3
official,lstm_classifier,24,24h_predicted_survival_mean,0.9405637383460999,0.00018459281343468045,3
official,lstm_classifier,24,24h_recall,0.9007608858972408,0.008951364402348687,3
official,lstm_classifier,24,24h_threshold,0.03774730364481608,0.001974991155343291,3
official,lstm_classifier,24,24h_tn_ipcw,1085.6503338117982,6.001211650690545,3
official,lstm_classifier,24,24h_tp_ipcw,62.257526231406935,0.6186878369290997,3
official,lstm_classifier,24,24h_tss,0.8199028000886598,0.011075872469440083,3
official,lstm_classifier,24,48h_alert_fraction,0.10791622293219738,0.01734723709317801,3
official,lstm_classifier,24,48h_auc,0.9587241966574275,0.003119185199877301,3
official,lstm_classifier,24,48h_average_precision,0.7223235587268233,0.01694247725282878,3
official,lstm_classifier,24,48h_brier,0.02580882407788135,0.0004255876354625546,3
official,lstm_classifier,24,48h_bss,0.581652276285814,0.006898556013222179,3
official,lstm_classifier,24,48h_calibration_intercept,-0.2058300568711098,0.039910619449878025,3
official,lstm_classifier,24,48h_calibration_slope,1.1812465918488624,0.028631950459212158,3
official,lstm_classifier,24,48h_ece,0.015793214622039253,0.0006226323333362512,3
official,lstm_classifier,24,48h_f1,0.7154314003875432,0.0624225417318642,3
official,lstm_classifier,24,48h_far,0.3778521698873088,0.09565062908585575,3
official,lstm_classifier,24,48h_fn_ipcw,12.47172770769729,1.1041986955354104,3
official,lstm_classifier,24,48h_fp_ipcw,45.51216416242818,20.37858416971234,3
official,lstm_classifier,24,48h_hss2,0.6906451539307525,0.06998719366878974,3
official,lstm_classifier,24,48h_km_reference_brier,0.061692278013956325,0.0,3
official,lstm_classifier,24,48h_known_count,939.0,0.0,3
official,lstm_classifier,24,48h_observed_survival_km,0.9341837307990893,0.0,3
official,lstm_classifier,24,48h_precision,0.6221478301126911,0.09565062908585568,3
official,lstm_classifier,24,48h_predicted_survival_mean,0.9235591689745585,0.0014885133352845975,3
official,lstm_classifier,24,48h_recall,0.8511658135932166,0.013177205142156413,3
official,lstm_classifier,24,48h_threshold,0.13277812798817953,0.09164440371760794,3
official,lstm_classifier,24,48h_tn_ipcw,1095.8268652701151,20.37858416971243,3
official,lstm_classifier,24,48h_tp_ipcw,71.32439473429608,1.1041986955354137,3
official,lstm_classifier,24,48h_tss,0.8112897005463716,0.007400098955823596,3
official,lstm_classifier,24,72h_alert_fraction,0.12,0.011586891531524828,3
official,lstm_classifier,24,72h_auc,0.9619242139710407,0.0010736595161178098,3
official,lstm_classifier,24,72h_average_precision,0.789562473515824,0.003319744402219024,3
official,lstm_classifier,24,72h_brier,0.026992406070738977,0.0005526630282731547,3
official,lstm_classifier,24,72h_bss,0.6002119125246538,0.008185565025682358,3
official,lstm_classifier,24,72h_calibration_intercept,-0.4763180026660141,0.012979621664080671,3
official,lstm_classifier,24,72h_calibration_slope,1.188775874693156,0.01990093141101849,3
official,lstm_classifier,24,72h_ece,0.026738111526280823,0.0012374648728440672,3
official,lstm_classifier,24,72h_f1,0.7082121545315198,0.04027235768263853,3
official,lstm_classifier,24,72h_far,0.3812179375810307,0.06481550377634399,3
official,lstm_classifier,24,72h_fn_ipcw,15.277971114192523,0.8597122263365446,3
official,lstm_classifier,24,72h_fp_ipcw,47.696025538283465,13.994877306234585,3
official,lstm_classifier,24,72h_hss2,0.6813567962039245,0.045482586999535536,3
official,lstm_classifier,24,72h_km_reference_brier,0.06751678430739513,0.0,3
official,lstm_classifier,24,72h_known_count,850.0,0.0,3
official,lstm_classifier,24,72h_observed_survival_km,0.9283200097187064,0.0,3
official,lstm_classifier,24,72h_precision,0.6187820624189694,0.06481550377634394,3
official,lstm_classifier,24,72h_predicted_survival_mean,0.904468297958374,0.0008721842618862414,3
official,lstm_classifier,24,72h_recall,0.832150322816737,0.009445129761179078,3
official,lstm_classifier,24,72h_threshold,0.11291980743408203,0.017616320202414406,3
official,lstm_classifier,24,72h_tn_ipcw,1107.5519193416137,13.99487730623445,3
official,lstm_classifier,24,72h_tp_ipcw,75.7437774561762,0.8597122263365387,3
official,lstm_classifier,24,72h_tss,0.7908639255981362,0.003944959876325437,3
official,lstm_classifier,24,event_censored_c_index,0.9543226962445929,0.0015101854369431224,3
official,lstm_classifier,24,event_censored_fraction,0.9452370344389568,0.0,3
official,lstm_classifier,24,event_censored_pairs,99714.0,0.0,3
official,lstm_classifier,24,event_event_c_index,0.662108360740869,0.006486063353018875,3
official,lstm_classifier,24,event_event_fraction,0.054762965561043125,0.0,3
official,lstm_classifier,24,event_event_pairs,5777.0,0.0,3
official,lstm_classifier,24,harrell_c_index,0.9383207573402091,0.001103701399975285,3
official,lstm_classifier,24,integrated_auc,0.9594844160156732,0.000355931605162534,3
official,lstm_classifier,24,integrated_brier_score,0.028277862038159126,0.0004652930657824626,3
official,lstm_classifier,24,uno_c_index,0.8099791452699928,0.007168805915676034,3
official,lstm_linear_cox,24,12h_alert_fraction,0.08426483233018056,0.001489295621297394,3
official,lstm_linear_cox,24,12h_auc,0.9805616871663975,0.001573377265544536,3
official,lstm_linear_cox,24,12h_average_precision,0.6643846719640369,0.050754638270271525,3
official,lstm_linear_cox,24,12h_brier,0.022960289856228663,0.0008628332313176434,3
official,lstm_linear_cox,24,12h_bss,0.47310860907146646,0.019800246609908735,3
official,lstm_linear_cox,24,12h_calibration_intercept,0.6818029105234841,0.03926555933217469,3
official,lstm_linear_cox,24,12h_calibration_slope,1.4427553056927465,0.019970014525134177,3
official,lstm_linear_cox,24,12h_ece,0.018867253822301405,0.0008566984136726339,3
official,lstm_linear_cox,24,12h_f1,0.6605259203318564,0.007222441094226686,3
official,lstm_linear_cox,24,12h_far,0.4822185960365908,0.0051452600475775856,3
official,lstm_linear_cox,24,12h_fn_ipcw,5.182144852649109,1.0094924464021187,3
official,lstm_linear_cox,24,12h_fp_ipcw,50.05001200250748,1.0880437391849487,3
official,lstm_linear_cox,24,12h_hss2,0.6390323277683073,0.007615838032325734,3
official,lstm_linear_cox,24,12h_km_reference_brier,0.043576893172928975,0.0,3
official,lstm_linear_cox,24,12h_known_count,1163.0,0.0,3
official,lstm_linear_cox,24,12h_observed_survival_km,0.9541362661402012,0.0,3
official,lstm_linear_cox,24,12h_precision,0.5177814039634092,0.005145260047577591,3
official,lstm_linear_cox,24,12h_predicted_survival_mean,0.9572508180411149,0.0009534948553850842,3
official,lstm_linear_cox,24,12h_recall,0.9120498559672251,0.01713286845227374,3
official,lstm_linear_cox,24,12h_threshold,0.08675898527377128,0.011927739450005614,3
official,lstm_linear_cox,24,12h_tn_ipcw,1153.3263635360415,1.0880437391849966,3
official,lstm_linear_cox,24,12h_tp_ipcw,53.73924646102475,1.0094924464021153,3
official,lstm_linear_cox,24,12h_tss,0.8704585358948925,0.016698273483447372,3
official,lstm_linear_cox,24,144h_alert_fraction,0.17166666666666666,0.03609401304617952,3
official,lstm_linear_cox,24,144h_auc,0.945694034918296,0.00513243535754463,3
official,lstm_linear_cox,24,144h_average_precision,0.8021110931345997,0.010720267884042971,3
official,lstm_linear_cox,24,144h_brier,0.033452787347328934,0.0002908647546220625,3
official,lstm_linear_cox,24,144h_bss,0.589985611565006,0.003564986476177204,3
official,lstm_linear_cox,24,144h_calibration_intercept,-0.3245621656420574,0.09762424079918695,3
official,lstm_linear_cox,24,144h_calibration_slope,1.2421737894724807,0.042682778775287686,3
official,lstm_linear_cox,24,144h_ece,0.03186786671089387,0.0032474017832620824,3
official,lstm_linear_cox,24,144h_f1,0.6910860598312872,0.07311536184154516,3
official,lstm_linear_cox,24,144h_far,0.3607910666824014,0.15151445526340618,3
official,lstm_linear_cox,24,144h_fn_ipcw,24.89904654802839,5.367691317647672,3
official,lstm_linear_cox,24,144h_fp_ipcw,55.78403104032208,37.95847137638423,3
official,lstm_linear_cox,24,144h_hss2,0.6546149459409851,0.08707070883688255,3
official,lstm_linear_cox,24,144h_km_reference_brier,0.08158930098774504,0.0,3
official,lstm_linear_cox,24,144h_known_count,600.0,0.0,3
official,lstm_linear_cox,24,144h_observed_survival_km,0.9112654249610479,0.0,3
official,lstm_linear_cox,24,144h_precision,0.6392089333175986,0.1515144552634061,3
official,lstm_linear_cox,24,144h_predicted_survival_mean,0.8967437442937513,0.0012707836038644141,3
official,lstm_linear_cox,24,144h_recall,0.7771600189179177,0.048039439155704515,3
official,lstm_linear_cox,24,144h_threshold,0.21732253341278837,0.07536782374695979,3
official,lstm_linear_cox,24,144h_tn_ipcw,1027.7134949351644,37.958471376384416,3
official,lstm_linear_cox,24,144h_tp_ipcw,86.83604886493038,5.367691317647669,3
official,lstm_linear_cox,24,144h_tss,0.7256748704030663,0.013972128437965097,3
official,lstm_linear_cox,24,24h_alert_fraction,0.09200743494423791,0.002788104089219331,3
official,lstm_linear_cox,24,24h_auc,0.975979708046271,0.0024575609050406376,3
official,lstm_linear_cox,24,24h_average_precision,0.6985451526908911,0.04777345013887717,3
official,lstm_linear_cox,24,24h_brier,0.024736551445178067,0.0009902599915034861,3
official,lstm_linear_cox,24,24h_bss,0.517391540844862,0.019319905999089323,3
official,lstm_linear_cox,24,24h_calibration_intercept,0.12273062171205007,0.04173462313627169,3
official,lstm_linear_cox,24,24h_calibration_slope,1.328375500076734,0.019941041210908388,3
official,lstm_linear_cox,24,24h_ece,0.015515565264210322,0.0010458203042322007,3
official,lstm_linear_cox,24,24h_f1,0.685713145328723,0.007065820477620065,3
official,lstm_linear_cox,24,24h_far,0.43844473031231895,0.009771189598164618,3
official,lstm_linear_cox,24,24h_fn_ipcw,8.245835245031547,1.1656607659479117,3
official,lstm_linear_cox,24,24h_fp_ipcw,47.55811157092976,2.4344287833447904,3
official,lstm_linear_cox,24,24h_hss2,0.6629578663055039,0.007650936232126941,3
official,lstm_linear_cox,24,24h_km_reference_brier,0.051255942526333385,0.0,3
official,lstm_linear_cox,24,24h_known_count,1076.0,0.0,3
official,lstm_linear_cox,24,24h_observed_survival_km,0.946025556578541,0.0,3
official,lstm_linear_cox,24,24h_precision,0.561555269687681,0.009771189598164604,3
official,lstm_linear_cox,24,24h_predicted_survival_mean,0.94128075066741,0.001207687911663002,3
official,lstm_linear_cox,24,24h_recall,0.8806967396573113,0.01686513563497829,3
official,lstm_linear_cox,24,24h_threshold,0.11882525956125774,0.018009646238960838,3
official,lstm_linear_cox,24,24h_tn_ipcw,1133.598265969375,2.4344287833447216,3
official,lstm_linear_cox,24,24h_tp_ipcw,60.87076074191865,1.165660765947911,3
official,lstm_linear_cox,24,24h_tss,0.8404327132546711,0.015507331515377643,3
official,lstm_linear_cox,24,48h_alert_fraction,0.11004614838480653,0.01453716381217129,3
official,lstm_linear_cox,24,48h_auc,0.9701912661486697,0.0017297774394360768,3
official,lstm_linear_cox,24,48h_average_precision,0.7672858473677406,0.024018430398378653,3
official,lstm_linear_cox,24,48h_brier,0.025894390881944018,0.0007602509739802487,3
official,lstm_linear_cox,24,48h_bss,0.5802652825352622,0.012323276080164492,3
official,lstm_linear_cox,24,48h_calibration_intercept,0.011100781097072515,0.049343990907341505,3
official,lstm_linear_cox,24,48h_calibration_slope,1.303073038858386,0.016450227751694534,3
official,lstm_linear_cox,24,48h_ece,0.022189566062433958,0.0011049991829296861,3
official,lstm_linear_cox,24,48h_f1,0.7171754384291481,0.06095947763748829,3
official,lstm_linear_cox,24,48h_far,0.3838814932367301,0.08641520047658154,3
official,lstm_linear_cox,24,48h_fn_ipcw,11.337146249922904,0.0,3
official,lstm_linear_cox,24,48h_fp_ipcw,46.837761176867836,18.094925270016564,3
official,lstm_linear_cox,24,48h_hss2,0.6923217664983015,0.06806902411685137,3
official,lstm_linear_cox,24,48h_km_reference_brier,0.061692278013956325,0.0,3
official,lstm_linear_cox,24,48h_known_count,939.0,0.0,3
official,lstm_linear_cox,24,48h_observed_survival_km,0.9341837307990893,0.0,3
official,lstm_linear_cox,24,48h_precision,0.6161185067632698,0.08641520047658147,3
official,lstm_linear_cox,24,48h_predicted_survival_mean,0.9263573580223912,0.0013946410931094356,3
official,lstm_linear_cox,24,48h_recall,0.8647055983077155,0.0,3
official,lstm_linear_cox,24,48h_threshold,0.12943742765905983,0.03227243382044223,3
official,lstm_linear_cox,24,48h_tn_ipcw,1094.5012682556755,18.09492527001666,3
official,lstm_linear_cox,24,48h_tp_ipcw,72.45897619207047,0.0,3
official,lstm_linear_cox,24,48h_tss,0.8236680450750402,0.015854119418848782,3
official,lstm_linear_cox,24,72h_alert_fraction,0.11529411764705882,0.0065503110150941495,3
official,lstm_linear_cox,24,72h_auc,0.9642979226610785,0.002382718551901091,3
official,lstm_linear_cox,24,72h_average_precision,0.7872012180048139,0.013478499076216302,3
official,lstm_linear_cox,24,72h_brier,0.027428304395646388,0.0005037898924357018,3
official,lstm_linear_cox,24,72h_bss,0.5937557649255201,0.007461698562864145,3
official,lstm_linear_cox,24,72h_calibration_intercept,-0.1770981138408941,0.06238718929023398,3
official,lstm_linear_cox,24,72h_calibration_slope,1.2741577443691368,0.018402341858271953,3
official,lstm_linear_cox,24,72h_ece,0.01907047076299824,0.0020268851664200648,3
official,lstm_linear_cox,24,72h_f1,0.7264118882875482,0.02307984367040254,3
official,lstm_linear_cox,24,72h_far,0.3535543126867417,0.03973609459124914,3
official,lstm_linear_cox,24,72h_fn_ipcw,15.43562613894216,0.5866457134016425,3
official,lstm_linear_cox,24,72h_fp_ipcw,41.671264417658186,7.580991495462851,3
official,lstm_linear_cox,24,72h_hss2,0.701871832348111,0.025953069014949808,3
official,lstm_linear_cox,24,72h_km_reference_brier,0.06751678430739513,0.0,3
official,lstm_linear_cox,24,72h_known_count,850.0,0.0,3
official,lstm_linear_cox,24,72h_observed_survival_km,0.9283200097187064,0.0,3
official,lstm_linear_cox,24,72h_precision,0.6464456873132582,0.03973609459124914,3
official,lstm_linear_cox,24,72h_predicted_survival_mean,0.9160989592749226,0.001426784899602698,3
official,lstm_linear_cox,24,72h_recall,0.8304182639711771,0.00644511583897015,3
official,lstm_linear_cox,24,72h_threshold,0.14624986352590272,0.028756489947826088,3
official,lstm_linear_cox,24,72h_tn_ipcw,1113.576680462239,7.580991495462871,3
official,lstm_linear_cox,24,72h_tp_ipcw,75.58612243142656,0.5866457134016405,3
official,lstm_linear_cox,24,72h_tss,0.7943469906117681,0.0026416823251327213,3
official,lstm_linear_cox,24,event_censored_c_index,0.9608781113986001,0.0035416443583891925,3
official,lstm_linear_cox,24,event_censored_fraction,0.9452370344389568,0.0,3
official,lstm_linear_cox,24,event_censored_pairs,99714.0,0.0,3
official,lstm_linear_cox,24,event_event_c_index,0.6750908776181409,0.012231463269468189,3
official,lstm_linear_cox,24,event_event_fraction,0.054762965561043125,0.0,3
official,lstm_linear_cox,24,event_event_pairs,5777.0,0.0,3
official,lstm_linear_cox,24,harrell_c_index,0.9452280741667615,0.003085261714293708,3
official,lstm_linear_cox,24,integrated_auc,0.9626278848499225,0.00265399470204049,3
official,lstm_linear_cox,24,integrated_brier_score,0.028222303044031075,0.0004190842288719488,3
official,lstm_linear_cox,24,uno_c_index,0.8189294535467501,0.02457559693292548,3
official,no_connector,24,12h_alert_fraction,0.09114359415305245,0.0017196904557179732,3
official,no_connector,24,12h_auc,0.9642026991690528,0.0008599571363235575,3
official,no_connector,24,12h_average_precision,0.6351568961028816,0.03044449140745978,3
official,no_connector,24,12h_brier,0.024811514281634,0.00019147412247319182,3
official,no_connector,24,12h_bss,0.43062681905355477,0.004393936981999891,3
official,no_connector,24,12h_calibration_intercept,1.0233738725223052,0.07798304719916298,3
official,no_connector,24,12h_calibration_slope,1.6424469302008555,0.05564903655822337,3
official,no_connector,24,12h_ece,0.02439328979448538,0.0016117703767143463,3
official,no_connector,24,12h_f1,0.6515135014488975,0.008277387195640211,3
official,no_connector,24,12h_far,0.503365025635371,0.009619124472588912,3
official,no_connector,24,12h_fn_ipcw,3.1272963477965785,0.0,3
official,no_connector,24,12h_fp_ipcw,56.57827443761715,2.176087478369894,3
official,no_connector,24,12h_hss2,0.6287774151220344,0.00897866306885806,3
official,no_connector,24,12h_km_reference_brier,0.043576893172928975,0.0,3
official,no_connector,24,12h_known_count,1163.0,0.0,3
official,no_connector,24,12h_observed_survival_km,0.9541362661402012,0.0,3
official,no_connector,24,12h_precision,0.496634974364629,0.009619124472588912,3
official,no_connector,24,12h_predicted_survival_mean,0.9570260339002843,0.0006523642493968726,3
official,no_connector,24,12h_recall,0.9469242616633388,0.0,3
official,no_connector,24,12h_threshold,0.06262405202021164,0.005148007651769518,3
official,no_connector,24,12h_tn_ipcw,1146.798101100932,2.1760874783699364,3
official,no_connector,24,12h_tp_ipcw,55.79409496587727,0.0,3
official,no_connector,24,12h_tss,0.8999079867989627,0.001808318264014508,3
official,no_connector,24,144h_alert_fraction,0.15444444444444444,0.0009622504486493745,3
official,no_connector,24,144h_auc,0.9010947266092572,0.0099063033656723,3
official,no_connector,24,144h_average_precision,0.7669333994821077,0.006993443045730346,3
official,no_connector,24,144h_brier,0.034670548758499016,0.00024109194593886684,3
official,no_connector,24,144h_bss,0.5750601078969088,0.0029549455997309854,3
official,no_connector,24,144h_calibration_intercept,-0.2603145737350913,0.031164334195449707,3
official,no_connector,24,144h_calibration_slope,1.2052655152879768,0.039420970821675574,3
official,no_connector,24,144h_ece,0.035474716002495486,0.004072027158271704,3
official,no_connector,24,144h_f1,0.7300946584307738,0.0039054021329094405,3
official,no_connector,24,144h_far,0.2965728093066538,0.0072710669223593795,3
official,no_connector,24,144h_fn_ipcw,26.94025414464129,0.0,3
official,no_connector,24,144h_fp_ipcw,35.75899425661672,1.2387278976004763,3
official,no_connector,24,144h_hss2,0.7010895383301121,0.004482944878722335,3
official,no_connector,24,144h_km_reference_brier,0.08158930098774504,0.0,3
official,no_connector,24,144h_known_count,600.0,0.0,3
official,no_connector,24,144h_observed_survival_km,0.9112654249610479,0.0,3
official,no_connector,24,144h_precision,0.7034271906933461,0.0072710669223593795,3
official,no_connector,24,144h_predicted_survival_mean,0.8890054090931291,0.002467249523361966,3
official,no_connector,24,144h_recall,0.7588917426071592,0.0,3
official,no_connector,24,144h_threshold,0.16320498529346747,0.023684139584306554,3
official,no_connector,24,144h_tn_ipcw,1047.7385317188698,1.2387278976006975,3
official,no_connector,24,144h_tp_ipcw,84.79484126831748,0.0,3
official,no_connector,24,144h_tss,0.725888442277126,0.0011432678597814302,3
official,no_connector,24,24h_alert_fraction,0.09758364312267657,0.0018587360594795564,3
official,no_connector,24,24h_auc,0.9543258153252053,0.0034456583987460087,3
official,no_connector,24,24h_average_precision,0.6489739133522553,0.02286623129198472,3
official,no_connector,24,24h_brier,0.026231822004178857,0.00015524934319596678,3
official,no_connector,24,24h_bss,0.4882189125543455,0.003028904270294229,3
official,no_connector,24,24h_calibration_intercept,0.3531759374402493,0.05213994178368762,3
official,no_connector,24,24h_calibration_slope,1.463415222415937,0.04770914924850341,3
official,no_connector,24,24h_ece,0.02266612067659261,0.002314798810493865,3
official,no_connector,24,24h_f1,0.6791613147147065,0.008618385319935374,3
official,no_connector,24,24h_far,0.4566151869858865,0.011033335193686643,3
official,no_connector,24,24h_fn_ipcw,6.52812521293905,0.0,3
official,no_connector,24,24h_fp_ipcw,52.62577919734031,2.3389235198817886,3
official,no_connector,24,24h_hss2,0.6553415721764272,0.009452865607348569,3
official,no_connector,24,24h_km_reference_brier,0.051255942526333385,0.0,3
official,no_connector,24,24h_known_count,1076.0,0.0,3
official,no_connector,24,24h_observed_survival_km,0.946025556578541,0.0,3
official,no_connector,24,24h_precision,0.5433848130141136,0.011033335193686686,3
official,no_connector,24,24h_predicted_survival_mean,0.9399317976320215,0.00100946711283056,3
official,no_connector,24,24h_recall,0.9055490925193768,0.0,3
official,no_connector,24,24h_threshold,0.09240744189418211,0.0072987651261580905,3
official,no_connector,24,24h_tn_ipcw,1128.5305983429644,2.3389235198819165,3
official,no_connector,24,24h_tp_ipcw,62.58847077401114,0.0,3
official,no_connector,24,24h_tss,0.8609946370738322,0.001980198019801982,3
official,no_connector,24,48h_alert_fraction,0.10543130990415335,0.0021299254526091597,3
official,no_connector,24,48h_auc,0.9497808787195404,0.0037087957227351807,3
official,no_connector,24,48h_average_precision,0.7233038111419523,0.01061778543552188,3
official,no_connector,24,48h_brier,0.026706070564087966,0.00020266326250827592,3
official,no_connector,24,48h_bss,0.5671083736274678,0.003285066932727486,3
official,no_connector,24,48h_calibration_intercept,0.19020560451546867,0.040055917300894736,3
official,no_connector,24,48h_calibration_slope,1.4171922970694766,0.04564335399218353,3
official,no_connector,24,48h_ece,0.027881607056004325,0.003072626032206683,3
official,no_connector,24,48h_f1,0.7460639467628635,0.010037865357071667,3
official,no_connector,24,48h_far,0.35084743452823436,0.015197991931743478,3
official,no_connector,24,48h_fn_ipcw,10.292430774834223,0.0,3
official,no_connector,24,48h_fp_ipcw,39.76791043318968,2.6511940288793046,3
official,no_connector,24,48h_hss2,0.724389457242479,0.01112839432331053,3
official,no_connector,24,48h_km_reference_brier,0.061692278013956325,0.0,3
official,no_connector,24,48h_known_count,939.0,0.0,3
official,no_connector,24,48h_observed_survival_km,0.9341837307990893,0.0,3
official,no_connector,24,48h_precision,0.6491525654717657,0.015197991931743548,3
official,no_connector,24,48h_predicted_survival_mean,0.9235391692379947,0.001411093284923651,3
official,no_connector,24,48h_recall,0.8771729469706786,0.0,3
official,no_connector,24,48h_threshold,0.12408400815370495,0.009363784669919146,3
official,no_connector,24,48h_tn_ipcw,1101.5711189993538,2.6511940288792744,3
official,no_connector,24,48h_tp_ipcw,73.50369166715913,0.0,3
official,no_connector,24,48h_tss,0.8423297413957656,0.0023228803716608404,3
official,no_connector,24,72h_alert_fraction,0.11294117647058825,0.0023529411764705854,3
official,no_connector,24,72h_auc,0.9285415718245579,0.005670829497476056,3
official,no_connector,24,72h_average_precision,0.7524946374137347,0.0035134318628458135,3
official,no_connector,24,72h_brier,0.028579625551940064,0.00022115405517173482,3
official,no_connector,24,72h_bss,0.5767033953835723,0.003275541888441407,3
official,no_connector,24,72h_calibration_intercept,-0.046568849519745215,0.03288709410312928,3
official,no_connector,24,72h_calibration_slope,1.332792640942375,0.04215493124659412,3
official,no_connector,24,72h_ece,0.024656919317222928,0.0035283784989272116,3
official,no_connector,24,72h_f1,0.7445346252776064,0.010943448861145552,3
official,no_connector,24,72h_far,0.3301466456937121,0.01771490582767687,3
official,no_connector,24,72h_fn_ipcw,14.729610724404855,0.0,3
official,no_connector,24,72h_fp_ipcw,37.654757003908,3.0123805603126357,3
official,no_connector,24,72h_hss2,0.7219507130522884,0.012198911756501054,3
official,no_connector,24,72h_km_reference_brier,0.06751678430739513,0.0,3
official,no_connector,24,72h_known_count,850.0,0.0,3
official,no_connector,24,72h_observed_survival_km,0.9283200097187064,0.0,3
official,no_connector,24,72h_precision,0.669853354306288,0.017714905827676843,3
official,no_connector,24,72h_predicted_survival_mean,0.9119491742933293,0.0017207749900114864,3
official,no_connector,24,72h_recall,0.8381748213393481,0.0,3
official,no_connector,24,72h_threshold,0.1484577974694612,0.010780432879739628,3
official,no_connector,24,72h_tn_ipcw,1117.5931878759893,3.012380560312579,3
official,no_connector,24,72h_tp_ipcw,76.29213784596385,0.0,3
official,no_connector,24,72h_tss,0.8055802972194002,0.0026075619295958807,3
official,no_connector,24,event_censored_c_index,0.9279506053981054,0.002948369979202551,3
official,no_connector,24,event_censored_fraction,0.9452370344389568,0.0,3
official,no_connector,24,event_censored_pairs,99714.0,0.0,3
official,no_connector,24,event_event_c_index,0.6464139403381224,0.006560323446928589,3
official,no_connector,24,event_event_fraction,0.054762965561043125,0.0,3
official,no_connector,24,event_event_pairs,5777.0,0.0,3
official,no_connector,24,harrell_c_index,0.912533651840898,0.0030904561899335434,3
official,no_connector,24,integrated_auc,0.9300547542852198,0.005916234501589284,3
official,no_connector,24,integrated_brier_score,0.029408707250774407,0.00020436492378446102,3
official,no_connector,24,uno_c_index,0.8005056360204114,0.002624537433114621,3
official,no_lstm,24,12h_alert_fraction,0.1536256807108054,0.05203543867719461,3
official,no_lstm,24,12h_auc,0.9429257320987606,0.021664473992413825,3
official,no_lstm,24,12h_average_precision,0.5226772427100548,0.18626381145631166,3
official,no_lstm,24,12h_brier,0.04244376369738836,0.0005801974690681153,3
official,no_lstm,24,12h_bss,0.02600298903925861,0.013314337641411978,3
official,no_lstm,24,12h_calibration_intercept,35.595015258545544,16.691522414269638,3
official,no_lstm,24,12h_calibration_slope,14.679374780087441,6.589012773669515,3
official,no_lstm,24,12h_ece,0.08186523799465649,0.005265153351737221,3
official,no_lstm,24,12h_f1,0.4437175657872525,0.12108049182810401,3
official,no_lstm,24,12h_far,0.6990592098835436,0.11016039785616744,3
official,no_lstm,24,12h_fn_ipcw,5.894060321388605,2.154393319955837,3
official,no_lstm,24,12h_fp_ipcw,138.54423612288298,65.28564662485823,3
official,no_lstm,24,12h_hss2,0.40104903421168814,0.1338877673122875,3
official,no_lstm,24,12h_km_reference_brier,0.043576893172928975,0.0,3
official,no_lstm,24,12h_known_count,1163.0,0.0,3
official,no_lstm,24,12h_observed_survival_km,0.9541362661402012,0.0,3
official,no_lstm,24,12h_precision,0.3009407901164564,0.11016039785616735,3
official,no_lstm,24,12h_predicted_survival_mean,0.9392977396511015,0.001241895319646317,3
official,no_lstm,24,12h_recall,0.8999673940146629,0.03656385689344489,3
official,no_lstm,24,12h_threshold,0.06624594845765752,0.0045520952805482885,3
official,no_lstm,24,12h_tn_ipcw,1064.8321394156662,65.2856466248582,3
official,no_lstm,24,12h_tp_ipcw,53.02733099228525,2.154393319955829,3
official,no_lstm,24,12h_tss,0.7848377978724085,0.05781536764701392,3
official,no_lstm,24,144h_alert_fraction,0.23666666666666666,0.06359594676112972,3
official,no_lstm,24,144h_auc,0.8928108109153158,0.028645034282678398,3
official,no_lstm,24,144h_average_precision,0.6482619129139628,0.1612101871060426,3
official,no_lstm,24,144h_brier,0.07786743321522378,0.0017843368191990156,3
official,no_lstm,24,144h_bss,0.04561710576586875,0.02186974024286628,3
official,no_lstm,24,144h_calibration_intercept,17.88165842828789,7.654862551922393,3
official,no_lstm,24,144h_calibration_slope,12.404362972445435,4.973348351273045,3
official,no_lstm,24,144h_ece,0.1671270984378385,0.013492451195613703,3
official,no_lstm,24,144h_f1,0.5323039053375148,0.12318256210051798,3
official,no_lstm,24,144h_far,0.5776409880235489,0.16884340921996302,3
official,no_lstm,24,144h_fn_ipcw,24.851767257276435,3.4654244591667256,3
official,no_lstm,24,144h_fp_ipcw,140.17525748593758,76.83109302956622,3
official,no_lstm,24,144h_hss2,0.4649979058833152,0.14940137337800735,3
official,no_lstm,24,144h_km_reference_brier,0.08158930098774504,0.0,3
official,no_lstm,24,144h_known_count,600.0,0.0,3
official,no_lstm,24,144h_observed_survival_km,0.9112654249610479,0.0,3
official,no_lstm,24,144h_precision,0.4223590119764511,0.16884340921996316,3
official,no_lstm,24,144h_predicted_survival_mean,0.8461666991418751,0.004167301008071917,3
official,no_lstm,24,144h_recall,0.7775831562551815,0.031014646260952815,3
official,no_lstm,24,144h_threshold,0.1642938368082003,0.00950082793843778,3
official,no_lstm,24,144h_tn_ipcw,943.322268489549,76.83109302956615,3
official,no_lstm,24,144h_tp_ipcw,86.88332815568235,3.4654244591667287,3
official,no_lstm,24,144h_tss,0.6482102189614521,0.04194835844675879,3
official,no_lstm,24,24h_alert_fraction,0.1567534076827757,0.045617992897645517,3
official,no_lstm,24,24h_auc,0.9342170723157605,0.024989898793316853,3
official,no_lstm,24,24h_average_precision,0.5350687167701871,0.1774980075870043,3
official,no_lstm,24,24h_brier,0.04956798451793234,0.0008342419768468998,3
official,no_lstm,24,24h_bss,0.03293194750118652,0.01627600500016753,3
official,no_lstm,24,24h_calibration_intercept,28.798917198890873,13.02992697048762,3
official,no_lstm,24,24h_calibration_slope,13.859728952229162,5.971166591665297,3
official,no_lstm,24,24h_ece,0.1004385714079054,0.005067168865520775,3
official,no_lstm,24,24h_f1,0.47739618523554644,0.1119739431968422,3
official,no_lstm,24,24h_far,0.6638120085758079,0.11113263793868025,3
official,no_lstm,24,24h_fn_ipcw,9.281830027230843,3.2435715222169037,3
official,no_lstm,24,24h_fp_ipcw,130.20007594008644,56.538769428431344,3
official,no_lstm,24,24h_hss2,0.4312974830628841,0.12554783006451808,3
official,no_lstm,24,24h_km_reference_brier,0.051255942526333385,0.0,3
official,no_lstm,24,24h_known_count,1076.0,0.0,3
official,no_lstm,24,24h_observed_survival_km,0.946025556578541,0.0,3
official,no_lstm,24,24h_precision,0.33618799142419203,0.11113263793868029,3
official,no_lstm,24,24h_predicted_survival_mean,0.9156736269105732,0.0018392791385046859,3
official,no_lstm,24,24h_recall,0.8657076510396529,0.04692898248098513,3
official,no_lstm,24,24h_threshold,0.09199744819754974,0.006280118845467062,3
official,no_lstm,24,24h_tn_ipcw,1050.9563016002185,56.53876942843122,3
official,no_lstm,24,24h_tp_ipcw,59.834765959719356,3.243571522216903,3
official,no_lstm,24,24h_tss,0.7554766279373427,0.05905620261689455,3
official,no_lstm,24,48h_alert_fraction,0.15335463258785942,0.031375761155817326,3
official,no_lstm,24,48h_auc,0.9214703657148252,0.018326292197941477,3
official,no_lstm,24,48h_average_precision,0.5889996995490057,0.15094909669672588,3
official,no_lstm,24,48h_brier,0.05930808125231085,0.0011384829105577864,3
official,no_lstm,24,48h_bss,0.03864659951616808,0.018454220644927972,3
official,no_lstm,24,48h_calibration_intercept,26.553967286424477,8.156131749418668,3
official,no_lstm,24,48h_calibration_slope,14.334314328845286,4.353485212277802,3
official,no_lstm,24,48h_ece,0.12194281171412073,0.00843831879300856,3
official,no_lstm,24,48h_f1,0.5527161653302559,0.0956676253766759,3
official,no_lstm,24,48h_far,0.5809220064748791,0.1107875845902603,3
official,no_lstm,24,48h_fn_ipcw,13.832708364010026,2.584234604168804,3
official,no_lstm,24,48h_fp_ipcw,103.83843279777301,39.464813844884816,3
official,no_lstm,24,48h_hss2,0.5070591791178983,0.1088377860046715,3
official,no_lstm,24,48h_km_reference_brier,0.061692278013956325,0.0,3
official,no_lstm,24,48h_known_count,939.0,0.0,3
official,no_lstm,24,48h_observed_survival_km,0.9341837307990893,0.0,3
official,no_lstm,24,48h_precision,0.41907799352512076,0.11078758459026021,3
official,no_lstm,24,48h_predicted_survival_mean,0.8932806328688251,0.0025299626296366334,3
official,no_lstm,24,48h_recall,0.834924242782409,0.03083954876262557,3
official,no_lstm,24,48h_threshold,0.11661112095151505,0.007584566550791494,3
official,no_lstm,24,48h_tn_ipcw,1037.5005966347703,39.46481384488488,3
official,no_lstm,24,48h_tp_ipcw,69.96341407798333,2.584234604168799,3
official,no_lstm,24,48h_tss,0.7439447615590252,0.04933114536554669,3
official,no_lstm,24,72h_alert_fraction,0.1823529411764706,0.06013824903120969,3
official,no_lstm,24,72h_auc,0.9107493123636233,0.014867049938039403,3
official,no_lstm,24,72h_average_precision,0.6181689796130758,0.14008356810419936,3
official,no_lstm,24,72h_brier,0.06477782165156633,0.0012004414381880664,3
official,no_lstm,24,72h_bss,0.04056713725225203,0.017779896517621713,3
official,no_lstm,24,72h_calibration_intercept,22.328745702450558,5.916495240179734,3
official,no_lstm,24,72h_calibration_slope,13.156708844936361,3.426303033789691,3
official,no_lstm,24,72h_ece,0.13594232112351998,0.011413021454111615,3
official,no_lstm,24,72h_f1,0.5221611658785091,0.12270499218130704,3
official,no_lstm,24,72h_far,0.6026270938912631,0.1456212214078197,3
official,no_lstm,24,72h_fn_ipcw,16.900545253052716,4.729102311381496,3
official,no_lstm,24,72h_fp_ipcw,130.03442752016227,73.05152255402515,3
official,no_lstm,24,72h_hss2,0.4684185217862176,0.14264408973123033,3
official,no_lstm,24,72h_km_reference_brier,0.06751678430739513,0.0,3
official,no_lstm,24,72h_known_count,850.0,0.0,3
official,no_lstm,24,72h_observed_survival_km,0.9283200097187064,0.0,3
official,no_lstm,24,72h_precision,0.39737290610873677,0.1456212214078197,3
official,no_lstm,24,72h_predicted_survival_mean,0.8776447488757176,0.0030491363830602272,3
official,no_lstm,24,72h_recall,0.8143240981578491,0.05195574009134133,3
official,no_lstm,24,72h_threshold,0.13316128500013744,0.009548634289118991,3
official,no_lstm,24,72h_tn_ipcw,1025.213517359735,73.0515225540251,3
official,no_lstm,24,72h_tp_ipcw,74.12120331731599,4.7291023113814985,3
official,no_lstm,24,72h_tss,0.7017643415302959,0.04783912693896553,3
official,no_lstm,24,event_censored_c_index,0.9106645004713481,0.02120215418987752,3
official,no_lstm,24,event_censored_fraction,0.9452370344389568,0.0,3
official,no_lstm,24,event_censored_pairs,99714.0,0.0,3
official,no_lstm,24,event_event_c_index,0.6386532802492643,0.04002584791413411,3
official,no_lstm,24,event_event_fraction,0.054762965561043125,0.0,3
official,no_lstm,24,event_event_pairs,5777.0,0.0,3
official,no_lstm,24,harrell_c_index,0.895766187641401,0.022150655964266488,3
official,no_lstm,24,integrated_auc,0.9124689898321011,0.019681126918983615,3
official,no_lstm,24,integrated_brier_score,0.06426396430746828,0.0012635669392208216,3
official,no_lstm,24,uno_c_index,0.7749996068831159,0.011301801987140937,3
official,no_pretraining,24,12h_alert_fraction,0.15448552593866438,0.047457952418440974,3
official,no_pretraining,24,12h_auc,0.983640357007569,0.00044227393144937734,3
official,no_pretraining,24,12h_average_precision,0.7317932027282166,0.02192944599109521,3
official,no_pretraining,24,12h_brier,0.021896081156840955,0.00046775839378055897,3
official,no_pretraining,24,12h_bss,0.4975300081639749,0.010734092307230861,3
official,no_pretraining,24,12h_calibration_intercept,0.6721956406810787,0.03685585580511903,3
official,no_pretraining,24,12h_calibration_slope,1.4907958733259086,0.024121218344126682,3
official,no_pretraining,24,12h_ece,0.01794114577025037,0.002830529187116348,3
official,no_pretraining,24,12h_f1,0.4790872825280796,0.11599903728671435,3
official,no_pretraining,24,12h_far,0.6759749865652566,0.1116735746088581,3
official,no_pretraining,24,12h_fn_ipcw,1.0240770250076399,1.7737534381772162,3
official,no_pretraining,24,12h_fp_ipcw,134.5547424125382,58.17049926610766,3
official,no_pretraining,24,12h_hss2,0.4390156386278871,0.12810811073808623,3
official,no_pretraining,24,12h_km_reference_brier,0.043576893172928975,0.0,3
official,no_pretraining,24,12h_known_count,1163.0,0.0,3
official,no_pretraining,24,12h_observed_survival_km,0.9541362661402012,0.0,3
official,no_pretraining,24,12h_precision,0.3240250134347435,0.11167357460885806,3
official,no_pretraining,24,12h_predicted_survival_mean,0.9571105133878595,0.0002356469288374596,3
official,no_pretraining,24,12h_recall,0.9826196055087045,0.03010372631451393,3
official,no_pretraining,24,12h_threshold,0.0537081150398239,0.015934553658338922,3
official,no_pretraining,24,12h_tn_ipcw,1068.821633126011,58.17049926610756,3
official,no_pretraining,24,12h_tp_ipcw,57.897314288666216,1.7737534381772155,3
official,no_pretraining,24,12h_tss,0.8708052595171433,0.018322763799414526,3
official,no_pretraining,24,144h_alert_fraction,0.16,0.015275252316519465,3
official,no_pretraining,24,144h_auc,0.9375642392140081,0.0027961719339222825,3
official,no_pretraining,24,144h_average_precision,0.8014261625759298,0.0012174545301158882,3
official,no_pretraining,24,144h_brier,0.0343408446257967,0.00029616133908784024,3
official,no_pretraining,24,144h_bss,0.5791011295591956,0.003629904111230543,3
official,no_pretraining,24,144h_calibration_intercept,-0.48247731257622917,0.03342516872668831,3
official,no_pretraining,24,144h_calibration_slope,1.2071940790123772,0.03576320224404955,3
official,no_pretraining,24,144h_ece,0.038259660462336136,0.004305374992186297,3
official,no_pretraining,24,144h_f1,0.7029776782566062,0.04231756586810313,3
official,no_pretraining,24,144h_far,0.3367483850571526,0.0875373170658668,3
official,no_pretraining,24,144h_fn_ipcw,27.532899205521144,1.7117312520528967,3
official,no_pretraining,24,144h_fp_ipcw,44.341152878204724,16.665379430938835,3
official,no_pretraining,24,144h_hss2,0.6698461428998786,0.04929309663459931,3
official,no_pretraining,24,144h_km_reference_brier,0.08158930098774504,0.0,3
official,no_pretraining,24,144h_known_count,600.0,0.0,3
official,no_pretraining,24,144h_observed_survival_km,0.9112654249610479,0.0,3
official,no_pretraining,24,144h_precision,0.6632516149428475,0.08753731706586683,3
official,no_pretraining,24,144h_predicted_survival_mean,0.8995740414644912,0.0012612937071317845,3
official,no_pretraining,24,144h_recall,0.7535877236801648,0.015319548846551364,3
official,no_pretraining,24,144h_threshold,0.23290866541478847,0.007540887704190684,3
official,no_pretraining,24,144h_tn_ipcw,1039.1563730972819,16.665379430938934,3
official,no_pretraining,24,144h_tp_ipcw,84.20219620743764,1.7117312520528993,3
official,no_pretraining,24,144h_tss,0.712663631270924,0.007248199638369265,3
official,no_pretraining,24,24h_alert_fraction,0.09603469640644362,0.01023711997636822,3
official,no_pretraining,24,24h_auc,0.9791992469373292,0.0005129951974113262,3
official,no_pretraining,24,24h_average_precision,0.7486748329430228,0.016070133605167083,3
official,no_pretraining,24,24h_brier,0.02367580236133406,0.0004729412787846946,3
official,no_pretraining,24,24h_bss,0.5380866843065012,0.009227052620127196,3
official,no_pretraining,24,24h_calibration_intercept,0.08999221978846206,0.029315513908609644,3
official,no_pretraining,24,24h_calibration_slope,1.3570968173192997,0.025189432193147183,3
official,no_pretraining,24,24h_ece,0.015214052296122828,0.002637846247389725,3
official,no_pretraining,24,24h_f1,0.6763757890709782,0.03572018697666683,3
official,no_pretraining,24,24h_far,0.4533221626794406,0.05005473699480651,3
official,no_pretraining,24,24h_fn_ipcw,7.532285559230793,1.0556167818085342,3
official,no_pretraining,24,24h_fp_ipcw,51.846138024046375,11.830268073110403,3
official,no_pretraining,24,24h_hss2,0.6524724897801122,0.039464738205217946,3
official,no_pretraining,24,24h_km_reference_brier,0.051255942526333385,0.0,3
official,no_pretraining,24,24h_known_count,1076.0,0.0,3
official,no_pretraining,24,24h_observed_survival_km,0.946025556578541,0.0,3
official,no_pretraining,24,24h_precision,0.5466778373205593,0.05005473699480657,3
official,no_pretraining,24,24h_predicted_survival_mean,0.9413964577302156,0.00038831000194435966,3
official,no_pretraining,24,24h_recall,0.8910205942339383,0.015272985695184415,3
official,no_pretraining,24,24h_threshold,0.11666443986198705,0.010619063659307655,3
official,no_pretraining,24,24h_tn_ipcw,1129.3102395162584,11.830268073110513,3
official,no_pretraining,24,24h_tp_ipcw,61.58431042771941,1.0556167818085327,3
official,no_pretraining,24,24h_tss,0.8471262047949946,0.007782198740334593,3
official,no_pretraining,24,48h_alert_fraction,0.12282570110046148,0.009895179172713067,3
official,no_pretraining,24,48h_auc,0.971569561651264,0.0005196792945186284,3
official,no_pretraining,24,48h_average_precision,0.7919794004174247,0.010718869485868684,3
official,no_pretraining,24,48h_brier,0.025100103582194264,0.00039809549943821415,3
official,no_pretraining,24,48h_bss,0.5931402698970527,0.006452922671264591,3
official,no_pretraining,24,48h_calibration_intercept,-0.040371901409977234,0.027556575287433622,3
official,no_pretraining,24,48h_calibration_slope,1.3226063655549467,0.027557784735843725,3
official,no_pretraining,24,48h_ece,0.021922813586872897,0.001965199237402382,3
official,no_pretraining,24,48h_f1,0.69874968638682,0.025062264680556764,3
official,no_pretraining,24,48h_far,0.43141447368003066,0.03842272626134887,3
official,no_pretraining,24,48h_fn_ipcw,7.627082615322404,1.6233149084872203,3
official,no_pretraining,24,48h_fp_ipcw,58.32626863534485,10.521600116691067,3
official,no_pretraining,24,48h_hss2,0.6710031049476765,0.02837290258331645,3
official,no_pretraining,24,48h_km_reference_brier,0.061692278013956325,0.0,3
official,no_pretraining,24,48h_known_count,939.0,0.0,3
official,no_pretraining,24,48h_observed_survival_km,0.9341837307990893,0.0,3
official,no_pretraining,24,48h_precision,0.5685855263199694,0.038422726261348905,3
official,no_pretraining,24,48h_predicted_survival_mean,0.9270389643537817,0.0006190932262946468,3
official,no_pretraining,24,48h_recall,0.9089804827114508,0.019372196005977907,3
official,no_pretraining,24,48h_threshold,0.13431653173924218,0.008988345110885214,3
official,no_pretraining,24,48h_tn_ipcw,1083.0127607971988,10.52160011669107,3
official,no_pretraining,24,48h_tp_ipcw,76.16903982667095,1.6233149084872196,3
official,no_pretraining,24,48h_tss,0.8578771145349119,0.012051108631325504,3
official,no_pretraining,24,72h_alert_fraction,0.12823529411764706,0.0011764705882353066,3
official,no_pretraining,24,72h_auc,0.9646537900421929,0.0006660338225290307,3
official,no_pretraining,24,72h_average_precision,0.799001046213002,0.004516096709338669,3
official,no_pretraining,24,72h_brier,0.027258090951385133,0.0002818128800113726,3
official,no_pretraining,24,72h_bss,0.5962768187050705,0.004173967745980161,3
official,no_pretraining,24,72h_calibration_intercept,-0.2652014863689848,0.026342881525820663,3
official,no_pretraining,24,72h_calibration_slope,1.2633106276665578,0.02891277093038655,3
official,no_pretraining,24,72h_ece,0.020727311067915383,0.0009195582690714321,3
official,no_pretraining,24,72h_f1,0.6910900981122358,0.014224295141880911,3
official,no_pretraining,24,72h_far,0.41827064375143,0.01457598476677129,3
official,no_pretraining,24,72h_fn_ipcw,13.549525002105133,1.1293134011440173,3
official,no_pretraining,24,72h_fp_ipcw,55.72904036578384,2.608798091097144,3
official,no_pretraining,24,72h_hss2,0.6617339743456662,0.015722864110475774,3
official,no_pretraining,24,72h_km_reference_brier,0.06751678430739513,0.0,3
official,no_pretraining,24,72h_known_count,850.0,0.0,3
official,no_pretraining,24,72h_observed_survival_km,0.9283200097187064,0.0,3
official,no_pretraining,24,72h_precision,0.58172935624857,0.014575984766771268,3
official,no_pretraining,24,72h_predicted_survival_mean,0.917408580112583,0.0008252333438257876,3
official,no_pretraining,24,72h_recall,0.851139697765419,0.012407072143543287,3
official,no_pretraining,24,72h_threshold,0.16399196713000772,0.005906327292993744,3
official,no_pretraining,24,72h_tn_ipcw,1099.5189045141135,2.6087980910972752,3
official,no_pretraining,24,72h_tp_ipcw,77.47222356826359,1.129313401144024,3
official,no_pretraining,24,72h_tss,0.8028998020678962,0.014482577494127189,3
official,no_pretraining,24,event_censored_c_index,0.9614296889102834,0.0011599071493773121,3
official,no_pretraining,24,event_censored_fraction,0.9452370344389568,0.0,3
official,no_pretraining,24,event_censored_pairs,99714.0,0.0,3
official,no_pretraining,24,event_event_c_index,0.6850729905948878,0.004328659473431681,3
official,no_pretraining,24,event_event_fraction,0.054762965561043125,0.0,3
official,no_pretraining,24,event_event_pairs,5777.0,0.0,3
official,no_pretraining,24,harrell_c_index,0.9462960856431452,0.0010480766989487177,3
official,no_pretraining,24,integrated_auc,0.961369640911191,0.0010379013477214278,3
official,no_pretraining,24,integrated_brier_score,0.028065168087976433,0.0002859477506560429,3
official,no_pretraining,24,uno_c_index,0.8285529288731649,0.0021418595745662694,3
official,svm,24,12h_alert_fraction,0.14875322441960448,0.0,3
official,svm,24,12h_auc,0.9091843338123238,0.0,3
official,svm,24,12h_average_precision,0.6769232957254209,0.0,3
official,svm,24,12h_brier,0.025675258690472675,0.0001346070849188474,3
official,svm,24,12h_bss,0.4108056627950986,0.003088955524770347,3
official,svm,24,12h_calibration_intercept,0.056057217409299476,0.23073546219128763,3
official,svm,24,12h_calibration_slope,1.1864202446571637,0.08664945168313205,3
official,svm,24,12h_ece,0.025412102120983073,0.0023557165189119107,3
official,svm,24,12h_f1,0.39741084068573723,0.0,3
official,svm,24,12h_far,0.7382471230817996,0.0,3
official,svm,24,12h_fn_ipcw,10.313520283703985,0.0,3
official,svm,24,12h_fp_ipcw,137.09351113730304,0.0,3
official,svm,24,12h_hss2,0.3514482999772108,0.0,3
official,svm,24,12h_km_reference_brier,0.043576893172928975,0.0,3
official,svm,24,12h_known_count,1163.0,0.0,3
official,svm,24,12h_observed_survival_km,0.9541362661402012,0.0,3
official,svm,24,12h_precision,0.2617528769182003,0.0,3
official,svm,24,12h_predicted_survival_mean,0.9427948516938146,0.00029719384452623894,3
official,svm,24,12h_recall,0.8249613586210321,0.0,3
official,svm,24,12h_threshold,0.04556090847912734,0.0012332933307230686,3
official,svm,24,12h_tn_ipcw,1066.2828644012461,0.0,3
official,svm,24,12h_tp_ipcw,48.607871029969864,0.0,3
official,svm,24,12h_tss,0.7110373079881209,0.0,3
official,svm,24,144h_alert_fraction,0.16,0.0,3
official,svm,24,144h_auc,0.9318358022548795,0.0,3
official,svm,24,144h_average_precision,0.8075915435635165,1.1102230246251565e-16,3
official,svm,24,144h_brier,0.036625031324181566,8.51505090010096e-05,3
official,svm,24,144h_bss,0.5511049747848341,0.0010436479779842498,3
official,svm,24,144h_calibration_intercept,-0.7788322043842016,0.002916191708100787,3
official,svm,24,144h_calibration_slope,1.238047464778189,0.004143701206693055,3
official,svm,24,144h_ece,0.06158134391527779,0.0007363179619088315,3
official,svm,24,144h_f1,0.7107997327877347,0.0,3
official,svm,24,144h_far,0.3347836342928591,0.0,3
official,svm,24,144h_fn_ipcw,26.47118488409281,0.0,3
official,svm,24,144h_fp_ipcw,42.91079310794006,0.0,3
official,svm,24,144h_hss2,0.678705681447091,0.0,3
official,svm,24,144h_km_reference_brier,0.08158930098774504,0.0,3
official,svm,24,144h_known_count,600.0,0.0,3
official,svm,24,144h_observed_survival_km,0.9112654249610479,0.0,3
official,svm,24,144h_precision,0.6652163657071409,0.0,3
official,svm,24,144h_predicted_survival_mean,0.8394855421507333,0.0007678272820240777,3
official,svm,24,144h_recall,0.7630897903093145,0.0,3
official,svm,24,144h_threshold,0.1501750281025598,0.0010296451127406261,3
official,svm,24,144h_tn_ipcw,1040.5867328675463,0.0,3
official,svm,24,144h_tp_ipcw,85.26391052886596,0.0,3
official,svm,24,144h_tss,0.7234858299132751,0.0,3
official,svm,24,24h_alert_fraction,0.10161090458488227,0.002338858251323038,3
official,svm,24,24h_auc,0.9254822022530492,0.0030394421566732692,3
official,svm,24,24h_average_precision,0.7023181814283602,0.007764530008680856,3
official,svm,24,24h_brier,0.027915203909899874,8.025720800492675e-05,3
official,svm,24,24h_bss,0.4553762445094422,0.001565812743833376,3
official,svm,24,24h_calibration_intercept,-0.4262986057053559,0.03425376420709428,3
official,svm,24,24h_calibration_slope,1.1070180128406881,0.0157269876940052,3
official,svm,24,24h_ece,0.026840258547160104,0.0013444561078197919,3
official,svm,24,24h_f1,0.6384480792485525,0.009876584802781592,3
official,svm,24,24h_far,0.49767454758795054,0.01220594290562521,3
official,svm,24,24h_fn_ipcw,8.571323687721986,0.0,3
official,svm,24,24h_fp_ipcw,60.03237034363266,2.9430808886447006,3
official,svm,24,24h_hss2,0.611116028385802,0.010885118092882522,3
official,svm,24,24h_km_reference_brier,0.051255942526333385,0.0,3
official,svm,24,24h_known_count,1076.0,0.0,3
official,svm,24,24h_observed_survival_km,0.946025556578541,0.0,3
official,svm,24,24h_precision,0.5023254524120494,0.012205942905625163,3
official,svm,24,24h_predicted_survival_mean,0.927590412157204,0.0002252223645863481,3
official,svm,24,24h_recall,0.875987473553525,0.0,3
official,svm,24,24h_threshold,0.05940654519057701,0.0004341528178083988,3
official,svm,24,24h_tn_ipcw,1121.124007196672,2.943080888644661,3
official,svm,24,24h_tp_ipcw,60.54527229922822,0.0,3
official,svm,24,24h_tss,0.8251623910452742,0.0024916945330926443,3
official,svm,24,48h_alert_fraction,0.09052183173588925,0.0,3
official,svm,24,48h_auc,0.9250428380643682,0.002634362600428772,3
official,svm,24,48h_average_precision,0.7480870419973225,0.0034667706218311297,3
official,svm,24,48h_brier,0.027860994165609772,4.487484929303875e-05,3
official,svm,24,48h_bss,0.5483876578636483,0.000727398156425477,3
official,svm,24,48h_calibration_intercept,-0.4467329980481756,0.0055857472667076545,3
official,svm,24,48h_calibration_slope,1.12574945167729,0.006084613615260819,3
official,svm,24,48h_ece,0.02375145819069234,0.0003514069663213539,3
official,svm,24,48h_f1,0.7458824456578886,0.0,3
official,svm,24,48h_far,0.30269391363904735,0.0,3
official,svm,24,48h_fn_ipcw,16.613962045717525,0.0,3
official,svm,24,48h_fp_ipcw,29.16313431767242,0.0,3
official,svm,24,48h_hss2,0.7258230525758645,0.0,3
official,svm,24,48h_km_reference_brier,0.061692278013956325,0.0,3
official,svm,24,48h_known_count,939.0,0.0,3
official,svm,24,48h_observed_survival_km,0.9341837307990893,0.0,3
official,svm,24,48h_precision,0.6973060863609527,0.0,3
official,svm,24,48h_predicted_survival_mean,0.9154357931199059,0.0003101374579479676,3
official,svm,24,48h_recall,0.8017335222495731,0.0,3
official,svm,24,48h_threshold,0.20974144248423207,0.00023164044427714854,3
official,svm,24,48h_tn_ipcw,1112.1758951148709,0.0,3
official,svm,24,48h_tp_ipcw,67.18216039627585,0.0,3
official,svm,24,48h_tss,0.7761818381613036,0.0,3
official,svm,24,72h_alert_fraction,0.1011764705882353,0.0,3
official,svm,24,72h_auc,0.9387666714747939,0.00020839441930813225,3
official,svm,24,72h_average_precision,0.7863954376453868,0.000545641539867731,3
official,svm,24,72h_brier,0.028332695684720393,3.158824211824428e-05,3
official,svm,24,72h_bss,0.5803607062249098,0.00046785762151272325,3
official,svm,24,72h_calibration_intercept,-0.5530395945052988,0.022990626090162385,3
official,svm,24,72h_calibration_slope,1.1713906043752036,0.008747880087677604,3
official,svm,24,72h_ece,0.03301993261108849,0.00029218043841820393,3
official,svm,24,72h_f1,0.738874819389749,0.0,3
official,svm,24,72h_far,0.29795690700733063,0.0,3
official,svm,24,72h_fn_ipcw,20.04433821012339,0.0,3
official,svm,24,72h_fp_ipcw,30.123805603126403,0.0,3
official,svm,24,72h_hss2,0.7171315554470655,0.0,3
official,svm,24,72h_km_reference_brier,0.06751678430739513,0.0,3
official,svm,24,72h_known_count,850.0,0.0,3
official,svm,24,72h_observed_survival_km,0.9283200097187064,0.0,3
official,svm,24,72h_precision,0.7020430929926693,0.0,3
official,svm,24,72h_predicted_survival_mean,0.8994030952414667,0.00021868750336664862,3
official,svm,24,72h_recall,0.7797851774444088,0.0,3
official,svm,24,72h_threshold,0.22092488615630054,0.002290027830642333,3
official,svm,24,72h_tn_ipcw,1125.1241392767708,0.0,3
official,svm,24,72h_tp_ipcw,70.97741036024533,0.0,3
official,svm,24,72h_tss,0.7537095581484504,0.0,3
official,svm,24,event_censored_c_index,0.9061047930414318,0.0019658348612096466,3
official,svm,24,event_censored_fraction,0.9452370344389568,0.0,3
official,svm,24,event_censored_pairs,99714.0,0.0,3
official,svm,24,event_event_c_index,0.6723501240551611,0.000360336852945478,3
official,svm,24,event_event_fraction,0.054762965561043125,0.0,3
official,svm,24,event_event_pairs,5777.0,0.0,3
official,svm,24,harrell_c_index,0.8932952261782884,0.001877852921241126,3
official,svm,24,integrated_auc,0.9312250217343897,0.0009681992448922554,3
official,svm,24,integrated_brier_score,0.03033075456843018,4.533412894078744e-05,3
official,svm,24,uno_c_index,0.7522912878243623,0.0025308803061787435,3
official,tim_sfsa,24,12h_alert_fraction,0.11665233591286901,0.054607506114238036,3
official,tim_sfsa,24,12h_auc,0.9821655898802423,0.0010828358691216933,3
official,tim_sfsa,24,12h_average_precision,0.7195358227834913,0.003112113353607497,3
official,tim_sfsa,24,12h_brier,0.021722454192555488,0.0005348066431126805,3
official,tim_sfsa,24,12h_bss,0.5015143896020103,0.012272711617837767,3
official,tim_sfsa,24,12h_calibration_intercept,0.6584893567619684,0.06362471778750786,3
official,tim_sfsa,24,12h_calibration_slope,1.4926118784753017,0.014129201085899804,3
official,tim_sfsa,24,12h_ece,0.01711864752066131,0.0017109838349615193,3
official,tim_sfsa,24,12h_f1,0.5847478838579142,0.14607573182915728,3
official,tim_sfsa,24,12h_far,0.5640565545857518,0.15004588830835774,3
official,tim_sfsa,24,12h_fn_ipcw,2.7591411773844534,2.389486352242643,3
official,tim_sfsa,24,12h_fp_ipcw,88.49422412037553,66.58732864510259,3
official,tim_sfsa,24,12h_hss2,0.5551854515662829,0.16084705721272488,3
official,tim_sfsa,24,12h_km_reference_brier,0.043576893172928975,0.0,3
official,tim_sfsa,24,12h_known_count,1163.0,0.0,3
official,tim_sfsa,24,12h_observed_survival_km,0.9541362661402012,0.0,3
official,tim_sfsa,24,12h_precision,0.4359434454142482,0.15004588830835772,3
official,tim_sfsa,24,12h_predicted_survival_mean,0.9568746050440319,0.0007959025662494765,3
official,tim_sfsa,24,12h_recall,0.9531725046563159,0.04055380056322799,3
official,tim_sfsa,24,12h_threshold,0.059599472984689185,0.013282980781768827,3
official,tim_sfsa,24,12h_tn_ipcw,1114.8821514181736,66.58732864510255,3
official,tim_sfsa,24,12h_tp_ipcw,56.1622501362894,2.3894863522426406,3
official,tim_sfsa,24,12h_tss,0.8796342285863942,0.01477995037176331,3
official,tim_sfsa,24,144h_alert_fraction,0.16722222222222224,0.02709721866279377,3
official,tim_sfsa,24,144h_auc,0.943435598957885,0.0019349072245242935,3
official,tim_sfsa,24,144h_average_precision,0.8037428631289307,0.002655551902872408,3
official,tim_sfsa,24,144h_brier,0.03307037824399839,0.0004863839736350087,3
official,tim_sfsa,24,144h_bss,0.5946726121729409,0.005961369539225046,3
official,tim_sfsa,24,144h_calibration_intercept,-0.44283706302178727,0.07545965248054887,3
official,tim_sfsa,24,144h_calibration_slope,1.2072252976040954,0.032456247936639065,3
official,tim_sfsa,24,144h_ece,0.03593467520449795,0.0007465557032268682,3
official,tim_sfsa,24,144h_f1,0.7103425534675895,0.05852953786360187,3
official,tim_sfsa,24,144h_far,0.3383923824518809,0.12228541761819789,3
official,tim_sfsa,24,144h_fn_ipcw,24.381266591111387,4.006088598292604,3
official,tim_sfsa,24,144h_fp_ipcw,48.632232188998735,28.328707676941484,3
official,tim_sfsa,24,144h_hss2,0.6769954915194935,0.06919805775987001,3
official,tim_sfsa,24,144h_km_reference_brier,0.08158930098774504,0.0,3
official,tim_sfsa,24,144h_known_count,600.0,0.0,3
official,tim_sfsa,24,144h_observed_survival_km,0.9112654249610479,0.0,3
official,tim_sfsa,24,144h_precision,0.661607617548119,0.1222854176181979,3
official,tim_sfsa,24,144h_predicted_survival_mean,0.8983510318461896,0.0012180365380102785,3
official,tim_sfsa,24,144h_recall,0.781794014664763,0.03585344947786194,3
official,tim_sfsa,24,144h_threshold,0.2127861637666881,0.01277114213611197,3
official,tim_sfsa,24,144h_tn_ipcw,1034.8652937864879,28.328707676941633,3
official,tim_sfsa,24,144h_tp_ipcw,87.35382882184739,4.0060885982926,3
official,tim_sfsa,24,144h_tss,0.7369095262159181,0.009713001097138614,3
official,tim_sfsa,24,24h_alert_fraction,0.0929368029739777,0.0032194252928789565,3
official,tim_sfsa,24,24h_auc,0.977307311406043,0.0017866970362801912,3
official,tim_sfsa,24,24h_average_precision,0.7391762653551089,0.010326763899679165,3
official,tim_sfsa,24,24h_brier,0.02339907542854143,0.0006200244925555316,3
official,tim_sfsa,24,24h_bss,0.5434856082000665,0.012096636253191255,3
official,tim_sfsa,24,24h_calibration_intercept,0.07254869661076359,0.05167586596015467,3
official,tim_sfsa,24,24h_calibration_slope,1.3528284451631007,0.010860692724581426,3
official,tim_sfsa,24,24h_ece,0.014525806108421893,0.0020505656896502413,3
official,tim_sfsa,24,24h_f1,0.6935001135463105,0.008725906876748811,3
official,tim_sfsa,24,24h_far,0.43407297149991253,0.014827194477282165,3
official,tim_sfsa,24,24h_fn_ipcw,7.202402158459118,0.5839409640065547,3
official,tim_sfsa,24,24h_fp_ipcw,47.55811157092975,3.3759453095442526,3
official,tim_sfsa,24,24h_hss2,0.6712158954753106,0.009696263453679547,3
official,tim_sfsa,24,24h_km_reference_brier,0.051255942526333385,0.0,3
official,tim_sfsa,24,24h_known_count,1076.0,0.0,3
official,tim_sfsa,24,24h_observed_survival_km,0.946025556578541,0.0,3
official,tim_sfsa,24,24h_precision,0.5659270285000875,0.014827194477282136,3
official,tim_sfsa,24,24h_predicted_survival_mean,0.9409928140831513,0.0009008863088843742,3
official,tim_sfsa,24,24h_recall,0.8957934479322592,0.00844863604273585,3
official,tim_sfsa,24,24h_threshold,0.10223310217248656,0.0027024441185834872,3
official,tim_sfsa,24,24h_tn_ipcw,1133.598265969375,3.375945309544248,3
official,tim_sfsa,24,24h_tp_ipcw,61.91419382849108,0.5839409640065505,3
official,tim_sfsa,24,24h_tss,0.8555294215296191,0.005590466393282168,3
official,tim_sfsa,24,48h_alert_fraction,0.1086261980830671,0.009584664536741214,3
official,tim_sfsa,24,48h_auc,0.9708365003644145,0.002057726669733582,3
official,tim_sfsa,24,48h_average_precision,0.7940277563841835,0.014693818295174533,3
official,tim_sfsa,24,48h_brier,0.02444154837559302,0.00044152161016583664,3
official,tim_sfsa,24,48h_bss,0.6038151100521246,0.007156837522938477,3
official,tim_sfsa,24,48h_calibration_intercept,-0.041210948064718984,0.04334185842095028,3
official,tim_sfsa,24,48h_calibration_slope,1.3230961749259984,0.0141515062471719,3
official,tim_sfsa,24,48h_ece,0.02132122325389349,0.0025568635603159463,3
official,tim_sfsa,24,48h_f1,0.7333848582620835,0.031621386818081236,3
official,tim_sfsa,24,48h_far,0.3690474865358098,0.05372688813792581,3
official,tim_sfsa,24,48h_fn_ipcw,10.143677149530498,1.124826406318475,3
official,tim_sfsa,24,48h_fp_ipcw,43.744701476508645,10.604776115517247,3
official,tim_sfsa,24,48h_hss2,0.7102127386162939,0.035404036875266255,3
official,tim_sfsa,24,48h_km_reference_brier,0.061692278013956325,0.0,3
official,tim_sfsa,24,48h_known_count,939.0,0.0,3
official,tim_sfsa,24,48h_observed_survival_km,0.9341837307990893,0.0,3
official,tim_sfsa,24,48h_precision,0.6309525134641901,0.05372688813792585,3
official,tim_sfsa,24,48h_predicted_survival_mean,0.9264522305163952,0.0010023814013848471,3
official,tim_sfsa,24,48h_recall,0.8789481320385403,0.01342337059924364,3
official,tim_sfsa,24,48h_threshold,0.13260867019215875,0.009185638502685126,3
official,tim_sfsa,24,48h_tn_ipcw,1097.594327956035,10.604776115517154,3
official,tim_sfsa,24,48h_tp_ipcw,73.65244529246286,1.1248264063184699,3
official,tim_sfsa,24,48h_tss,0.840620605906136,0.004181088850319143,3
official,tim_sfsa,24,72h_alert_fraction,0.12196078431372548,0.01941473536390049,3
official,tim_sfsa,24,72h_auc,0.9652302503409383,0.0019700005313416373,3
official,tim_sfsa,24,72h_average_precision,0.8019641637162302,0.010774772549548662,3
official,tim_sfsa,24,72h_brier,0.026363319702488907,0.0002779082986867356,3
official,tim_sfsa,24,72h_bss,0.6095293937214169,0.0041161364768419395,3
official,tim_sfsa,24,72h_calibration_intercept,-0.2497852333020331,0.053487438017480675,3
official,tim_sfsa,24,72h_calibration_slope,1.2730483187903225,0.023821701467617272,3
official,tim_sfsa,24,72h_ece,0.02088227771167281,0.001667225740224773,3
official,tim_sfsa,24,72h_f1,0.7173468053592956,0.05637339073907542,3
official,tim_sfsa,24,72h_far,0.37227531896620675,0.09608448523986543,3
official,tim_sfsa,24,72h_fn_ipcw,13.862603510985515,2.2699166487602613,3
official,tim_sfsa,24,72h_fp_ipcw,48.198088965002235,21.72258514283633,3
official,tim_sfsa,24,72h_hss2,0.6910729888654318,0.06392792163409403,3
official,tim_sfsa,24,72h_km_reference_brier,0.06751678430739513,0.0,3
official,tim_sfsa,24,72h_known_count,850.0,0.0,3
official,tim_sfsa,24,72h_observed_survival_km,0.9283200097187064,0.0,3
official,tim_sfsa,24,72h_precision,0.6277246810337931,0.09608448523986543,3
official,tim_sfsa,24,72h_predicted_survival_mean,0.9166447359816102,0.0010767202536268651,3
official,tim_sfsa,24,72h_recall,0.8477000966393392,0.02493817889034947,3
official,tim_sfsa,24,72h_threshold,0.15652114241873225,0.009474406032116862,3
official,tim_sfsa,24,72h_tn_ipcw,1107.049855914895,21.722585142836284,3
official,tim_sfsa,24,72h_tp_ipcw,77.15914505938319,2.2699166487602516,3
official,tim_sfsa,24,72h_tss,0.805979105765806,0.0061359937854139485,3
official,tim_sfsa,24,event_censored_c_index,0.962101610606334,0.0014835332755823256,3
official,tim_sfsa,24,event_censored_fraction,0.9452370344389568,0.0,3
official,tim_sfsa,24,event_censored_pairs,99714.0,0.0,3
official,tim_sfsa,24,event_event_c_index,0.6861692920200797,0.003601982351858227,3
official,tim_sfsa,24,event_event_fraction,0.054762965561043125,0.0,3
official,tim_sfsa,24,event_event_pairs,5777.0,0.0,3
official,tim_sfsa,24,harrell_c_index,0.9469912410419749,0.0015785962604304188,3
official,tim_sfsa,24,integrated_auc,0.9627222328195839,0.001626058675605087,3
official,tim_sfsa,24,integrated_brier_score,0.027227940957475157,0.0001558377665515611,3
official,tim_sfsa,24,uno_c_index,0.8324216781380582,0.006099804659974574,3
official,validation_pruned,20,12h_alert_fraction,0.1415878475207796,0.0368464832860077,3
official,validation_pruned,20,12h_auc,0.9850250502349284,0.00026373663491361076,3
official,validation_pruned,20,12h_average_precision,0.7768656745734449,0.010483103121636205,3
official,validation_pruned,20,12h_brier,0.02013760285285222,0.0006407284443766979,3
official,validation_pruned,20,12h_bss,0.5378834656032296,0.01470339892828185,3
official,validation_pruned,20,12h_calibration_intercept,0.531762123131862,0.0406026745447139,3
official,validation_pruned,20,12h_calibration_slope,1.4654437189800376,0.02300567492127692,3
official,validation_pruned,20,12h_ece,0.012358194586510836,0.0015711362307437636,3
official,validation_pruned,20,12h_f1,0.5047552972745656,0.09276685133841489,3
official,validation_pruned,20,12h_far,0.6552171407629728,0.09182056718137994,3
official,validation_pruned,20,12h_fn_ipcw,1.0424321159321928,1.8055453882360883,3
official,validation_pruned,20,12h_fp_ipcw,118.23408632476401,44.81278678671064,3
official,validation_pruned,20,12h_hss2,0.4675168361080834,0.1023986662023726,3
official,validation_pruned,20,12h_km_reference_brier,0.043576893172928975,0.0,3
official,validation_pruned,20,12h_known_count,1163.0,0.0,3
official,validation_pruned,20,12h_observed_survival_km,0.9541362661402012,0.0,3
official,validation_pruned,20,12h_precision,0.34478285923702723,0.09182056718137992,3
official,validation_pruned,20,12h_predicted_survival_mean,0.9562780495392346,0.0006955285527560465,3
official,validation_pruned,20,12h_recall,0.9823080872211128,0.030643291816109523,3
official,validation_pruned,20,12h_threshold,0.04682269520696114,0.018977116635131228,3
official,validation_pruned,20,12h_tn_ipcw,1085.142289213785,44.81278678671064,3
official,validation_pruned,20,12h_tp_ipcw,57.87895919774166,1.8055453882360892,3
official,validation_pruned,20,12h_tss,0.8840561282096603,0.011587771747897789,3
official,validation_pruned,20,144h_alert_fraction,0.21055555555555558,0.013471506281091268,3
official,validation_pruned,20,144h_auc,0.9368970273364536,0.00426293348895914,3
official,validation_pruned,20,144h_average_precision,0.792683527358721,0.005194785443977288,3
official,validation_pruned,20,144h_brier,0.03556231830890393,0.0016255266877572895,3
official,validation_pruned,20,144h_bss,0.5641301263967747,0.019923282441180034,3
official,validation_pruned,20,144h_calibration_intercept,-0.6953864273989439,0.07014414074599229,3
official,validation_pruned,20,144h_calibration_slope,1.0642546578772507,0.04900802635300019,3
official,validation_pruned,20,144h_ece,0.03952713792760786,0.005545028481150302,3
official,validation_pruned,20,144h_f1,0.60122237951045,0.024989688345119002,3
official,validation_pruned,20,144h_far,0.5203389008153532,0.03492272753578987,3
official,validation_pruned,20,144h_fn_ipcw,21.467646640015687,2.0878159194360983,3
official,validation_pruned,20,144h_fp_ipcw,98.69482414826216,15.018777587779027,3
official,validation_pruned,20,144h_hss2,0.5481212028685969,0.030079805254376018,3
official,validation_pruned,20,144h_km_reference_brier,0.08158930098774504,0.0,3
official,validation_pruned,20,144h_known_count,600.0,0.0,3
official,validation_pruned,20,144h_observed_survival_km,0.9112654249610479,0.0,3
official,validation_pruned,20,144h_precision,0.47966109918464683,0.03492272753578991,3
official,validation_pruned,20,144h_predicted_survival_mean,0.9004062869345066,0.000848773432437936,3
official,validation_pruned,20,144h_recall,0.80787015430851,0.018685408659828824,3
official,validation_pruned,20,144h_threshold,0.19575075458091962,0.023900151347365145,3
official,validation_pruned,20,144h_tn_ipcw,984.8027018272242,15.018777587779013,3
official,validation_pruned,20,144h_tp_ipcw,90.26744877294307,2.087815919436107,3
official,validation_pruned,20,144h_tss,0.7167810453976188,0.013904566660105942,3
official,validation_pruned,20,24h_alert_fraction,0.10997521685254026,0.0043920219574838356,3
official,validation_pruned,20,24h_auc,0.9817290232591329,0.0007875319069821121,3
official,validation_pruned,20,24h_average_precision,0.795294954732686,0.010110810697063696,3
official,validation_pruned,20,24h_brier,0.021751150641086625,0.0005043923707029285,3
official,validation_pruned,20,24h_bss,0.5756365102463641,0.0098406613134427,3
official,validation_pruned,20,24h_calibration_intercept,-0.026973776632841017,0.029935487205348946,3
official,validation_pruned,20,24h_calibration_slope,1.335858087731598,0.013439526246247962,3
official,validation_pruned,20,24h_ece,0.009876759694399079,0.0007528576920155795,3
official,validation_pruned,20,24h_f1,0.6192937110503681,0.013986034111831795,3
official,validation_pruned,20,24h_far,0.526577713039826,0.01755300593468892,3
official,validation_pruned,20,24h_fn_ipcw,7.202402158459118,0.5839409640065545,3
official,validation_pruned,20,24h_fp_ipcw,68.99824383651287,5.09756562991761,3
official,validation_pruned,20,24h_hss2,0.5895944544676794,0.015512494125406482,3
official,validation_pruned,20,24h_km_reference_brier,0.051255942526333385,0.0,3
official,validation_pruned,20,24h_known_count,1076.0,0.0,3
official,validation_pruned,20,24h_observed_survival_km,0.946025556578541,0.0,3
official,validation_pruned,20,24h_precision,0.4734222869601739,0.017553005934688885,3
official,validation_pruned,20,24h_predicted_survival_mean,0.9409095903273373,0.0006922026607728443,3
official,validation_pruned,20,24h_recall,0.8957934479322592,0.008448636042735835,3
official,validation_pruned,20,24h_threshold,0.11347557683281417,0.012649184755578805,3
official,validation_pruned,20,24h_tn_ipcw,1112.1581337037917,5.097565629917664,3
official,validation_pruned,20,24h_tp_ipcw,61.91419382849108,0.5839409640065505,3
official,validation_pruned,20,24h_tss,0.837377606348101,0.0068219742532069265,3
official,validation_pruned,20,48h_alert_fraction,0.12744053958111465,0.01851728982001416,3
official,validation_pruned,20,48h_auc,0.9722155633806967,0.000811406543364068,3
official,validation_pruned,20,48h_average_precision,0.8170602270873827,0.006525169529188607,3
official,validation_pruned,20,48h_brier,0.023647134003272886,0.0001635946368688053,3
official,validation_pruned,20,48h_bss,0.6166921571947251,0.002651784666337022,3
official,validation_pruned,20,48h_calibration_intercept,-0.16500114078187622,0.0313192394910538,3
official,validation_pruned,20,48h_calibration_slope,1.262111694620416,0.02477627339419854,3
official,validation_pruned,20,48h_ece,0.015253175384826602,0.0017040660047789584,3
official,validation_pruned,20,48h_f1,0.6725663340265368,0.05262372530673738,3
official,validation_pruned,20,48h_far,0.45736031318834297,0.07880849569715946,3
official,validation_pruned,20,48h_fn_ipcw,8.795567872727124,2.2640732780801702,3
official,validation_pruned,20,48h_fp_ipcw,65.396119379023,20.59302624641427,3
official,validation_pruned,20,48h_hss2,0.6417988127848473,0.0595006612044045,3
official,validation_pruned,20,48h_km_reference_brier,0.061692278013956325,0.0,3
official,validation_pruned,20,48h_known_count,939.0,0.0,3
official,validation_pruned,20,48h_observed_survival_km,0.9341837307990893,0.0,3
official,validation_pruned,20,48h_precision,0.5426396868116571,0.07880849569715946,3
official,validation_pruned,20,48h_predicted_survival_mean,0.9269467525322167,0.0007120761696129012,3
official,validation_pruned,20,48h_recall,0.8950360993276779,0.027018831087887652,3
official,validation_pruned,20,48h_threshold,0.149605189808556,0.04329229145159643,3
official,validation_pruned,20,48h_tn_ipcw,1075.9429100535206,20.59302624641445,3
official,validation_pruned,20,48h_tp_ipcw,75.00055456926623,2.2640732780801684,3
official,validation_pruned,20,48h_tss,0.8377383834933768,0.014914276794169585,3
official,validation_pruned,20,72h_alert_fraction,0.12470588235294118,0.017410174808174993,3
official,validation_pruned,20,72h_auc,0.9656822542218775,0.0012768825557501581,3
official,validation_pruned,20,72h_average_precision,0.817001478502856,0.0032949745071342122,3
official,validation_pruned,20,72h_brier,0.02637704148268168,0.0003223436810151443,3
official,validation_pruned,20,72h_bss,0.60932615862464,0.004774274786955965,3
official,validation_pruned,20,72h_calibration_intercept,-0.40772276225965004,0.041571437064242774,3
official,validation_pruned,20,72h_calibration_slope,1.1878456387484344,0.02716179425092737,3
official,validation_pruned,20,72h_ece,0.021149194034716656,0.0012147753894330212,3
official,validation_pruned,20,72h_f1,0.7005279624462705,0.04295236518748774,3
official,validation_pruned,20,72h_far,0.3967399702385937,0.07390596431327828,3
official,validation_pruned,20,72h_fn_ipcw,14.274118796397412,2.5407580537660586,3
official,validation_pruned,20,72h_fp_ipcw,52.214596378752425,18.832398466981733,3
official,validation_pruned,20,72h_hss2,0.6724115617465317,0.04911454220526649,3
official,validation_pruned,20,72h_km_reference_brier,0.06751678430739513,0.0,3
official,validation_pruned,20,72h_known_count,850.0,0.0,3
official,validation_pruned,20,72h_observed_survival_km,0.9283200097187064,0.0,3
official,validation_pruned,20,72h_precision,0.6032600297614062,0.07390596431327826,3
official,validation_pruned,20,72h_predicted_survival_mean,0.9175641171535688,0.0007683691772925542,3
official,validation_pruned,20,72h_recall,0.8431790311591069,0.02791374691952668,3
official,validation_pruned,20,72h_threshold,0.21513101875365717,0.052949814340741065,3
official,validation_pruned,20,72h_tn_ipcw,1103.033348501145,18.83239846698171,3
official,validation_pruned,20,72h_tp_ipcw,76.74762977397131,2.5407580537660452,3
official,validation_pruned,20,72h_tss,0.7979812910461123,0.011891786533771985,3
official,validation_pruned,20,event_censored_c_index,0.962165125592528,0.0019069357143985017,3
official,validation_pruned,20,event_censored_fraction,0.9452370344389568,0.0,3
official,validation_pruned,20,event_censored_pairs,99714.0,0.0,3
official,validation_pruned,20,event_event_c_index,0.6877848941203624,0.006514489233256133,3
official,validation_pruned,20,event_event_fraction,0.054762965561043125,0.0,3
official,validation_pruned,20,event_event_pairs,5777.0,0.0,3
official,validation_pruned,20,harrell_c_index,0.9471397515135429,0.0014868248006238301,3
official,validation_pruned,20,integrated_auc,0.9620870259694935,0.0015895556548468778,3
official,validation_pruned,20,integrated_brier_score,0.027471356022912757,0.0005405403277345952,3
official,validation_pruned,20,uno_c_index,0.8176132338655524,0.018570799510912228,3
