sample_id,group_id,prediction_start,event_time,event_id,event_class,partition
1__event_anchor_000,1,2010-05-01 03:48:00,,,,1
10__event_anchor_000,10,2010-05-03 03:00:00,,,,1
100__event_anchor_000,100,2010-07-24 04:24:00,,,,1
1001__event_anchor_000,1001,2011-10-22 21:48:00,,,,1
1005__event_anchor_000,1005,2011-10-24 03:24:00,,,,1
1006__event_anchor_000,1006,2011-10-24 16:48:00,,,,1
1007__event_anchor_000,1007,2011-10-24 19:00:00,,,,1
1008__event_anchor_000,1008,2011-10-26 06:48:00,,,,1
1009__event_anchor_000,1009,2011-10-26 07:36:00,,,,1
101__event_anchor_000,101,2010-07-24 16:24:00,,,,1
1010__event_anchor_000,1010,2011-10-26 11:48:00,,,,1
1012__event_anchor_000,1012,2011-10-27 04:24:00,,,,1
1015__event_anchor_000,1015,2011-10-27 11:48:00,,,,1
1016__event_anchor_000,1016,2011-10-28 09:36:00,,,,1
1018__event_anchor_000,1018,2011-10-29 10:24:00,,,,1
1019__event_anchor_000,1019,2011-10-29 16:12:00,2011-10-31 14:55:00,2722.0,M1.1,1
1019__event_anchor_001,1019,2011-10-31 18:48:00,,,,1
1021__event_anchor_000,1021,2011-10-30 03:00:00,,,,1
1023__event_anchor_000,1023,2011-10-30 20:12:00,,,,1
1024__event_anchor_000,1024,2011-10-31 09:36:00,,,,1
1026__event_anchor_000,1026,2011-10-31 20:00:00,,,,1
1027__event_anchor_000,1027,2011-11-01 05:12:00,,,,1
1028__event_anchor_000,1028,2011-11-01 06:36:00,2011-11-02 21:52:00,2738.0,M4.3,1
1028__event_anchor_001,1028,2011-11-03 01:48:00,2011-11-03 10:58:00,2745.0,M2.5,1
1028__event_anchor_002,1028,2011-11-03 14:48:00,2011-11-03 20:16:00,2750.0,X1.9,1
1028__event_anchor_003,1028,2011-11-04 00:12:00,2011-11-04 20:31:00,2760.0,M1.0,1
1028__event_anchor_004,1028,2011-11-05 00:24:00,2011-11-05 03:08:00,2763.0,M3.7,1
1028__event_anchor_005,1028,2011-11-05 07:00:00,2011-11-05 11:10:00,2766.0,M1.1,1
1028__event_anchor_006,1028,2011-11-05 15:00:00,2011-11-05 20:31:00,2768.0,M1.8,1
1028__event_anchor_007,1028,2011-11-06 00:24:00,2011-11-06 00:46:00,2770.0,M1.2,1
1028__event_anchor_008,1028,2011-11-06 04:36:00,2011-11-06 06:14:00,2773.0,M1.4,1
1028__event_anchor_009,1028,2011-11-06 10:12:00,2011-11-15 09:03:00,2815.0,M1.2,1
1028__event_anchor_010,1028,2011-11-15 13:00:00,2011-11-15 22:27:00,2821.0,M1.1,1
1028__event_anchor_011,1028,2011-11-16 02:24:00,,,,1
1029__event_anchor_000,1029,2011-11-01 07:00:00,,,,1
1030__event_anchor_000,1030,2011-11-01 11:12:00,,,,1
1035__event_anchor_000,1035,2011-11-02 21:12:00,,,,1
1036__event_anchor_000,1036,2011-11-03 00:12:00,,,,1
1038__event_anchor_000,1038,2011-11-04 09:00:00,,,,1
1039__event_anchor_000,1039,2011-11-04 11:00:00,,,,1
104__event_anchor_000,104,2010-07-27 23:24:00,,,,1
1041__event_anchor_000,1041,2011-11-05 04:00:00,2011-11-09 13:04:00,2789.0,M1.1,1
1041__event_anchor_001,1041,2011-11-09 17:00:00,,,,1
1043__event_anchor_000,1043,2011-11-05 09:12:00,,,,1
1045__event_anchor_000,1045,2011-11-05 20:24:00,,,,1
1046__event_anchor_000,1046,2011-11-06 03:00:00,,,,1
1048__event_anchor_000,1048,2011-11-07 01:48:00,,,,1
105__event_anchor_000,105,2010-07-28 02:00:00,,,,1
1052__event_anchor_000,1052,2011-11-08 05:12:00,,,,1
1055__event_anchor_000,1055,2011-11-09 01:00:00,,,,1
1060__event_anchor_000,1060,2011-11-10 01:48:00,,,,1
1062__event_anchor_000,1062,2011-11-10 09:12:00,,,,1
1063__event_anchor_000,1063,2011-11-10 13:00:00,,,,1
1064__event_anchor_000,1064,2011-11-11 12:36:00,,,,1
1066__event_anchor_000,1066,2011-11-11 17:00:00,2011-11-15 12:30:00,2816.0,M1.9,1
1066__event_anchor_001,1066,2011-11-15 16:24:00,,,,1
1069__event_anchor_000,1069,2011-11-12 02:12:00,,,,1
107__event_anchor_000,107,2010-07-28 16:24:00,,,,1
1071__event_anchor_000,1071,2011-11-12 11:00:00,,,,1
1072__event_anchor_000,1072,2011-11-12 11:24:00,,,,1
1075__event_anchor_000,1075,2011-11-12 20:36:00,,,,1
1076__event_anchor_000,1076,2011-11-13 02:00:00,,,,1
1078__event_anchor_000,1078,2011-11-13 14:36:00,,,,1
1079__event_anchor_000,1079,2011-11-13 17:24:00,,,,1
1080__event_anchor_000,1080,2011-11-14 08:00:00,,,,1
1082__event_anchor_000,1082,2011-11-14 16:00:00,,,,1
1085__event_anchor_000,1085,2011-11-15 10:48:00,,,,1
1088__event_anchor_000,1088,2011-11-15 15:00:00,,,,1
1089__event_anchor_000,1089,2011-11-15 15:48:00,,,,1
1090__event_anchor_000,1090,2011-11-16 08:00:00,,,,1
1092__event_anchor_000,1092,2011-11-17 01:12:00,,,,1
1093__event_anchor_000,1093,2011-11-17 02:36:00,,,,1
1094__event_anchor_000,1094,2011-11-17 05:36:00,,,,1
11__event_anchor_000,11,2010-05-03 08:24:00,,,,1
1101__event_anchor_000,1101,2011-11-18 14:48:00,,,,1
1108__event_anchor_000,1108,2011-11-20 01:48:00,,,,1
1109__event_anchor_000,1109,2011-11-20 10:24:00,,,,1
1113__event_anchor_000,1113,2011-11-22 14:12:00,,,,1
1115__event_anchor_000,1115,2011-11-23 02:12:00,,,,1
1118__event_anchor_000,1118,2011-11-25 14:24:00,,,,1
1119__event_anchor_000,1119,2011-11-26 09:12:00,,,,1
1120__event_anchor_000,1120,2011-11-27 09:48:00,,,,1
1122__event_anchor_000,1122,2011-11-28 16:24:00,,,,1
1124__event_anchor_000,1124,2011-11-28 20:12:00,,,,1
1126__event_anchor_000,1126,2011-11-29 03:36:00,,,,1
113__event_anchor_000,113,2010-08-02 12:24:00,,,,1
1133__event_anchor_000,1133,2011-12-01 08:00:00,,,,1
1136__event_anchor_000,1136,2011-12-01 16:36:00,,,,1
114__event_anchor_000,114,2010-08-03 09:36:00,,,,1
1144__event_anchor_000,1144,2011-12-03 01:12:00,,,,1
1148__event_anchor_000,1148,2011-12-03 14:12:00,,,,1
1149__event_anchor_000,1149,2011-12-03 17:48:00,,,,1
115__event_anchor_000,115,2010-08-03 14:24:00,2010-08-07 17:55:00,265.0,M1.0,1
115__event_anchor_001,115,2010-08-07 21:48:00,,,,1
1152__event_anchor_000,1152,2011-12-04 02:00:00,,,,1
116__event_anchor_000,116,2010-08-03 16:36:00,,,,1
1164__event_anchor_000,1164,2011-12-05 06:24:00,,,,1
1165__event_anchor_000,1165,2011-12-05 21:24:00,,,,1
1168__event_anchor_000,1168,2011-12-07 14:36:00,,,,1
1169__event_anchor_000,1169,2011-12-07 16:36:00,,,,1
1170__event_anchor_000,1170,2011-12-07 20:00:00,,,,1
1171__event_anchor_000,1171,2011-12-07 20:36:00,,,,1
1175__event_anchor_000,1175,2011-12-08 15:48:00,,,,1
1176__event_anchor_000,1176,2011-12-09 08:36:00,,,,1
1177__event_anchor_000,1177,2011-12-09 14:48:00,,,,1
1178__event_anchor_000,1178,2011-12-09 15:36:00,,,,1
1179__event_anchor_000,1179,2011-12-09 16:48:00,,,,1
1180__event_anchor_000,1180,2011-12-09 22:48:00,,,,1
1181__event_anchor_000,1181,2011-12-11 05:48:00,,,,1
1183__event_anchor_000,1183,2011-12-11 12:12:00,,,,1
1184__event_anchor_000,1184,2011-12-11 15:12:00,,,,1
1186__event_anchor_000,1186,2011-12-12 08:48:00,,,,1
1187__event_anchor_000,1187,2011-12-12 16:48:00,,,,1
1188__event_anchor_000,1188,2011-12-12 17:00:00,,,,1
1197__event_anchor_000,1197,2011-12-14 15:48:00,,,,1
1199__event_anchor_000,1199,2011-12-14 20:48:00,,,,1
12__event_anchor_000,12,2010-05-03 09:00:00,,,,1
1201__event_anchor_000,1201,2011-12-15 17:24:00,,,,1
1204__event_anchor_000,1204,2011-12-15 21:36:00,,,,1
1205__event_anchor_000,1205,2011-12-15 22:24:00,,,,1
1206__event_anchor_000,1206,2011-12-16 10:48:00,,,,1
1209__event_anchor_000,1209,2011-12-17 00:12:00,2011-12-25 18:11:00,3041.0,M4.0,1
1209__event_anchor_001,1209,2011-12-25 22:00:00,2011-12-26 02:13:00,3043.0,M1.5,1
1209__event_anchor_002,1209,2011-12-26 06:12:00,2011-12-26 20:12:00,3046.0,M2.3,1
1209__event_anchor_003,1209,2011-12-27 00:00:00,,,,1
1210__event_anchor_000,1210,2011-12-17 04:12:00,,,,1
1214__event_anchor_000,1214,2011-12-17 15:36:00,,,,1
1215__event_anchor_000,1215,2011-12-18 00:36:00,,,,1
1218__event_anchor_000,1218,2011-12-18 10:00:00,,,,1
1220__event_anchor_000,1220,2011-12-18 19:24:00,,,,1
1221__event_anchor_000,1221,2011-12-18 20:12:00,,,,1
1222__event_anchor_000,1222,2011-12-19 02:00:00,,,,1
1224__event_anchor_000,1224,2011-12-19 07:00:00,,,,1
1226__event_anchor_000,1226,2011-12-19 20:24:00,,,,1
1232__event_anchor_000,1232,2011-12-22 06:48:00,,,,1
1233__event_anchor_000,1233,2011-12-22 13:00:00,,,,1
1235__event_anchor_000,1235,2011-12-22 14:36:00,,,,1
1237__event_anchor_000,1237,2011-12-22 22:24:00,,,,1
1238__event_anchor_000,1238,2011-12-22 23:00:00,,,,1
124__event_anchor_000,124,2010-08-07 14:24:00,,,,1
1241__event_anchor_000,1241,2011-12-23 18:12:00,,,,1
1242__event_anchor_000,1242,2011-12-24 06:36:00,,,,1
1245__event_anchor_000,1245,2011-12-25 08:48:00,,,,1
1246__event_anchor_000,1246,2011-12-25 10:48:00,,,,1
1248__event_anchor_000,1248,2011-12-25 19:12:00,,,,1
1249__event_anchor_000,1249,2011-12-26 00:48:00,,,,1
1252__event_anchor_000,1252,2011-12-26 10:12:00,,,,1
1253__event_anchor_000,1253,2011-12-26 10:24:00,,,,1
1256__event_anchor_000,1256,2011-12-26 15:12:00,2011-12-29 13:40:00,3080.0,M1.9,1
1256__event_anchor_001,1256,2011-12-29 17:36:00,2011-12-29 21:43:00,3087.0,M2.0,1
1256__event_anchor_002,1256,2011-12-30 01:36:00,2011-12-30 03:03:00,3089.0,M1.2,1
1256__event_anchor_003,1256,2011-12-30 07:00:00,2011-12-31 13:09:00,3102.0,M2.4,1
1256__event_anchor_004,1256,2011-12-31 17:00:00,,,,1
1258__event_anchor_000,1258,2011-12-27 13:24:00,,,,1
126__event_anchor_000,126,2010-08-08 18:24:00,,,,1
1269__event_anchor_000,1269,2011-12-29 04:36:00,,,,1
1270__event_anchor_000,1270,2011-12-30 01:12:00,,,,1
1271__event_anchor_000,1271,2011-12-30 17:12:00,,,,1
1272__event_anchor_000,1272,2011-12-31 10:36:00,,,,1
1273__event_anchor_000,1273,2012-01-01 09:36:00,,,,1
1274__event_anchor_000,1274,2012-01-01 12:12:00,,,,1
1275__event_anchor_000,1275,2012-01-01 23:12:00,,,,1
1278__event_anchor_000,1278,2012-01-02 08:36:00,,,,1
1279__event_anchor_000,1279,2012-01-02 16:12:00,,,,1
128__event_anchor_000,128,2010-08-09 21:00:00,,,,1
1282__event_anchor_000,1282,2012-01-03 05:12:00,,,,1
1284__event_anchor_000,1284,2012-01-03 17:24:00,,,,1
1287__event_anchor_000,1287,2012-01-05 05:36:00,,,,1
129__event_anchor_000,129,2010-08-10 02:48:00,,,,1
1291__event_anchor_000,1291,2012-01-05 16:48:00,,,,1
1292__event_anchor_000,1292,2012-01-05 18:24:00,,,,1
1293__event_anchor_000,1293,2012-01-06 02:12:00,,,,1
1294__event_anchor_000,1294,2012-01-06 02:24:00,,,,1
1295__event_anchor_000,1295,2012-01-06 06:00:00,,,,1
1298__event_anchor_000,1298,2012-01-06 18:12:00,,,,1
1299__event_anchor_000,1299,2012-01-07 04:48:00,,,,1
130__event_anchor_000,130,2010-08-10 03:12:00,,,,1
1300__event_anchor_000,1300,2012-01-07 05:36:00,,,,1
1302__event_anchor_000,1302,2012-01-08 20:48:00,,,,1
1303__event_anchor_000,1303,2012-01-09 11:48:00,,,,1
1304__event_anchor_000,1304,2012-01-10 04:24:00,,,,1
1305__event_anchor_000,1305,2012-01-10 14:00:00,,,,1
1307__event_anchor_000,1307,2012-01-11 07:48:00,,,,1
1308__event_anchor_000,1308,2012-01-11 10:00:00,,,,1
1309__event_anchor_000,1309,2012-01-11 16:36:00,,,,1
131__event_anchor_000,131,2010-08-11 03:00:00,,,,1
1312__event_anchor_000,1312,2012-01-13 02:00:00,,,,1
1313__event_anchor_000,1313,2012-01-13 10:12:00,,,,1
1318__event_anchor_000,1318,2012-01-13 20:36:00,,,,1
1319__event_anchor_000,1319,2012-01-14 05:48:00,,,,1
1320__event_anchor_000,1320,2012-01-14 08:12:00,,,,1
1321__event_anchor_000,1321,2012-01-14 10:12:00,2012-01-14 13:14:00,3165.0,M1.4,1
1321__event_anchor_001,1321,2012-01-14 17:12:00,2012-01-17 04:41:00,3179.0,M1.0,1
1321__event_anchor_002,1321,2012-01-17 08:36:00,2012-01-18 19:04:00,3189.0,M1.7,1
1321__event_anchor_003,1321,2012-01-18 23:00:00,2012-01-19 13:44:00,3194.0,M3.2,1
1321__event_anchor_004,1321,2012-01-19 17:36:00,2012-01-23 03:38:00,3206.0,M8.7,1
1321__event_anchor_005,1321,2012-01-23 07:36:00,2012-01-27 17:37:00,3223.0,X1.7,1
1321__event_anchor_006,1321,2012-01-27 21:36:00,,,,1
1325__event_anchor_000,1325,2012-01-15 08:12:00,,,,1
1326__event_anchor_000,1326,2012-01-15 10:48:00,,,,1
1327__event_anchor_000,1327,2012-01-15 10:48:00,,,,1
1329__event_anchor_000,1329,2012-01-16 01:48:00,,,,1
133__event_anchor_000,133,2010-08-13 03:48:00,,,,1
1330__event_anchor_000,1330,2012-01-16 07:24:00,,,,1
1331__event_anchor_000,1331,2012-01-16 11:00:00,,,,1
1332__event_anchor_000,1332,2012-01-16 15:12:00,,,,1
1333__event_anchor_000,1333,2012-01-16 16:12:00,,,,1
1335__event_anchor_000,1335,2012-01-17 19:00:00,,,,1
1336__event_anchor_000,1336,2012-01-18 01:48:00,,,,1
1338__event_anchor_000,1338,2012-01-20 20:12:00,,,,1
1339__event_anchor_000,1339,2012-01-21 01:36:00,,,,1
1340__event_anchor_000,1340,2012-01-21 08:12:00,,,,1
1342__event_anchor_000,1342,2012-01-22 01:48:00,,,,1
1343__event_anchor_000,1343,2012-01-23 03:12:00,,,,1
1345__event_anchor_000,1345,2012-01-24 04:12:00,,,,1
1348__event_anchor_000,1348,2012-01-25 17:12:00,,,,1
1349__event_anchor_000,1349,2012-01-26 01:36:00,,,,1
135__event_anchor_000,135,2010-08-15 12:00:00,,,,1
1350__event_anchor_000,1350,2012-01-26 06:48:00,2012-02-06 19:31:00,3246.0,M1.0,1
1350__event_anchor_001,1350,2012-02-06 23:24:00,,,,1
1353__event_anchor_000,1353,2012-01-26 16:24:00,,,,1
1354__event_anchor_000,1354,2012-01-26 16:48:00,,,,1
1355__event_anchor_000,1355,2012-01-27 00:48:00,,,,1
1357__event_anchor_000,1357,2012-01-27 12:12:00,,,,1
1359__event_anchor_000,1359,2012-01-27 14:36:00,,,,1
1365__event_anchor_000,1365,2012-01-30 00:12:00,,,,1
1366__event_anchor_000,1366,2012-01-30 13:24:00,,,,1
1367__event_anchor_000,1367,2012-01-30 15:48:00,,,,1
1368__event_anchor_000,1368,2012-01-30 16:48:00,,,,1
1372__event_anchor_000,1372,2012-01-31 13:36:00,,,,1
1379__event_anchor_000,1379,2012-02-02 06:36:00,,,,1
1380__event_anchor_000,1380,2012-02-04 09:48:00,,,,1
1381__event_anchor_000,1381,2012-02-04 13:12:00,,,,1
1382__event_anchor_000,1382,2012-02-04 16:12:00,,,,1
1384__event_anchor_000,1384,2012-02-05 14:48:00,,,,1
1385__event_anchor_000,1385,2012-02-07 07:12:00,,,,1
1386__event_anchor_000,1386,2012-02-07 18:00:00,,,,1
1387__event_anchor_000,1387,2012-02-08 09:24:00,,,,1
1388__event_anchor_000,1388,2012-02-08 12:36:00,,,,1
1389__event_anchor_000,1389,2012-02-08 17:48:00,,,,1
1390__event_anchor_000,1390,2012-02-09 05:00:00,,,,1
1391__event_anchor_000,1391,2012-02-09 07:48:00,,,,1
1393__event_anchor_000,1393,2012-02-09 23:24:00,,,,1
1394__event_anchor_000,1394,2012-02-11 05:36:00,,,,1
1396__event_anchor_000,1396,2012-02-12 04:12:00,,,,1
1397__event_anchor_000,1397,2012-02-12 07:24:00,,,,1
1398__event_anchor_000,1398,2012-02-12 09:00:00,,,,1
1399__event_anchor_000,1399,2012-02-12 12:12:00,,,,1
14__event_anchor_000,14,2010-05-05 07:00:00,,,,1
140__event_anchor_000,140,2010-08-21 14:00:00,,,,1
1400__event_anchor_000,1400,2012-02-12 19:24:00,,,,1
1404__event_anchor_000,1404,2012-02-14 12:36:00,,,,1
1405__event_anchor_000,1405,2012-02-15 13:24:00,,,,1
1406__event_anchor_000,1406,2012-02-15 20:12:00,,,,1
1408__event_anchor_000,1408,2012-02-16 16:24:00,,,,1
1409__event_anchor_000,1409,2012-02-16 21:00:00,,,,1
141__event_anchor_000,141,2010-08-21 16:00:00,,,,1
1410__event_anchor_000,1410,2012-02-18 03:48:00,,,,1
1415__event_anchor_000,1415,2012-02-18 15:48:00,,,,1
1417__event_anchor_000,1417,2012-02-19 07:36:00,,,,1
1419__event_anchor_000,1419,2012-02-20 06:36:00,,,,1
1420__event_anchor_000,1420,2012-02-21 19:00:00,,,,1
1422__event_anchor_000,1422,2012-02-23 00:12:00,,,,1
1423__event_anchor_000,1423,2012-02-23 00:12:00,,,,1
1424__event_anchor_000,1424,2012-02-25 03:12:00,,,,1
1425__event_anchor_000,1425,2012-02-25 03:12:00,,,,1
1426__event_anchor_000,1426,2012-02-25 03:12:00,,,,1
1429__event_anchor_000,1429,2012-02-25 03:12:00,,,,1
1430__event_anchor_000,1430,2012-02-25 03:12:00,,,,1
1431__event_anchor_000,1431,2012-02-25 03:12:00,,,,1
1432__event_anchor_000,1432,2012-02-25 10:48:00,,,,1
1433__event_anchor_000,1433,2012-02-26 02:36:00,,,,1
1436__event_anchor_000,1436,2012-02-26 12:24:00,,,,1
1438__event_anchor_000,1438,2012-02-26 20:36:00,,,,1
1439__event_anchor_000,1439,2012-02-28 06:48:00,,,,1
1441__event_anchor_000,1441,2012-02-28 13:48:00,,,,1
1442__event_anchor_000,1442,2012-02-28 23:00:00,,,,1
1445__event_anchor_000,1445,2012-03-01 15:00:00,,,,1
1446__event_anchor_000,1446,2012-03-01 15:24:00,,,,1
1447__event_anchor_000,1447,2012-03-01 17:24:00,,,,1
1448__event_anchor_000,1448,2012-03-01 18:24:00,,,,1
1449__event_anchor_000,1449,2012-03-02 20:12:00,2012-03-04 10:29:00,3346.0,M2.0,1
1449__event_anchor_001,1449,2012-03-04 14:24:00,2012-03-05 02:30:00,3350.0,X1.1,1
1449__event_anchor_002,1449,2012-03-05 06:24:00,2012-03-05 19:10:00,3360.0,M2.1,1
1449__event_anchor_003,1449,2012-03-05 23:00:00,2012-03-06 00:22:00,3367.0,M1.3,1
1449__event_anchor_004,1449,2012-03-06 04:12:00,2012-03-06 07:52:00,3377.0,M1.0,1
1449__event_anchor_005,1449,2012-03-06 11:48:00,2012-03-06 12:23:00,3379.0,M2.1,1
1449__event_anchor_006,1449,2012-03-06 16:12:00,2012-03-06 21:04:00,3383.0,M1.3,1
1449__event_anchor_007,1449,2012-03-07 01:00:00,2012-03-07 01:05:00,3387.0,X1.3,1
1449__event_anchor_008,1449,2012-03-07 05:00:00,2012-03-09 03:22:00,3399.0,M6.3,1
1449__event_anchor_009,1449,2012-03-09 07:12:00,2012-03-10 17:15:00,3415.0,M8.4,1
1449__event_anchor_010,1449,2012-03-10 21:12:00,2012-03-13 17:12:00,3429.0,M7.9,1
1449__event_anchor_011,1449,2012-03-13 21:00:00,,,,1
145__event_anchor_000,145,2010-08-24 02:12:00,,,,1
146__event_anchor_000,146,2010-08-25 00:00:00,,,,1
147__event_anchor_000,147,2010-08-25 02:00:00,,,,1
15__event_anchor_000,15,2010-05-05 16:48:00,,,,1
150__event_anchor_000,150,2010-08-27 06:12:00,,,,1
152__event_anchor_000,152,2010-08-31 16:36:00,,,,1
154__event_anchor_000,154,2010-09-01 11:24:00,,,,1
155__event_anchor_000,155,2010-09-01 13:24:00,,,,1
156__event_anchor_000,156,2010-09-02 06:00:00,,,,1
158__event_anchor_000,158,2010-09-02 17:24:00,,,,1
16__event_anchor_000,16,2010-05-05 20:36:00,,,,1
161__event_anchor_000,161,2010-09-03 07:12:00,,,,1
166__event_anchor_000,166,2010-09-04 07:36:00,,,,1
168__event_anchor_000,168,2010-09-08 13:12:00,,,,1
17__event_anchor_000,17,2010-05-06 20:48:00,,,,1
171__event_anchor_000,171,2010-09-08 20:48:00,,,,1
173__event_anchor_000,173,2010-09-09 22:00:00,,,,1
174__event_anchor_000,174,2010-09-10 13:12:00,,,,1
175__event_anchor_000,175,2010-09-10 14:36:00,,,,1
176__event_anchor_000,176,2010-09-10 20:36:00,,,,1
178__event_anchor_000,178,2010-09-11 03:00:00,,,,1
181__event_anchor_000,181,2010-09-11 22:48:00,,,,1
182__event_anchor_000,182,2010-09-12 04:00:00,,,,1
183__event_anchor_000,183,2010-09-12 10:12:00,,,,1
184__event_anchor_000,184,2010-09-14 00:00:00,,,,1
185__event_anchor_000,185,2010-09-15 23:48:00,,,,1
186__event_anchor_000,186,2010-09-18 18:00:00,,,,1
187__event_anchor_000,187,2010-09-21 09:24:00,,,,1
189__event_anchor_000,189,2010-09-22 03:36:00,,,,1
19__event_anchor_000,19,2010-05-12 16:12:00,,,,1
190__event_anchor_000,190,2010-09-22 07:24:00,,,,1
191__event_anchor_000,191,2010-09-22 21:00:00,,,,1
195__event_anchor_000,195,2010-09-26 12:36:00,,,,1
198__event_anchor_000,198,2010-09-27 23:48:00,,,,1
199__event_anchor_000,199,2010-09-28 21:12:00,,,,1
2__event_anchor_000,2,2010-05-01 03:48:00,,,,1
20__event_anchor_000,20,2010-05-13 11:48:00,,,,1
200__event_anchor_000,200,2010-09-29 07:12:00,,,,1
201__event_anchor_000,201,2010-09-29 19:00:00,,,,1
204__event_anchor_000,204,2010-09-30 23:00:00,,,,1
206__event_anchor_000,206,2010-10-04 06:48:00,,,,1
207__event_anchor_000,207,2010-10-04 16:24:00,,,,1
208__event_anchor_000,208,2010-10-05 09:12:00,,,,1
211__event_anchor_000,211,2010-10-08 12:00:00,2010-10-16 19:07:00,516.0,M2.9,1
211__event_anchor_001,211,2010-10-16 23:00:00,,,,1
214__event_anchor_000,214,2010-10-10 18:48:00,,,,1
217__event_anchor_000,217,2010-10-13 04:48:00,,,,1
218__event_anchor_000,218,2010-10-13 06:12:00,,,,1
219__event_anchor_000,219,2010-10-14 08:00:00,,,,1
220__event_anchor_000,220,2010-10-14 12:12:00,,,,1
221__event_anchor_000,221,2010-10-16 23:12:00,,,,1
223__event_anchor_000,223,2010-10-18 05:48:00,,,,1
224__event_anchor_000,224,2010-10-18 07:48:00,,,,1
225__event_anchor_000,225,2010-10-18 12:12:00,,,,1
226__event_anchor_000,226,2010-10-18 23:24:00,,,,1
228__event_anchor_000,228,2010-10-19 08:00:00,,,,1
229__event_anchor_000,229,2010-10-19 13:12:00,,,,1
23__event_anchor_000,23,2010-05-19 05:00:00,,,,1
233__event_anchor_000,233,2010-10-22 20:12:00,,,,1
234__event_anchor_000,234,2010-10-24 05:00:00,,,,1
239__event_anchor_000,239,2010-10-28 15:36:00,,,,1
24__event_anchor_000,24,2010-05-19 06:36:00,,,,1
241__event_anchor_000,241,2010-10-29 20:00:00,,,,1
243__event_anchor_000,243,2010-10-30 08:48:00,,,,1
245__event_anchor_000,245,2010-11-04 03:12:00,2010-11-04 23:30:00,649.0,M1.6,1
245__event_anchor_001,245,2010-11-05 03:24:00,2010-11-05 12:43:00,659.0,M1.0,1
245__event_anchor_002,245,2010-11-05 16:36:00,2010-11-06 15:27:00,673.0,M5.4,1
245__event_anchor_003,245,2010-11-06 19:24:00,,,,1
248__event_anchor_000,248,2010-11-06 04:36:00,,,,1
25__event_anchor_000,25,2010-05-19 08:36:00,,,,1
250__event_anchor_000,250,2010-11-08 17:00:00,,,,1
252__event_anchor_000,252,2010-11-09 20:24:00,,,,1
256__event_anchor_000,256,2010-11-12 06:12:00,,,,1
257__event_anchor_000,257,2010-11-13 02:12:00,,,,1
259__event_anchor_000,259,2010-11-15 20:12:00,,,,1
26__event_anchor_000,26,2010-05-20 20:12:00,,,,1
260__event_anchor_000,260,2010-11-15 22:12:00,,,,1
261__event_anchor_000,261,2010-11-16 10:24:00,,,,1
266__event_anchor_000,266,2010-11-21 01:24:00,,,,1
267__event_anchor_000,267,2010-11-21 07:48:00,,,,1
268__event_anchor_000,268,2010-11-22 20:24:00,,,,1
270__event_anchor_000,270,2010-11-24 06:24:00,,,,1
273__event_anchor_000,273,2010-11-27 14:12:00,,,,1
274__event_anchor_000,274,2010-11-27 19:00:00,,,,1
275__event_anchor_000,275,2010-11-29 15:12:00,,,,1
279__event_anchor_000,279,2010-12-01 09:36:00,,,,1
281__event_anchor_000,281,2010-12-03 01:36:00,,,,1
282__event_anchor_000,282,2010-12-03 07:36:00,,,,1
284__event_anchor_000,284,2010-12-03 23:36:00,,,,1
285__event_anchor_000,285,2010-12-04 03:00:00,,,,1
287__event_anchor_000,287,2010-12-04 22:00:00,,,,1
29__event_anchor_000,29,2010-05-22 15:48:00,,,,1
290__event_anchor_000,290,2010-12-06 12:12:00,,,,1
291__event_anchor_000,291,2010-12-06 20:24:00,,,,1
292__event_anchor_000,292,2010-12-06 20:48:00,,,,1
294__event_anchor_000,294,2010-12-08 11:00:00,,,,1
296__event_anchor_000,296,2010-12-09 15:24:00,,,,1
297__event_anchor_000,297,2010-12-11 22:36:00,,,,1
301__event_anchor_000,301,2010-12-15 15:48:00,,,,1
303__event_anchor_000,303,2010-12-15 19:48:00,,,,1
305__event_anchor_000,305,2010-12-16 12:36:00,,,,1
306__event_anchor_000,306,2010-12-16 19:36:00,,,,1
307__event_anchor_000,307,2010-12-16 20:48:00,,,,1
313__event_anchor_000,313,2010-12-21 16:24:00,,,,1
314__event_anchor_000,314,2010-12-22 01:48:00,,,,1
315__event_anchor_000,315,2010-12-22 14:24:00,,,,1
316__event_anchor_000,316,2010-12-24 11:36:00,,,,1
317__event_anchor_000,317,2010-12-25 08:00:00,,,,1
318__event_anchor_000,318,2010-12-26 13:24:00,,,,1
319__event_anchor_000,319,2010-12-26 14:12:00,,,,1
32__event_anchor_000,32,2010-05-23 05:12:00,,,,1
320__event_anchor_000,320,2010-12-27 21:12:00,,,,1
321__event_anchor_000,321,2010-12-29 03:24:00,,,,1
323__event_anchor_000,323,2010-12-30 10:48:00,,,,1
324__event_anchor_000,324,2010-12-30 18:12:00,,,,1
325__event_anchor_000,325,2010-12-31 01:24:00,,,,1
327__event_anchor_000,327,2010-12-31 12:48:00,,,,1
330__event_anchor_000,330,2011-01-02 20:48:00,,,,1
331__event_anchor_000,331,2011-01-03 12:24:00,,,,1
334__event_anchor_000,334,2011-01-06 00:12:00,,,,1
335__event_anchor_000,335,2011-01-06 04:36:00,,,,1
336__event_anchor_000,336,2011-01-06 09:24:00,,,,1
338__event_anchor_000,338,2011-01-08 13:00:00,,,,1
340__event_anchor_000,340,2011-01-08 16:12:00,,,,1
341__event_anchor_000,341,2011-01-08 19:24:00,,,,1
342__event_anchor_000,342,2011-01-10 14:36:00,,,,1
344__event_anchor_000,344,2011-01-13 00:36:00,,,,1
345__event_anchor_000,345,2011-01-15 06:12:00,,,,1
346__event_anchor_000,346,2011-01-15 18:00:00,,,,1
347__event_anchor_000,347,2011-01-17 05:48:00,,,,1
35__event_anchor_000,35,2010-05-24 17:00:00,,,,1
350__event_anchor_000,350,2011-01-22 02:48:00,,,,1
351__event_anchor_000,351,2011-01-22 23:36:00,,,,1
354__event_anchor_000,354,2011-01-27 01:48:00,,,,1
355__event_anchor_000,355,2011-01-28 03:12:00,,,,1
356__event_anchor_000,356,2011-01-30 09:24:00,,,,1
357__event_anchor_000,357,2011-01-30 17:24:00,,,,1
358__event_anchor_000,358,2011-01-30 22:24:00,,,,1
359__event_anchor_000,359,2011-01-30 23:48:00,,,,1
36__event_anchor_000,36,2010-05-25 06:00:00,,,,1
361__event_anchor_000,361,2011-02-02 19:12:00,,,,1
362__event_anchor_000,362,2011-02-03 08:36:00,2011-02-09 01:23:00,1129.0,M1.9,1
362__event_anchor_001,362,2011-02-09 05:12:00,,,,1
364__event_anchor_000,364,2011-02-06 17:36:00,,,,1
366__event_anchor_000,366,2011-02-08 06:24:00,,,,1
367__event_anchor_000,367,2011-02-08 07:48:00,,,,1
368__event_anchor_000,368,2011-02-08 09:48:00,,,,1
369__event_anchor_000,369,2011-02-08 12:00:00,,,,1
37__event_anchor_000,37,2010-05-25 07:24:00,,,,1
371__event_anchor_000,371,2011-02-10 08:24:00,,,,1
372__event_anchor_000,372,2011-02-10 14:12:00,,,,1
377__event_anchor_000,377,2011-02-11 01:48:00,2011-02-13 17:28:00,1175.0,M6.6,1
377__event_anchor_001,377,2011-02-13 21:24:00,2011-02-14 17:20:00,1189.0,M2.2,1
377__event_anchor_002,377,2011-02-14 21:12:00,2011-02-15 01:44:00,1194.0,X2.2,1
377__event_anchor_003,377,2011-02-15 05:36:00,2011-02-16 14:19:00,1210.0,M1.6,1
377__event_anchor_004,377,2011-02-16 18:12:00,2011-02-18 09:55:00,1234.0,M6.6,1
377__event_anchor_005,377,2011-02-18 13:48:00,,,,1
378__event_anchor_000,378,2011-02-12 01:24:00,,,,1
379__event_anchor_000,379,2011-02-12 09:00:00,,,,1
38__event_anchor_000,38,2010-05-26 15:12:00,,,,1
380__event_anchor_000,380,2011-02-12 13:00:00,,,,1
381__event_anchor_000,381,2011-02-12 16:36:00,,,,1
384__event_anchor_000,384,2011-02-12 22:48:00,2011-02-16 07:35:00,1206.0,M1.1,1
384__event_anchor_001,384,2011-02-16 11:24:00,2011-02-18 10:23:00,1235.0,M1.0,1
384__event_anchor_002,384,2011-02-18 14:12:00,2011-02-18 20:56:00,1247.0,M1.3,1
384__event_anchor_003,384,2011-02-19 00:48:00,,,,1
388__event_anchor_000,388,2011-02-14 14:12:00,,,,1
39__event_anchor_000,39,2010-05-26 16:48:00,,,,1
390__event_anchor_000,390,2011-02-19 08:48:00,,,,1
392__event_anchor_000,392,2011-02-24 05:24:00,2011-02-24 07:23:00,1287.0,M3.5,1
392__event_anchor_001,392,2011-02-24 11:12:00,,,,1
393__event_anchor_000,393,2011-02-25 09:12:00,2011-02-28 12:38:00,1332.0,M1.1,1
393__event_anchor_001,393,2011-02-28 16:36:00,2011-03-07 05:00:00,1396.0,M1.2,1
393__event_anchor_002,393,2011-03-07 08:48:00,2011-03-07 09:14:00,1400.0,M1.8,1
393__event_anchor_003,393,2011-03-07 13:12:00,2011-03-07 19:43:00,1405.0,M3.7,1
393__event_anchor_004,393,2011-03-07 23:36:00,,,,1
394__event_anchor_000,394,2011-02-26 00:36:00,2011-03-07 07:49:00,1398.0,M1.5,1
394__event_anchor_001,394,2011-03-07 11:48:00,2011-03-07 21:45:00,1406.0,M1.5,1
394__event_anchor_002,394,2011-03-08 01:36:00,2011-03-08 02:24:00,1408.0,M1.3,1
394__event_anchor_003,394,2011-03-08 06:12:00,2011-03-08 10:35:00,1412.0,M5.3,1
394__event_anchor_004,394,2011-03-08 14:24:00,2011-03-08 18:08:00,1413.0,M4.4,1
394__event_anchor_005,394,2011-03-08 22:00:00,,,,1
397__event_anchor_000,397,2011-02-28 08:36:00,,,,1
398__event_anchor_000,398,2011-03-01 10:24:00,,,,1
399__event_anchor_000,399,2011-03-02 03:36:00,,,,1
40__event_anchor_000,40,2010-05-28 10:12:00,,,,1
401__event_anchor_000,401,2011-03-02 12:24:00,2011-03-07 13:45:00,1402.0,M1.9,1
401__event_anchor_001,401,2011-03-07 17:36:00,2011-03-09 10:35:00,1421.0,M1.7,1
401__event_anchor_002,401,2011-03-09 14:24:00,2011-03-09 23:13:00,1428.0,X1.5,1
401__event_anchor_003,401,2011-03-10 03:12:00,2011-03-10 22:34:00,1436.0,M1.1,1
401__event_anchor_004,401,2011-03-11 02:24:00,2011-03-12 04:33:00,1449.0,M1.3,1
401__event_anchor_005,401,2011-03-12 08:24:00,,,,1
403__event_anchor_000,403,2011-03-02 19:48:00,,,,1
405__event_anchor_000,405,2011-03-03 19:36:00,,,,1
407__event_anchor_000,407,2011-03-05 11:12:00,2011-03-14 19:30:00,1477.0,M4.2,1
407__event_anchor_001,407,2011-03-14 23:24:00,2011-03-15 00:18:00,1480.0,M1.0,1
407__event_anchor_002,407,2011-03-15 04:12:00,,,,1
409__event_anchor_000,409,2011-03-06 05:36:00,,,,1
41__event_anchor_000,41,2010-05-29 04:48:00,,,,1
411__event_anchor_000,411,2011-03-06 11:12:00,,,,1
414__event_anchor_000,414,2011-03-07 20:48:00,,,,1
415__event_anchor_000,415,2011-03-08 03:36:00,2011-03-08 03:37:00,1409.0,M1.5,1
415__event_anchor_001,415,2011-03-08 07:36:00,,,,1
418__event_anchor_000,418,2011-03-09 10:12:00,,,,1
419__event_anchor_000,419,2011-03-10 19:00:00,,,,1
420__event_anchor_000,420,2011-03-10 20:12:00,,,,1
421__event_anchor_000,421,2011-03-11 05:00:00,,,,1
423__event_anchor_000,423,2011-03-13 00:48:00,,,,1
425__event_anchor_000,425,2011-03-13 08:48:00,,,,1
427__event_anchor_000,427,2011-03-14 05:12:00,,,,1
429__event_anchor_000,429,2011-03-15 22:12:00,,,,1
43__event_anchor_000,43,2010-05-31 08:00:00,,,,1
430__event_anchor_000,430,2011-03-16 16:48:00,,,,1
431__event_anchor_000,431,2011-03-16 23:48:00,,,,1
432__event_anchor_000,432,2011-03-18 16:36:00,,,,1
433__event_anchor_000,433,2011-03-18 16:36:00,,,,1
434__event_anchor_000,434,2011-03-18 17:48:00,,,,1
436__event_anchor_000,436,2011-03-21 13:48:00,,,,1
437__event_anchor_000,437,2011-03-21 14:36:00,2011-03-23 02:03:00,1515.0,M1.4,1
437__event_anchor_001,437,2011-03-23 06:00:00,2011-03-24 12:01:00,1521.0,M1.0,1
437__event_anchor_002,437,2011-03-24 16:00:00,2011-03-25 23:08:00,1534.0,M1.0,1
437__event_anchor_003,437,2011-03-26 03:00:00,,,,1
438__event_anchor_000,438,2011-03-22 03:48:00,,,,1
44__event_anchor_000,44,2010-06-01 07:24:00,,,,1
440__event_anchor_000,440,2011-03-22 20:48:00,,,,1
443__event_anchor_000,443,2011-03-24 16:36:00,,,,1
444__event_anchor_000,444,2011-03-24 18:48:00,,,,1
45__event_anchor_000,45,2010-06-02 21:24:00,,,,1
451__event_anchor_000,451,2011-03-26 14:24:00,,,,1
452__event_anchor_000,452,2011-03-27 01:12:00,,,,1
454__event_anchor_000,454,2011-03-27 05:48:00,,,,1
455__event_anchor_000,455,2011-03-27 08:00:00,,,,1
456__event_anchor_000,456,2011-03-27 11:36:00,,,,1
459__event_anchor_000,459,2011-03-27 23:36:00,,,,1
46__event_anchor_000,46,2010-06-02 23:48:00,,,,1
461__event_anchor_000,461,2011-03-29 02:12:00,,,,1
462__event_anchor_000,462,2011-03-29 14:00:00,,,,1
465__event_anchor_000,465,2011-03-30 01:36:00,,,,1
466__event_anchor_000,466,2011-03-30 14:48:00,,,,1
47__event_anchor_000,47,2010-06-07 10:24:00,,,,1
470__event_anchor_000,470,2011-03-31 09:24:00,,,,1
474__event_anchor_000,474,2011-04-01 22:00:00,,,,1
475__event_anchor_000,475,2011-04-02 13:12:00,,,,1
480__event_anchor_000,480,2011-04-03 22:48:00,,,,1
481__event_anchor_000,481,2011-04-04 10:36:00,,,,1
483__event_anchor_000,483,2011-04-04 19:48:00,,,,1
488__event_anchor_000,488,2011-04-05 16:12:00,,,,1
489__event_anchor_000,489,2011-04-06 00:36:00,,,,1
49__event_anchor_000,49,2010-06-08 07:24:00,2010-06-13 05:30:00,92.0,M1.0,1
49__event_anchor_001,49,2010-06-13 09:24:00,,,,1
492__event_anchor_000,492,2011-04-06 16:48:00,,,,1
493__event_anchor_000,493,2011-04-06 19:12:00,,,,1
494__event_anchor_000,494,2011-04-06 21:48:00,,,,1
495__event_anchor_000,495,2011-04-07 18:36:00,2011-04-15 17:02:00,1630.0,M1.3,1
495__event_anchor_001,495,2011-04-15 21:00:00,,,,1
498__event_anchor_000,498,2011-04-09 08:00:00,,,,1
5__event_anchor_000,5,2010-05-01 03:48:00,,,,1
50__event_anchor_000,50,2010-06-09 18:36:00,,,,1
501__event_anchor_000,501,2011-04-10 03:00:00,,,,1
504__event_anchor_000,504,2011-04-12 01:36:00,,,,1
507__event_anchor_000,507,2011-04-13 08:48:00,,,,1
508__event_anchor_000,508,2011-04-13 12:36:00,,,,1
509__event_anchor_000,509,2011-04-14 12:00:00,,,,1
51__event_anchor_000,51,2010-06-10 05:24:00,,,,1
510__event_anchor_000,510,2011-04-15 13:36:00,,,,1
511__event_anchor_000,511,2011-04-15 21:36:00,,,,1
512__event_anchor_000,512,2011-04-17 19:48:00,,,,1
513__event_anchor_000,513,2011-04-18 05:36:00,,,,1
514__event_anchor_000,514,2011-04-18 17:00:00,2011-04-22 04:35:00,1674.0,M1.8,1
514__event_anchor_001,514,2011-04-22 08:24:00,2011-04-22 15:47:00,1683.0,M1.2,1
514__event_anchor_002,514,2011-04-22 19:36:00,,,,1
516__event_anchor_000,516,2011-04-19 06:48:00,,,,1
518__event_anchor_000,518,2011-04-19 13:48:00,,,,1
527__event_anchor_000,527,2011-04-21 17:24:00,,,,1
53__event_anchor_000,53,2010-06-10 07:00:00,,,,1
531__event_anchor_000,531,2011-04-23 15:00:00,,,,1
532__event_anchor_000,532,2011-04-24 21:24:00,,,,1
533__event_anchor_000,533,2011-04-24 22:24:00,,,,1
535__event_anchor_000,535,2011-04-25 10:00:00,,,,1
536__event_anchor_000,536,2011-04-25 14:48:00,,,,1
537__event_anchor_000,537,2011-04-25 15:00:00,,,,1
538__event_anchor_000,538,2011-04-25 17:12:00,,,,1
54__event_anchor_000,54,2010-06-11 10:12:00,2010-06-12 00:30:00,84.0,M2.0,1
54__event_anchor_001,54,2010-06-12 04:24:00,,,,1
540__event_anchor_000,540,2011-04-25 17:48:00,,,,1
542__event_anchor_000,542,2011-04-25 18:24:00,,,,1
545__event_anchor_000,545,2011-04-26 03:12:00,,,,1
548__event_anchor_000,548,2011-04-26 11:24:00,,,,1
55__event_anchor_000,55,2010-06-12 01:36:00,,,,1
550__event_anchor_000,550,2011-04-27 07:12:00,,,,1
553__event_anchor_000,553,2011-04-27 23:00:00,,,,1
554__event_anchor_000,554,2011-04-27 23:12:00,,,,1
556__event_anchor_000,556,2011-04-28 11:36:00,,,,1
557__event_anchor_000,557,2011-04-28 11:48:00,,,,1
559__event_anchor_000,559,2011-04-28 14:12:00,,,,1
560__event_anchor_000,560,2011-04-29 04:00:00,,,,1
561__event_anchor_000,561,2011-04-29 15:12:00,,,,1
562__event_anchor_000,562,2011-04-30 00:36:00,,,,1
564__event_anchor_000,564,2011-05-01 00:48:00,,,,1
566__event_anchor_000,566,2011-05-01 09:48:00,,,,1
567__event_anchor_000,567,2011-05-01 19:36:00,,,,1
57__event_anchor_000,57,2010-06-14 15:00:00,,,,1
571__event_anchor_000,571,2011-05-02 18:00:00,,,,1
572__event_anchor_000,572,2011-05-02 20:36:00,,,,1
574__event_anchor_000,574,2011-05-03 23:48:00,,,,1
576__event_anchor_000,576,2011-05-04 01:00:00,,,,1
578__event_anchor_000,578,2011-05-04 11:36:00,,,,1
579__event_anchor_000,579,2011-05-04 20:00:00,,,,1
58__event_anchor_000,58,2010-06-14 23:00:00,,,,1
580__event_anchor_000,580,2011-05-05 12:48:00,,,,1
584__event_anchor_000,584,2011-05-07 09:12:00,,,,1
587__event_anchor_000,587,2011-05-07 16:36:00,,,,1
589__event_anchor_000,589,2011-05-08 08:36:00,,,,1
59__event_anchor_000,59,2010-06-15 09:00:00,,,,1
590__event_anchor_000,590,2011-05-08 19:00:00,,,,1
591__event_anchor_000,591,2011-05-10 05:24:00,,,,1
592__event_anchor_000,592,2011-05-10 09:24:00,,,,1
595__event_anchor_000,595,2011-05-11 11:00:00,,,,1
597__event_anchor_000,597,2011-05-12 03:00:00,,,,1
598__event_anchor_000,598,2011-05-12 04:12:00,,,,1
6__event_anchor_000,6,2010-05-01 03:48:00,,,,1
601__event_anchor_000,601,2011-05-12 22:48:00,,,,1
602__event_anchor_000,602,2011-05-13 21:12:00,,,,1
603__event_anchor_000,603,2011-05-14 12:00:00,,,,1
604__event_anchor_000,604,2011-05-15 09:12:00,,,,1
605__event_anchor_000,605,2011-05-15 15:00:00,,,,1
606__event_anchor_000,606,2011-05-15 17:00:00,,,,1
607__event_anchor_000,607,2011-05-16 10:48:00,,,,1
608__event_anchor_000,608,2011-05-16 17:36:00,,,,1
610__event_anchor_000,610,2011-05-17 19:36:00,,,,1
612__event_anchor_000,612,2011-05-18 15:36:00,,,,1
614__event_anchor_000,614,2011-05-19 08:36:00,,,,1
616__event_anchor_000,616,2011-05-19 16:12:00,,,,1
617__event_anchor_000,617,2011-05-19 18:12:00,,,,1
618__event_anchor_000,618,2011-05-22 04:48:00,,,,1
619__event_anchor_000,619,2011-05-22 08:24:00,,,,1
62__event_anchor_000,62,2010-06-16 08:36:00,,,,1
620__event_anchor_000,620,2011-05-22 12:36:00,,,,1
621__event_anchor_000,621,2011-05-22 15:00:00,,,,1
622__event_anchor_000,622,2011-05-22 17:00:00,,,,1
623__event_anchor_000,623,2011-05-23 12:12:00,,,,1
624__event_anchor_000,624,2011-05-23 15:24:00,,,,1
625__event_anchor_000,625,2011-05-24 08:00:00,,,,1
626__event_anchor_000,626,2011-05-24 08:12:00,,,,1
627__event_anchor_000,627,2011-05-24 11:00:00,,,,1
629__event_anchor_000,629,2011-05-24 17:48:00,,,,1
630__event_anchor_000,630,2011-05-24 20:48:00,,,,1
631__event_anchor_000,631,2011-05-25 06:24:00,,,,1
632__event_anchor_000,632,2011-05-26 00:36:00,,,,1
633__event_anchor_000,633,2011-05-26 00:36:00,,,,1
634__event_anchor_000,634,2011-05-26 17:36:00,,,,1
636__event_anchor_000,636,2011-05-27 07:48:00,,,,1
637__event_anchor_000,637,2011-05-27 10:12:00,2011-05-28 21:09:00,1840.0,M1.1,1
637__event_anchor_001,637,2011-05-29 01:00:00,2011-05-29 10:08:00,1854.0,M1.4,1
637__event_anchor_002,637,2011-05-29 14:00:00,2011-06-07 06:16:00,1892.0,M2.5,1
637__event_anchor_003,637,2011-06-07 10:12:00,,,,1
639__event_anchor_000,639,2011-05-28 19:24:00,,,,1
640__event_anchor_000,640,2011-05-28 19:36:00,,,,1
642__event_anchor_000,642,2011-05-29 06:12:00,,,,1
643__event_anchor_000,643,2011-05-29 10:36:00,,,,1
647__event_anchor_000,647,2011-05-30 08:48:00,,,,1
650__event_anchor_000,650,2011-06-01 03:00:00,,,,1
651__event_anchor_000,651,2011-06-01 05:36:00,,,,1
652__event_anchor_000,652,2011-06-01 16:12:00,,,,1
66__event_anchor_000,66,2010-06-23 16:00:00,,,,1
660__event_anchor_000,660,2011-06-08 11:00:00,,,,1
661__event_anchor_000,661,2011-06-09 05:00:00,,,,1
662__event_anchor_000,662,2011-06-09 12:48:00,,,,1
664__event_anchor_000,664,2011-06-11 00:36:00,,,,1
665__event_anchor_000,665,2011-06-11 11:36:00,,,,1
666__event_anchor_000,666,2011-06-13 11:48:00,,,,1
667__event_anchor_000,667,2011-06-13 16:36:00,2011-06-14 21:36:00,1921.0,M1.3,1
667__event_anchor_001,667,2011-06-15 01:24:00,,,,1
67__event_anchor_000,67,2010-06-24 23:48:00,,,,1
670__event_anchor_000,670,2011-06-14 20:12:00,,,,1
671__event_anchor_000,671,2011-06-15 03:36:00,,,,1
672__event_anchor_000,672,2011-06-15 07:12:00,,,,1
673__event_anchor_000,673,2011-06-15 08:00:00,,,,1
674__event_anchor_000,674,2011-06-16 20:36:00,,,,1
675__event_anchor_000,675,2011-06-17 17:24:00,,,,1
676__event_anchor_000,676,2011-06-18 12:36:00,,,,1
677__event_anchor_000,677,2011-06-19 01:36:00,,,,1
679__event_anchor_000,679,2011-06-20 23:24:00,,,,1
68__event_anchor_000,68,2010-06-25 00:48:00,,,,1
680__event_anchor_000,680,2011-06-22 08:48:00,,,,1
681__event_anchor_000,681,2011-06-22 16:36:00,,,,1
682__event_anchor_000,682,2011-06-24 18:24:00,,,,1
683__event_anchor_000,683,2011-06-26 09:48:00,,,,1
684__event_anchor_000,684,2011-06-27 01:00:00,,,,1
685__event_anchor_000,685,2011-06-27 10:24:00,,,,1
686__event_anchor_000,686,2011-06-28 06:00:00,,,,1
687__event_anchor_000,687,2011-06-28 11:00:00,,,,1
688__event_anchor_000,688,2011-06-28 14:36:00,,,,1
689__event_anchor_000,689,2011-06-29 08:00:00,,,,1
691__event_anchor_000,691,2011-06-30 01:12:00,,,,1
693__event_anchor_000,693,2011-07-01 17:24:00,,,,1
694__event_anchor_000,694,2011-07-04 10:00:00,,,,1
695__event_anchor_000,695,2011-07-04 19:36:00,,,,1
698__event_anchor_000,698,2011-07-06 09:48:00,,,,1
700__event_anchor_000,700,2011-07-06 23:48:00,,,,1
701__event_anchor_000,701,2011-07-07 07:24:00,,,,1
702__event_anchor_000,702,2011-07-07 13:12:00,,,,1
703__event_anchor_000,703,2011-07-07 13:24:00,,,,1
705__event_anchor_000,705,2011-07-07 22:12:00,,,,1
71__event_anchor_000,71,2010-06-26 01:36:00,,,,1
712__event_anchor_000,712,2011-07-10 08:24:00,,,,1
713__event_anchor_000,713,2011-07-10 13:24:00,,,,1
714__event_anchor_000,714,2011-07-10 20:24:00,,,,1
715__event_anchor_000,715,2011-07-11 03:24:00,,,,1
716__event_anchor_000,716,2011-07-11 12:48:00,,,,1
717__event_anchor_000,717,2011-07-11 15:12:00,,,,1
72__event_anchor_000,72,2010-06-26 09:12:00,,,,1
725__event_anchor_000,725,2011-07-13 11:12:00,,,,1
728__event_anchor_000,728,2011-07-14 19:12:00,,,,1
729__event_anchor_000,729,2011-07-15 04:00:00,,,,1
734__event_anchor_000,734,2011-07-16 17:12:00,,,,1
735__event_anchor_000,735,2011-07-16 17:24:00,,,,1
738__event_anchor_000,738,2011-07-17 12:00:00,,,,1
739__event_anchor_000,739,2011-07-17 12:12:00,,,,1
740__event_anchor_000,740,2011-07-17 17:24:00,,,,1
741__event_anchor_000,741,2011-07-19 03:12:00,,,,1
743__event_anchor_000,743,2011-07-20 01:24:00,,,,1
744__event_anchor_000,744,2011-07-21 00:00:00,,,,1
745__event_anchor_000,745,2011-07-23 01:24:00,,,,1
746__event_anchor_000,746,2011-07-23 23:12:00,2011-07-27 15:48:00,2086.0,M1.1,1
746__event_anchor_001,746,2011-07-27 19:36:00,,,,1
747__event_anchor_000,747,2011-07-24 02:24:00,,,,1
748__event_anchor_000,748,2011-07-24 06:48:00,,,,1
75__event_anchor_000,75,2010-06-28 11:48:00,,,,1
750__event_anchor_000,750,2011-07-26 00:48:00,2011-07-30 02:04:00,2124.0,M9.3,1
750__event_anchor_001,750,2011-07-30 06:00:00,2011-08-02 05:19:00,2154.0,M1.4,1
750__event_anchor_002,750,2011-08-02 09:12:00,2011-08-03 03:08:00,2163.0,M1.1,1
750__event_anchor_003,750,2011-08-03 07:00:00,2011-08-03 13:17:00,2168.0,M6.0,1
750__event_anchor_004,750,2011-08-03 17:12:00,2011-08-04 03:41:00,2173.0,M9.3,1
750__event_anchor_005,750,2011-08-04 07:36:00,,,,1
751__event_anchor_000,751,2011-07-27 02:48:00,,,,1
752__event_anchor_000,752,2011-07-27 13:36:00,,,,1
753__event_anchor_000,753,2011-07-27 18:00:00,2011-08-03 04:29:00,2164.0,M1.7,1
753__event_anchor_001,753,2011-08-03 08:24:00,2011-08-08 18:00:00,2221.0,M3.5,1
753__event_anchor_002,753,2011-08-08 21:48:00,2011-08-09 03:19:00,2226.0,M2.5,1
753__event_anchor_003,753,2011-08-09 07:12:00,2011-08-09 07:48:00,2228.0,X6.9,1
753__event_anchor_004,753,2011-08-09 11:36:00,,,,1
754__event_anchor_000,754,2011-07-28 01:48:00,,,,1
755__event_anchor_000,755,2011-07-29 10:12:00,,,,1
758__event_anchor_000,758,2011-08-02 10:24:00,,,,1
759__event_anchor_000,759,2011-08-02 13:36:00,,,,1
76__event_anchor_000,76,2010-06-30 00:48:00,,,,1
762__event_anchor_000,762,2011-08-03 12:00:00,,,,1
764__event_anchor_000,764,2011-08-04 14:00:00,,,,1
765__event_anchor_000,765,2011-08-04 15:00:00,,,,1
766__event_anchor_000,766,2011-08-05 13:12:00,,,,1
767__event_anchor_000,767,2011-08-05 13:48:00,,,,1
77__event_anchor_000,77,2010-06-30 05:36:00,,,,1
770__event_anchor_000,770,2011-08-07 17:00:00,,,,1
771__event_anchor_000,771,2011-08-08 00:00:00,,,,1
772__event_anchor_000,772,2011-08-08 02:36:00,,,,1
773__event_anchor_000,773,2011-08-08 12:48:00,,,,1
774__event_anchor_000,774,2011-08-09 21:36:00,,,,1
776__event_anchor_000,776,2011-08-10 04:48:00,,,,1
777__event_anchor_000,777,2011-08-10 11:36:00,,,,1
778__event_anchor_000,778,2011-08-10 16:00:00,,,,1
779__event_anchor_000,779,2011-08-10 16:12:00,,,,1
78__event_anchor_000,78,2010-07-01 03:36:00,,,,1
781__event_anchor_000,781,2011-08-10 22:00:00,,,,1
782__event_anchor_000,782,2011-08-11 12:48:00,,,,1
784__event_anchor_000,784,2011-08-11 23:12:00,,,,1
785__event_anchor_000,785,2011-08-12 11:24:00,,,,1
788__event_anchor_000,788,2011-08-13 07:12:00,,,,1
789__event_anchor_000,789,2011-08-13 09:24:00,,,,1
79__event_anchor_000,79,2010-07-01 06:36:00,,,,1
790__event_anchor_000,790,2011-08-13 12:00:00,,,,1
792__event_anchor_000,792,2011-08-14 15:24:00,,,,1
793__event_anchor_000,793,2011-08-15 00:00:00,,,,1
794__event_anchor_000,794,2011-08-15 02:12:00,,,,1
796__event_anchor_000,796,2011-08-15 05:12:00,,,,1
797__event_anchor_000,797,2011-08-15 07:48:00,,,,1
798__event_anchor_000,798,2011-08-15 21:00:00,,,,1
799__event_anchor_000,799,2011-08-16 17:00:00,,,,1
8__event_anchor_000,8,2010-05-02 18:24:00,2010-05-05 17:13:00,27.0,M1.2,1
8__event_anchor_001,8,2010-05-05 21:12:00,,,,1
800__event_anchor_000,800,2011-08-17 06:48:00,,,,1
801__event_anchor_000,801,2011-08-17 15:48:00,,,,1
802__event_anchor_000,802,2011-08-18 08:36:00,,,,1
803__event_anchor_000,803,2011-08-19 19:24:00,,,,1
805__event_anchor_000,805,2011-08-20 20:36:00,,,,1
808__event_anchor_000,808,2011-08-21 04:12:00,,,,1
81__event_anchor_000,81,2010-07-03 14:48:00,,,,1
812__event_anchor_000,812,2011-08-23 09:24:00,,,,1
814__event_anchor_000,814,2011-08-24 08:48:00,2011-09-04 11:21:00,2372.0,M3.2,1
814__event_anchor_001,814,2011-09-04 15:12:00,2011-09-05 04:08:00,2378.0,M1.6,1
814__event_anchor_002,814,2011-09-05 08:00:00,,,,1
817__event_anchor_000,817,2011-08-25 06:00:00,,,,1
819__event_anchor_000,819,2011-08-25 20:48:00,,,,1
824__event_anchor_000,824,2011-08-27 18:24:00,,,,1
826__event_anchor_000,826,2011-08-28 03:12:00,,,,1
827__event_anchor_000,827,2011-08-28 09:24:00,,,,1
83__event_anchor_000,83,2010-07-04 12:00:00,,,,1
832__event_anchor_000,832,2011-08-30 00:36:00,,,,1
833__event_anchor_000,833,2011-08-30 03:00:00,2011-09-06 01:35:00,2381.0,M5.3,1
833__event_anchor_001,833,2011-09-06 05:24:00,2011-09-06 22:12:00,2382.0,X2.1,1
833__event_anchor_002,833,2011-09-07 02:00:00,2011-09-07 22:32:00,2388.0,X1.8,1
833__event_anchor_003,833,2011-09-08 02:24:00,2011-09-08 15:32:00,2390.0,M6.7,1
833__event_anchor_004,833,2011-09-08 19:24:00,2011-09-09 06:01:00,2395.0,M2.7,1
833__event_anchor_005,833,2011-09-09 10:00:00,2011-09-09 12:39:00,2396.0,M1.2,1
833__event_anchor_006,833,2011-09-09 16:36:00,2011-09-10 07:18:00,2401.0,M1.1,1
833__event_anchor_007,833,2011-09-10 11:12:00,,,,1
837__event_anchor_000,837,2011-08-31 14:36:00,,,,1
840__event_anchor_000,840,2011-09-02 03:36:00,,,,1
842__event_anchor_000,842,2011-09-02 17:24:00,,,,1
843__event_anchor_000,843,2011-09-02 22:48:00,,,,1
845__event_anchor_000,845,2011-09-03 22:24:00,,,,1
846__event_anchor_000,846,2011-09-04 19:00:00,,,,1
847__event_anchor_000,847,2011-09-06 00:48:00,,,,1
85__event_anchor_000,85,2010-07-05 16:24:00,,,,1
850__event_anchor_000,850,2011-09-08 17:12:00,,,,1
851__event_anchor_000,851,2011-09-08 21:48:00,,,,1
852__event_anchor_000,852,2011-09-10 16:36:00,,,,1
853__event_anchor_000,853,2011-09-11 00:36:00,,,,1
854__event_anchor_000,854,2011-09-11 05:12:00,,,,1
855__event_anchor_000,855,2011-09-11 16:48:00,,,,1
856__event_anchor_000,856,2011-09-11 17:36:00,2011-09-23 01:47:00,2492.0,M1.6,1
856__event_anchor_001,856,2011-09-23 05:36:00,2011-09-23 21:54:00,2501.0,M1.6,1
856__event_anchor_002,856,2011-09-24 01:48:00,2011-09-24 16:36:00,2509.0,M1.7,1
856__event_anchor_003,856,2011-09-24 20:24:00,,,,1
86__event_anchor_000,86,2010-07-08 15:00:00,,,,1
862__event_anchor_000,862,2011-09-12 16:24:00,,,,1
865__event_anchor_000,865,2011-09-13 12:48:00,,,,1
867__event_anchor_000,867,2011-09-13 19:24:00,,,,1
868__event_anchor_000,868,2011-09-13 19:36:00,,,,1
869__event_anchor_000,869,2011-09-13 20:36:00,,,,1
87__event_anchor_000,87,2010-07-08 16:24:00,,,,1
874__event_anchor_000,874,2011-09-15 18:00:00,,,,1
875__event_anchor_000,875,2011-09-17 04:24:00,,,,1
876__event_anchor_000,876,2011-09-17 19:12:00,,,,1
877__event_anchor_000,877,2011-09-18 02:12:00,,,,1
878__event_anchor_000,878,2011-09-18 02:24:00,2011-09-21 12:04:00,2477.0,M1.8,1
878__event_anchor_001,878,2011-09-21 16:00:00,,,,1
880__event_anchor_000,880,2011-09-18 02:36:00,,,,1
881__event_anchor_000,881,2011-09-18 16:36:00,,,,1
882__event_anchor_000,882,2011-09-18 19:48:00,,,,1
887__event_anchor_000,887,2011-09-20 16:24:00,,,,1
889__event_anchor_000,889,2011-09-21 06:48:00,,,,1
89__event_anchor_000,89,2010-07-11 11:36:00,,,,1
890__event_anchor_000,890,2011-09-21 12:00:00,,,,1
891__event_anchor_000,891,2011-09-21 12:48:00,,,,1
892__event_anchor_000,892,2011-09-21 16:24:00,2011-09-22 09:53:00,2486.0,M1.1,1
892__event_anchor_001,892,2011-09-22 13:48:00,2011-09-23 23:48:00,2502.0,M1.9,1
892__event_anchor_002,892,2011-09-24 03:36:00,2011-09-24 09:21:00,2506.0,X1.9,1
892__event_anchor_003,892,2011-09-24 13:12:00,2011-09-24 17:19:00,2510.0,M3.1,1
892__event_anchor_004,892,2011-09-24 21:12:00,2011-09-25 02:27:00,2516.0,M4.4,1
892__event_anchor_005,892,2011-09-25 06:24:00,2011-09-25 08:46:00,2519.0,M3.1,1
892__event_anchor_006,892,2011-09-25 12:36:00,2011-09-25 15:26:00,2522.0,M3.7,1
892__event_anchor_007,892,2011-09-25 19:24:00,2011-09-26 05:06:00,2528.0,M4.0,1
892__event_anchor_008,892,2011-09-26 09:00:00,2011-09-26 14:37:00,2534.0,M2.6,1
892__event_anchor_009,892,2011-09-26 18:36:00,2011-09-28 13:24:00,2550.0,M1.2,1
892__event_anchor_010,892,2011-09-28 17:12:00,2011-10-02 17:19:00,2574.0,M1.3,1
892__event_anchor_011,892,2011-10-02 21:12:00,,,,1
893__event_anchor_000,893,2011-09-22 14:36:00,,,,1
895__event_anchor_000,895,2011-09-23 05:36:00,,,,1
897__event_anchor_000,897,2011-09-23 12:24:00,,,,1
899__event_anchor_000,899,2011-09-24 04:48:00,2011-09-24 21:23:00,2514.0,M1.2,1
899__event_anchor_001,899,2011-09-25 01:12:00,2011-09-25 09:25:00,2520.0,M1.5,1
899__event_anchor_002,899,2011-09-25 13:24:00,2011-09-25 16:51:00,2523.0,M2.2,1
899__event_anchor_003,899,2011-09-25 20:48:00,,,,1
90__event_anchor_000,90,2010-07-13 18:00:00,,,,1
900__event_anchor_000,900,2011-09-24 07:00:00,,,,1
901__event_anchor_000,901,2011-09-24 09:36:00,,,,1
902__event_anchor_000,902,2011-09-24 19:36:00,2011-09-30 18:55:00,2560.0,M1.0,1
902__event_anchor_001,902,2011-09-30 22:48:00,2011-10-01 08:56:00,2564.0,M1.2,1
902__event_anchor_002,902,2011-10-01 12:48:00,2011-10-02 00:37:00,2566.0,M3.9,1
902__event_anchor_003,902,2011-10-02 04:36:00,,,,1
903__event_anchor_000,903,2011-09-26 02:24:00,,,,1
905__event_anchor_000,905,2011-09-26 12:36:00,,,,1
909__event_anchor_000,909,2011-09-28 07:00:00,,,,1
91__event_anchor_000,91,2010-07-16 21:00:00,,,,1
912__event_anchor_000,912,2011-09-29 23:24:00,,,,1
913__event_anchor_000,913,2011-09-30 06:12:00,,,,1
915__event_anchor_000,915,2011-09-30 14:12:00,,,,1
916__event_anchor_000,916,2011-09-30 20:00:00,,,,1
917__event_anchor_000,917,2011-10-01 07:48:00,,,,1
918__event_anchor_000,918,2011-10-01 11:24:00,,,,1
92__event_anchor_000,92,2010-07-19 03:12:00,,,,1
920__event_anchor_000,920,2011-10-02 01:36:00,,,,1
921__event_anchor_000,921,2011-10-02 05:24:00,,,,1
924__event_anchor_000,924,2011-10-03 05:24:00,,,,1
925__event_anchor_000,925,2011-10-03 09:36:00,,,,1
926__event_anchor_000,926,2011-10-03 18:48:00,,,,1
927__event_anchor_000,927,2011-10-03 21:48:00,,,,1
931__event_anchor_000,931,2011-10-04 20:36:00,,,,1
932__event_anchor_000,932,2011-10-04 22:36:00,,,,1
933__event_anchor_000,933,2011-10-04 23:48:00,,,,1
935__event_anchor_000,935,2011-10-06 08:48:00,,,,1
937__event_anchor_000,937,2011-10-07 06:24:00,,,,1
938__event_anchor_000,938,2011-10-07 08:00:00,,,,1
940__event_anchor_000,940,2011-10-08 18:00:00,2011-10-21 12:53:00,2684.0,M1.3,1
940__event_anchor_001,940,2011-10-21 16:48:00,2011-10-22 10:00:00,2687.0,M1.3,1
940__event_anchor_002,940,2011-10-22 13:48:00,,,,1
942__event_anchor_000,942,2011-10-09 05:00:00,,,,1
948__event_anchor_000,948,2011-10-10 22:12:00,,,,1
950__event_anchor_000,950,2011-10-11 00:36:00,,,,1
953__event_anchor_000,953,2011-10-11 11:00:00,,,,1
956__event_anchor_000,956,2011-10-11 23:00:00,,,,1
957__event_anchor_000,957,2011-10-12 07:48:00,,,,1
958__event_anchor_000,958,2011-10-12 10:12:00,,,,1
96__event_anchor_000,96,2010-07-21 10:48:00,,,,1
960__event_anchor_000,960,2011-10-12 19:12:00,,,,1
964__event_anchor_000,964,2011-10-13 12:24:00,,,,1
968__event_anchor_000,968,2011-10-14 10:24:00,,,,1
969__event_anchor_000,969,2011-10-15 04:24:00,,,,1
97__event_anchor_000,97,2010-07-22 00:12:00,,,,1
970__event_anchor_000,970,2011-10-15 15:00:00,,,,1
971__event_anchor_000,971,2011-10-15 17:24:00,,,,1
973__event_anchor_000,973,2011-10-16 13:48:00,,,,1
975__event_anchor_000,975,2011-10-17 02:48:00,,,,1
976__event_anchor_000,976,2011-10-17 06:12:00,,,,1
977__event_anchor_000,977,2011-10-17 09:24:00,,,,1
978__event_anchor_000,978,2011-10-17 12:36:00,,,,1
98__event_anchor_000,98,2010-07-23 20:36:00,,,,1
982__event_anchor_000,982,2011-10-19 03:48:00,,,,1
983__event_anchor_000,983,2011-10-19 05:12:00,,,,1
986__event_anchor_000,986,2011-10-19 20:00:00,,,,1
99__event_anchor_000,99,2010-07-23 23:48:00,,,,1
990__event_anchor_000,990,2011-10-20 07:24:00,,,,1
991__event_anchor_000,991,2011-10-20 11:12:00,,,,1
995__event_anchor_000,995,2011-10-21 00:00:00,,,,1
997__event_anchor_000,997,2011-10-21 13:00:00,,,,1
998__event_anchor_000,998,2011-10-21 15:24:00,,,,1
1450__event_anchor_000,1450,2012-03-03 03:24:00,,,,2
1453__event_anchor_000,1453,2012-03-04 09:12:00,,,,2
1455__event_anchor_000,1455,2012-03-04 15:00:00,,,,2
1456__event_anchor_000,1456,2012-03-04 20:12:00,,,,2
1457__event_anchor_000,1457,2012-03-04 20:36:00,,,,2
1460__event_anchor_000,1460,2012-03-07 04:36:00,,,,2
1461__event_anchor_000,1461,2012-03-08 18:24:00,2012-03-14 15:08:00,3430.0,M2.8,2
1461__event_anchor_001,1461,2012-03-14 19:00:00,2012-03-15 07:23:00,3432.0,M1.8,2
1461__event_anchor_002,1461,2012-03-15 11:12:00,,,,2
1462__event_anchor_000,1462,2012-03-09 13:24:00,,,,2
1463__event_anchor_000,1463,2012-03-09 18:48:00,,,,2
1464__event_anchor_000,1464,2012-03-10 05:00:00,2012-03-17 20:32:00,3446.0,M1.3,2
1464__event_anchor_001,1464,2012-03-18 00:24:00,,,,2
1465__event_anchor_000,1465,2012-03-10 08:48:00,,,,2
1466__event_anchor_000,1466,2012-03-10 10:00:00,,,,2
1470__event_anchor_000,1470,2012-03-11 22:12:00,,,,2
1471__event_anchor_000,1471,2012-03-12 01:48:00,,,,2
1472__event_anchor_000,1472,2012-03-13 22:00:00,,,,2
1474__event_anchor_000,1474,2012-03-14 05:12:00,,,,2
1475__event_anchor_000,1475,2012-03-14 10:00:00,,,,2
1477__event_anchor_000,1477,2012-03-15 14:00:00,,,,2
1478__event_anchor_000,1478,2012-03-15 14:00:00,,,,2
1479__event_anchor_000,1479,2012-03-16 09:12:00,,,,2
1480__event_anchor_000,1480,2012-03-16 19:36:00,,,,2
1482__event_anchor_000,1482,2012-03-18 09:48:00,,,,2
1483__event_anchor_000,1483,2012-03-19 00:36:00,,,,2
1484__event_anchor_000,1484,2012-03-19 04:36:00,,,,2
1485__event_anchor_000,1485,2012-03-19 10:00:00,,,,2
1486__event_anchor_000,1486,2012-03-19 14:12:00,,,,2
1488__event_anchor_000,1488,2012-03-19 19:48:00,,,,2
1489__event_anchor_000,1489,2012-03-20 22:12:00,,,,2
1491__event_anchor_000,1491,2012-03-21 02:00:00,,,,2
1492__event_anchor_000,1492,2012-03-21 19:12:00,,,,2
1493__event_anchor_000,1493,2012-03-22 01:12:00,,,,2
1495__event_anchor_000,1495,2012-03-22 16:12:00,,,,2
1496__event_anchor_000,1496,2012-03-22 18:12:00,,,,2
1497__event_anchor_000,1497,2012-03-22 20:48:00,,,,2
1500__event_anchor_000,1500,2012-03-23 03:12:00,2012-03-23 19:34:00,3478.0,M1.0,2
1500__event_anchor_001,1500,2012-03-23 23:24:00,,,,2
1501__event_anchor_000,1501,2012-03-23 11:48:00,,,,2
1504__event_anchor_000,1504,2012-03-24 04:36:00,,,,2
1506__event_anchor_000,1506,2012-03-24 06:00:00,,,,2
1507__event_anchor_000,1507,2012-03-24 06:24:00,,,,2
1510__event_anchor_000,1510,2012-03-26 02:24:00,,,,2
1514__event_anchor_000,1514,2012-03-26 19:00:00,,,,2
1517__event_anchor_000,1517,2012-03-28 02:36:00,,,,2
1519__event_anchor_000,1519,2012-03-28 12:00:00,,,,2
1520__event_anchor_000,1520,2012-03-28 13:00:00,,,,2
1522__event_anchor_000,1522,2012-03-29 00:24:00,,,,2
1523__event_anchor_000,1523,2012-03-29 11:48:00,,,,2
1527__event_anchor_000,1527,2012-03-30 01:48:00,,,,2
1528__event_anchor_000,1528,2012-03-30 09:12:00,,,,2
1529__event_anchor_000,1529,2012-03-30 15:48:00,,,,2
1530__event_anchor_000,1530,2012-03-31 18:12:00,,,,2
1534__event_anchor_000,1534,2012-04-01 22:24:00,,,,2
1535__event_anchor_000,1535,2012-04-02 03:48:00,,,,2
1537__event_anchor_000,1537,2012-04-02 15:00:00,,,,2
1539__event_anchor_000,1539,2012-04-02 19:00:00,,,,2
1540__event_anchor_000,1540,2012-04-03 04:24:00,,,,2
1541__event_anchor_000,1541,2012-04-03 06:48:00,,,,2
1543__event_anchor_000,1543,2012-04-04 06:12:00,,,,2
1544__event_anchor_000,1544,2012-04-04 22:36:00,,,,2
1545__event_anchor_000,1545,2012-04-07 08:48:00,,,,2
1546__event_anchor_000,1546,2012-04-07 11:00:00,,,,2
1547__event_anchor_000,1547,2012-04-07 15:00:00,,,,2
1548__event_anchor_000,1548,2012-04-07 16:48:00,,,,2
1549__event_anchor_000,1549,2012-04-07 16:48:00,,,,2
1550__event_anchor_000,1550,2012-04-07 22:12:00,,,,2
1551__event_anchor_000,1551,2012-04-08 11:00:00,,,,2
1552__event_anchor_000,1552,2012-04-08 17:36:00,,,,2
1555__event_anchor_000,1555,2012-04-09 08:48:00,,,,2
1556__event_anchor_000,1556,2012-04-09 16:24:00,,,,2
1557__event_anchor_000,1557,2012-04-09 18:36:00,,,,2
1558__event_anchor_000,1558,2012-04-10 06:12:00,,,,2
1560__event_anchor_000,1560,2012-04-11 02:24:00,,,,2
1561__event_anchor_000,1561,2012-04-11 06:00:00,,,,2
1563__event_anchor_000,1563,2012-04-11 10:00:00,,,,2
1564__event_anchor_000,1564,2012-04-11 10:48:00,,,,2
1566__event_anchor_000,1566,2012-04-12 04:12:00,,,,2
1569__event_anchor_000,1569,2012-04-12 20:48:00,,,,2
1570__event_anchor_000,1570,2012-04-13 18:36:00,,,,2
1571__event_anchor_000,1571,2012-04-13 19:00:00,,,,2
1572__event_anchor_000,1572,2012-04-14 05:36:00,,,,2
1573__event_anchor_000,1573,2012-04-14 09:00:00,,,,2
1574__event_anchor_000,1574,2012-04-14 10:48:00,,,,2
1575__event_anchor_000,1575,2012-04-14 20:24:00,,,,2
1576__event_anchor_000,1576,2012-04-14 21:24:00,,,,2
1578__event_anchor_000,1578,2012-04-15 15:24:00,,,,2
1581__event_anchor_000,1581,2012-04-16 13:24:00,,,,2
1582__event_anchor_000,1582,2012-04-16 16:00:00,2012-04-16 17:24:00,3573.0,M1.7,2
1582__event_anchor_001,1582,2012-04-16 21:12:00,,,,2
1590__event_anchor_000,1590,2012-04-18 02:48:00,,,,2
1592__event_anchor_000,1592,2012-04-18 11:48:00,,,,2
1593__event_anchor_000,1593,2012-04-19 00:12:00,,,,2
1594__event_anchor_000,1594,2012-04-19 08:36:00,,,,2
1596__event_anchor_000,1596,2012-04-19 18:36:00,,,,2
1600__event_anchor_000,1600,2012-04-20 20:00:00,,,,2
1601__event_anchor_000,1601,2012-04-20 20:48:00,,,,2
1602__event_anchor_000,1602,2012-04-21 00:00:00,,,,2
1603__event_anchor_000,1603,2012-04-21 04:48:00,2012-04-27 08:15:00,3640.0,M1.0,2
1603__event_anchor_001,1603,2012-04-27 12:12:00,,,,2
1606__event_anchor_000,1606,2012-04-22 04:48:00,,,,2
1608__event_anchor_000,1608,2012-04-22 10:12:00,,,,2
1610__event_anchor_000,1610,2012-04-23 18:00:00,,,,2
1611__event_anchor_000,1611,2012-04-23 23:00:00,,,,2
1613__event_anchor_000,1613,2012-04-24 04:24:00,,,,2
1615__event_anchor_000,1615,2012-04-25 07:24:00,,,,2
1618__event_anchor_000,1618,2012-04-26 16:36:00,,,,2
1619__event_anchor_000,1619,2012-04-27 02:24:00,,,,2
1620__event_anchor_000,1620,2012-04-27 05:48:00,,,,2
1621__event_anchor_000,1621,2012-04-27 14:36:00,2012-05-07 14:03:00,3740.0,M1.9,2
1621__event_anchor_001,1621,2012-05-07 18:00:00,,,,2
1624__event_anchor_000,1624,2012-04-28 09:36:00,,,,2
1626__event_anchor_000,1626,2012-04-28 12:24:00,,,,2
1627__event_anchor_000,1627,2012-04-28 20:48:00,,,,2
1628__event_anchor_000,1628,2012-04-29 08:00:00,,,,2
1632__event_anchor_000,1632,2012-05-01 21:00:00,,,,2
1633__event_anchor_000,1633,2012-05-01 23:00:00,,,,2
1634__event_anchor_000,1634,2012-05-02 11:48:00,,,,2
1636__event_anchor_000,1636,2012-05-04 07:00:00,,,,2
1637__event_anchor_000,1637,2012-05-04 11:24:00,,,,2
1638__event_anchor_000,1638,2012-05-04 16:48:00,2012-05-05 13:19:00,3701.0,M1.4,2
1638__event_anchor_001,1638,2012-05-05 17:12:00,2012-05-05 22:56:00,3710.0,M1.3,2
1638__event_anchor_002,1638,2012-05-06 02:48:00,2012-05-06 17:41:00,3724.0,M1.3,2
1638__event_anchor_003,1638,2012-05-06 21:36:00,2012-05-08 13:02:00,3747.0,M1.4,2
1638__event_anchor_004,1638,2012-05-08 17:00:00,2012-05-09 12:21:00,3760.0,M4.7,2
1638__event_anchor_005,1638,2012-05-09 16:12:00,2012-05-09 21:01:00,3767.0,M4.1,2
1638__event_anchor_006,1638,2012-05-10 01:00:00,2012-05-10 04:11:00,3777.0,M5.7,2
1638__event_anchor_007,1638,2012-05-10 08:00:00,2012-05-10 20:20:00,3792.0,M1.7,2
1638__event_anchor_008,1638,2012-05-11 00:12:00,2012-05-17 01:25:00,3849.0,M5.1,2
1638__event_anchor_009,1638,2012-05-17 05:24:00,,,,2
1639__event_anchor_000,1639,2012-05-04 23:48:00,,,,2
1640__event_anchor_000,1640,2012-05-05 18:24:00,,,,2
1641__event_anchor_000,1641,2012-05-06 03:36:00,,,,2
1642__event_anchor_000,1642,2012-05-06 18:48:00,,,,2
1644__event_anchor_000,1644,2012-05-08 01:00:00,,,,2
1648__event_anchor_000,1648,2012-05-09 10:00:00,,,,2
1649__event_anchor_000,1649,2012-05-09 13:00:00,,,,2
1651__event_anchor_000,1651,2012-05-09 20:24:00,,,,2
1653__event_anchor_000,1653,2012-05-10 17:24:00,,,,2
1657__event_anchor_000,1657,2012-05-12 05:36:00,,,,2
1658__event_anchor_000,1658,2012-05-12 16:24:00,,,,2
1661__event_anchor_000,1661,2012-05-13 01:48:00,,,,2
1662__event_anchor_000,1662,2012-05-13 10:24:00,,,,2
1663__event_anchor_000,1663,2012-05-13 16:00:00,,,,2
1666__event_anchor_000,1666,2012-05-15 00:36:00,,,,2
1667__event_anchor_000,1667,2012-05-15 00:48:00,,,,2
1668__event_anchor_000,1668,2012-05-15 03:12:00,,,,2
1669__event_anchor_000,1669,2012-05-15 05:24:00,,,,2
1672__event_anchor_000,1672,2012-05-15 21:00:00,,,,2
1674__event_anchor_000,1674,2012-05-16 15:24:00,,,,2
1675__event_anchor_000,1675,2012-05-16 15:48:00,,,,2
1677__event_anchor_000,1677,2012-05-17 12:48:00,,,,2
1678__event_anchor_000,1678,2012-05-17 15:12:00,,,,2
1680__event_anchor_000,1680,2012-05-17 21:00:00,,,,2
1681__event_anchor_000,1681,2012-05-17 21:24:00,,,,2
1682__event_anchor_000,1682,2012-05-18 00:24:00,,,,2
1688__event_anchor_000,1688,2012-05-20 17:12:00,,,,2
1689__event_anchor_000,1689,2012-05-20 23:12:00,,,,2
1690__event_anchor_000,1690,2012-05-21 00:12:00,,,,2
1691__event_anchor_000,1691,2012-05-22 00:00:00,,,,2
1692__event_anchor_000,1692,2012-05-22 00:48:00,,,,2
1694__event_anchor_000,1694,2012-05-22 10:24:00,,,,2
1695__event_anchor_000,1695,2012-05-22 12:24:00,,,,2
1696__event_anchor_000,1696,2012-05-22 13:36:00,,,,2
1697__event_anchor_000,1697,2012-05-22 16:24:00,,,,2
1698__event_anchor_000,1698,2012-05-22 18:36:00,,,,2
1699__event_anchor_000,1699,2012-05-23 06:36:00,,,,2
1701__event_anchor_000,1701,2012-05-23 18:12:00,,,,2
1704__event_anchor_000,1704,2012-05-24 23:48:00,,,,2
1705__event_anchor_000,1705,2012-05-24 23:48:00,,,,2
1706__event_anchor_000,1706,2012-05-25 09:00:00,,,,2
1708__event_anchor_000,1708,2012-05-26 14:00:00,,,,2
1711__event_anchor_000,1711,2012-05-27 04:24:00,,,,2
1712__event_anchor_000,1712,2012-05-27 20:12:00,,,,2
1715__event_anchor_000,1715,2012-05-28 16:24:00,,,,2
1721__event_anchor_000,1721,2012-05-29 17:24:00,,,,2
1722__event_anchor_000,1722,2012-05-30 20:12:00,2012-06-03 17:48:00,3921.0,M3.3,2
1722__event_anchor_001,1722,2012-06-03 21:36:00,,,,2
1724__event_anchor_000,1724,2012-05-31 02:36:00,2012-06-06 19:54:00,3935.0,M2.1,2
1724__event_anchor_001,1724,2012-06-06 23:48:00,,,,2
1725__event_anchor_000,1725,2012-05-31 05:48:00,,,,2
1727__event_anchor_000,1727,2012-05-31 16:24:00,,,,2
1735__event_anchor_000,1735,2012-06-02 12:12:00,,,,2
1737__event_anchor_000,1737,2012-06-03 04:48:00,,,,2
1738__event_anchor_000,1738,2012-06-04 09:00:00,,,,2
1742__event_anchor_000,1742,2012-06-07 04:00:00,,,,2
1743__event_anchor_000,1743,2012-06-07 12:36:00,,,,2
1744__event_anchor_000,1744,2012-06-07 17:48:00,,,,2
1746__event_anchor_000,1746,2012-06-08 05:24:00,,,,2
1750__event_anchor_000,1750,2012-06-08 15:24:00,2012-06-09 11:20:00,3957.0,M1.9,2
1750__event_anchor_001,1750,2012-06-09 15:12:00,2012-06-09 16:45:00,3959.0,M1.8,2
1750__event_anchor_002,1750,2012-06-09 20:36:00,2012-06-10 06:39:00,3965.0,M1.3,2
1750__event_anchor_003,1750,2012-06-10 10:36:00,2012-06-13 11:29:00,4000.0,M1.2,2
1750__event_anchor_004,1750,2012-06-13 15:24:00,2012-06-14 12:52:00,4015.0,M1.9,2
1750__event_anchor_005,1750,2012-06-14 16:48:00,,,,2
1751__event_anchor_000,1751,2012-06-09 01:12:00,,,,2
1756__event_anchor_000,1756,2012-06-09 08:24:00,,,,2
1759__event_anchor_000,1759,2012-06-09 10:48:00,,,,2
1760__event_anchor_000,1760,2012-06-09 13:24:00,,,,2
1764__event_anchor_000,1764,2012-06-11 03:24:00,,,,2
1766__event_anchor_000,1766,2012-06-11 07:12:00,,,,2
1767__event_anchor_000,1767,2012-06-11 08:12:00,,,,2
1768__event_anchor_000,1768,2012-06-11 09:36:00,,,,2
1770__event_anchor_000,1770,2012-06-11 23:00:00,,,,2
1772__event_anchor_000,1772,2012-06-12 02:36:00,,,,2
1773__event_anchor_000,1773,2012-06-12 23:24:00,,,,2
1774__event_anchor_000,1774,2012-06-14 05:24:00,,,,2
1776__event_anchor_000,1776,2012-06-15 02:12:00,,,,2
1777__event_anchor_000,1777,2012-06-15 10:00:00,,,,2
1781__event_anchor_000,1781,2012-06-18 08:24:00,,,,2
1782__event_anchor_000,1782,2012-06-18 21:48:00,,,,2
1783__event_anchor_000,1783,2012-06-18 23:48:00,,,,2
1784__event_anchor_000,1784,2012-06-19 04:36:00,,,,2
1785__event_anchor_000,1785,2012-06-19 11:12:00,,,,2
1786__event_anchor_000,1786,2012-06-20 18:00:00,,,,2
1787__event_anchor_000,1787,2012-06-21 02:00:00,,,,2
1788__event_anchor_000,1788,2012-06-21 09:36:00,,,,2
1789__event_anchor_000,1789,2012-06-21 15:36:00,,,,2
1791__event_anchor_000,1791,2012-06-22 08:12:00,,,,2
1794__event_anchor_000,1794,2012-06-22 23:24:00,,,,2
1795__event_anchor_000,1795,2012-06-23 01:00:00,,,,2
1798__event_anchor_000,1798,2012-06-23 19:48:00,,,,2
1803__event_anchor_000,1803,2012-06-24 09:12:00,,,,2
1806__event_anchor_000,1806,2012-06-26 01:12:00,2012-06-28 16:07:00,4078.0,M2.4,2
1806__event_anchor_001,1806,2012-06-28 20:00:00,2012-06-29 09:13:00,4088.0,M2.2,2
1806__event_anchor_002,1806,2012-06-29 13:12:00,2012-06-30 12:48:00,4097.0,M1.0,2
1806__event_anchor_003,1806,2012-06-30 16:36:00,2012-06-30 18:26:00,4099.0,M1.6,2
1806__event_anchor_004,1806,2012-06-30 22:24:00,2012-07-01 19:11:00,4109.0,M2.8,2
1806__event_anchor_005,1806,2012-07-01 23:00:00,2012-07-02 00:26:00,4110.0,M1.1,2
1806__event_anchor_006,1806,2012-07-02 04:24:00,2012-07-04 16:33:00,4161.0,M1.8,2
1806__event_anchor_007,1806,2012-07-04 20:24:00,,,,2
1807__event_anchor_000,1807,2012-06-26 07:48:00,2012-07-02 10:43:00,4119.0,M5.6,2
1807__event_anchor_001,1807,2012-07-02 14:36:00,2012-07-02 19:59:00,4128.0,M3.8,2
1807__event_anchor_002,1807,2012-07-02 23:48:00,2012-07-02 23:49:00,4132.0,M2.0,2
1807__event_anchor_003,1807,2012-07-03 03:48:00,2012-07-04 04:28:00,4151.0,M2.3,2
1807__event_anchor_004,1807,2012-07-04 08:24:00,2012-07-04 09:47:00,4153.0,M5.3,2
1807__event_anchor_005,1807,2012-07-04 13:36:00,2012-07-04 14:35:00,4157.0,M1.3,2
1807__event_anchor_006,1807,2012-07-04 18:24:00,2012-07-04 22:03:00,4164.0,M4.6,2
1807__event_anchor_007,1807,2012-07-05 02:00:00,2012-07-05 02:35:00,4169.0,M2.2,2
1807__event_anchor_008,1807,2012-07-05 06:24:00,2012-07-05 06:49:00,4172.0,M1.1,2
1807__event_anchor_009,1807,2012-07-05 10:48:00,2012-07-05 11:39:00,4177.0,M6.1,2
1807__event_anchor_010,1807,2012-07-05 15:36:00,2012-07-05 20:09:00,4186.0,M1.6,2
1807__event_anchor_011,1807,2012-07-06 00:00:00,2012-07-06 01:37:00,4190.0,M2.9,2
1807__event_anchor_012,1807,2012-07-06 05:36:00,2012-07-06 08:17:00,4196.0,M1.5,2
1807__event_anchor_013,1807,2012-07-06 12:12:00,2012-07-06 13:26:00,4199.0,M1.2,2
1807__event_anchor_014,1807,2012-07-06 17:24:00,2012-07-06 18:48:00,4204.0,M1.3,2
1807__event_anchor_015,1807,2012-07-06 22:36:00,2012-07-06 23:01:00,4206.0,X1.1,2
1807__event_anchor_016,1807,2012-07-07 03:00:00,2012-07-07 03:10:00,4207.0,M1.2,2
1807__event_anchor_017,1807,2012-07-07 07:00:00,2012-07-07 10:57:00,4211.0,M2.6,2
1807__event_anchor_018,1807,2012-07-07 14:48:00,2012-07-08 05:41:00,4223.0,M1.3,2
1807__event_anchor_019,1807,2012-07-08 09:36:00,2012-07-08 09:44:00,4225.0,M1.1,2
1807__event_anchor_020,1807,2012-07-08 13:36:00,2012-07-08 16:23:00,4231.0,M6.9,2
1807__event_anchor_021,1807,2012-07-08 20:12:00,,,,2
1810__event_anchor_000,1810,2012-06-26 17:36:00,,,,2
1811__event_anchor_000,1811,2012-06-26 18:48:00,,,,2
1814__event_anchor_000,1814,2012-06-27 12:12:00,,,,2
1818__event_anchor_000,1818,2012-06-29 08:36:00,,,,2
1819__event_anchor_000,1819,2012-06-30 01:00:00,,,,2
1820__event_anchor_000,1820,2012-06-30 15:12:00,,,,2
1822__event_anchor_000,1822,2012-07-01 05:24:00,,,,2
1828__event_anchor_000,1828,2012-07-02 03:48:00,,,,2
1830__event_anchor_000,1830,2012-07-03 03:00:00,,,,2
1832__event_anchor_000,1832,2012-07-03 15:00:00,,,,2
1834__event_anchor_000,1834,2012-07-04 07:12:00,2012-07-05 07:40:00,4173.0,M1.3,2
1834__event_anchor_001,1834,2012-07-05 11:36:00,2012-07-07 08:18:00,4209.0,M1.0,2
1834__event_anchor_002,1834,2012-07-07 12:12:00,2012-07-09 23:03:00,4240.0,M1.1,2
1834__event_anchor_003,1834,2012-07-10 03:00:00,2012-07-10 04:58:00,4243.0,M1.7,2
1834__event_anchor_004,1834,2012-07-10 08:48:00,2012-07-12 15:37:00,4262.0,X1.4,2
1834__event_anchor_005,1834,2012-07-12 19:36:00,2012-07-14 04:51:00,4269.0,M1.0,2
1834__event_anchor_006,1834,2012-07-14 08:48:00,2012-07-17 12:03:00,4290.0,M1.7,2
1834__event_anchor_007,1834,2012-07-17 16:00:00,2012-07-19 04:17:00,4296.0,M7.7,2
1836__event_anchor_000,1836,2012-07-04 20:12:00,,,,2
1837__event_anchor_000,1837,2012-07-05 10:24:00,,,,2
1844__event_anchor_000,1844,2012-07-06 21:24:00,,,,2
1845__event_anchor_000,1845,2012-07-07 01:36:00,,,,2
1856__event_anchor_000,1856,2012-07-09 20:48:00,,,,2
1863__event_anchor_000,1863,2012-07-12 03:00:00,,,,2
1866__event_anchor_000,1866,2012-07-15 12:24:00,,,,2
1867__event_anchor_000,1867,2012-07-15 17:36:00,,,,2
1868__event_anchor_000,1868,2012-07-15 21:48:00,,,,2
1869__event_anchor_000,1869,2012-07-16 10:24:00,,,,2
1872__event_anchor_000,1872,2012-07-19 03:00:00,,,,2
1873__event_anchor_000,1873,2012-07-19 13:00:00,,,,2
1876__event_anchor_000,1876,2012-07-21 20:48:00,,,,2
1877__event_anchor_000,1877,2012-07-22 13:24:00,,,,2
1878__event_anchor_000,1878,2012-07-22 22:24:00,,,,2
1879__event_anchor_000,1879,2012-07-23 01:00:00,2012-07-27 17:17:00,4329.0,M2.7,2
1879__event_anchor_001,1879,2012-07-27 21:12:00,2012-07-28 20:44:00,4334.0,M6.1,2
1879__event_anchor_002,1879,2012-07-29 00:36:00,2012-07-29 06:15:00,4337.0,M2.3,2
1879__event_anchor_003,1879,2012-07-29 10:12:00,2012-07-30 15:39:00,4353.0,M1.1,2
1879__event_anchor_004,1879,2012-07-30 19:36:00,,,,2
1885__event_anchor_000,1885,2012-07-25 08:36:00,,,,2
1886__event_anchor_000,1886,2012-07-25 11:36:00,,,,2
1889__event_anchor_000,1889,2012-07-26 00:12:00,,,,2
1890__event_anchor_000,1890,2012-07-26 10:48:00,,,,2
1892__event_anchor_000,1892,2012-07-26 16:48:00,,,,2
1893__event_anchor_000,1893,2012-07-26 23:12:00,,,,2
1895__event_anchor_000,1895,2012-07-27 08:12:00,,,,2
1903__event_anchor_000,1903,2012-07-29 02:48:00,,,,2
1907__event_anchor_000,1907,2012-07-31 02:12:00,2012-08-11 11:55:00,4443.0,M1.0,2
1907__event_anchor_001,1907,2012-08-11 15:48:00,,,,2
1908__event_anchor_000,1908,2012-07-31 09:24:00,,,,2
1909__event_anchor_000,1909,2012-07-31 22:48:00,,,,2
1912__event_anchor_000,1912,2012-08-02 11:00:00,,,,2
1913__event_anchor_000,1913,2012-08-02 19:36:00,,,,2
1915__event_anchor_000,1915,2012-08-03 00:36:00,,,,2
1922__event_anchor_000,1922,2012-08-04 06:36:00,,,,2
1924__event_anchor_000,1924,2012-08-04 22:12:00,,,,2
1925__event_anchor_000,1925,2012-08-05 04:24:00,,,,2
1930__event_anchor_000,1930,2012-08-06 08:24:00,,,,2
1931__event_anchor_000,1931,2012-08-06 15:00:00,,,,2
1932__event_anchor_000,1932,2012-08-07 11:00:00,,,,2
1933__event_anchor_000,1933,2012-08-08 00:12:00,,,,2
1934__event_anchor_000,1934,2012-08-08 20:24:00,,,,2
1935__event_anchor_000,1935,2012-08-09 17:24:00,,,,2
1936__event_anchor_000,1936,2012-08-09 19:12:00,,,,2
1938__event_anchor_000,1938,2012-08-10 01:00:00,,,,2
1939__event_anchor_000,1939,2012-08-11 00:48:00,,,,2
1940__event_anchor_000,1940,2012-08-15 09:36:00,,,,2
1941__event_anchor_000,1941,2012-08-15 18:48:00,,,,2
1942__event_anchor_000,1942,2012-08-15 21:48:00,,,,2
1943__event_anchor_000,1943,2012-08-16 08:48:00,,,,2
1944__event_anchor_000,1944,2012-08-17 10:00:00,,,,2
1945__event_anchor_000,1945,2012-08-17 22:24:00,,,,2
1946__event_anchor_000,1946,2012-08-18 01:12:00,2012-08-18 03:17:00,4477.0,M1.8,2
1946__event_anchor_001,1946,2012-08-18 07:12:00,2012-08-18 16:02:00,4490.0,M2.0,2
1946__event_anchor_002,1946,2012-08-18 20:00:00,2012-08-18 22:46:00,4497.0,M1.0,2
1946__event_anchor_003,1946,2012-08-19 02:36:00,,,,2
1947__event_anchor_000,1947,2012-08-18 04:00:00,,,,2
1948__event_anchor_000,1948,2012-08-18 17:48:00,,,,2
1949__event_anchor_000,1949,2012-08-19 14:24:00,,,,2
1950__event_anchor_000,1950,2012-08-19 15:48:00,,,,2
1951__event_anchor_000,1951,2012-08-20 05:36:00,,,,2
1952__event_anchor_000,1952,2012-08-20 07:36:00,,,,2
1953__event_anchor_000,1953,2012-08-21 05:48:00,,,,2
1955__event_anchor_000,1955,2012-08-21 17:24:00,,,,2
1957__event_anchor_000,1957,2012-08-21 21:48:00,,,,2
1959__event_anchor_000,1959,2012-08-22 09:00:00,,,,2
1962__event_anchor_000,1962,2012-08-22 23:48:00,,,,2
1963__event_anchor_000,1963,2012-08-23 06:24:00,,,,2
1965__event_anchor_000,1965,2012-08-23 20:24:00,,,,2
1967__event_anchor_000,1967,2012-08-23 22:24:00,,,,2
1968__event_anchor_000,1968,2012-08-24 17:36:00,,,,2
1970__event_anchor_000,1970,2012-08-24 19:00:00,,,,2
1971__event_anchor_000,1971,2012-08-25 12:24:00,,,,2
1974__event_anchor_000,1974,2012-08-25 22:36:00,,,,2
1976__event_anchor_000,1976,2012-08-26 02:36:00,,,,2
1978__event_anchor_000,1978,2012-08-26 13:00:00,,,,2
1979__event_anchor_000,1979,2012-08-27 01:00:00,,,,2
1981__event_anchor_000,1981,2012-08-27 07:36:00,,,,2
1982__event_anchor_000,1982,2012-08-27 11:00:00,,,,2
1984__event_anchor_000,1984,2012-08-27 15:48:00,,,,2
1987__event_anchor_000,1987,2012-08-28 08:48:00,,,,2
1988__event_anchor_000,1988,2012-08-28 11:48:00,,,,2
1989__event_anchor_000,1989,2012-08-28 12:48:00,,,,2
1990__event_anchor_000,1990,2012-08-28 19:00:00,,,,2
1991__event_anchor_000,1991,2012-08-28 21:24:00,,,,2
1993__event_anchor_000,1993,2012-08-29 14:24:00,2012-09-06 04:06:00,4614.0,M1.6,2
1993__event_anchor_001,1993,2012-09-06 08:00:00,,,,2
1996__event_anchor_000,1996,2012-08-30 02:48:00,2012-08-30 12:02:00,4560.0,M1.3,2
1996__event_anchor_001,1996,2012-08-30 16:00:00,,,,2
1997__event_anchor_000,1997,2012-08-30 04:12:00,,,,2
1998__event_anchor_000,1998,2012-08-30 10:36:00,,,,2
1999__event_anchor_000,1999,2012-08-30 16:24:00,2012-09-08 17:35:00,4629.0,M1.4,2
1999__event_anchor_001,1999,2012-09-08 21:24:00,2012-09-09 21:50:00,4636.0,M1.2,2
1999__event_anchor_002,1999,2012-09-10 01:48:00,,,,2
2001__event_anchor_000,2001,2012-09-01 11:24:00,,,,2
2007__event_anchor_000,2007,2012-09-02 16:00:00,,,,2
2008__event_anchor_000,2008,2012-09-02 21:24:00,,,,2
2011__event_anchor_000,2011,2012-09-03 15:12:00,,,,2
2012__event_anchor_000,2012,2012-09-04 09:12:00,,,,2
2013__event_anchor_000,2013,2012-09-04 09:36:00,,,,2
2014__event_anchor_000,2014,2012-09-04 17:24:00,,,,2
2015__event_anchor_000,2015,2012-09-05 06:12:00,,,,2
2017__event_anchor_000,2017,2012-09-05 15:48:00,,,,2
2021__event_anchor_000,2021,2012-09-06 14:12:00,,,,2
2023__event_anchor_000,2023,2012-09-07 06:36:00,,,,2
2025__event_anchor_000,2025,2012-09-08 20:00:00,,,,2
2026__event_anchor_000,2026,2012-09-09 20:24:00,,,,2
2027__event_anchor_000,2027,2012-09-10 10:00:00,,,,2
2028__event_anchor_000,2028,2012-09-11 01:48:00,,,,2
2029__event_anchor_000,2029,2012-09-11 20:48:00,,,,2
2030__event_anchor_000,2030,2012-09-12 12:12:00,,,,2
2031__event_anchor_000,2031,2012-09-12 19:36:00,,,,2
2035__event_anchor_000,2035,2012-09-14 18:36:00,,,,2
2036__event_anchor_000,2036,2012-09-15 00:48:00,,,,2
2037__event_anchor_000,2037,2012-09-15 09:12:00,,,,2
2038__event_anchor_000,2038,2012-09-15 13:12:00,,,,2
2039__event_anchor_000,2039,2012-09-16 16:00:00,,,,2
2040__event_anchor_000,2040,2012-09-18 03:12:00,2012-09-30 04:27:00,4735.0,M1.3,2
2040__event_anchor_001,2040,2012-09-30 08:24:00,,,,2
2041__event_anchor_000,2041,2012-09-18 03:12:00,,,,2
2042__event_anchor_000,2042,2012-09-18 12:12:00,,,,2
2043__event_anchor_000,2043,2012-09-18 12:48:00,,,,2
2044__event_anchor_000,2044,2012-09-18 13:36:00,,,,2
2047__event_anchor_000,2047,2012-09-19 18:00:00,,,,2
2048__event_anchor_000,2048,2012-09-20 02:00:00,,,,2
2055__event_anchor_000,2055,2012-09-22 22:12:00,,,,2
2058__event_anchor_000,2058,2012-09-23 16:12:00,,,,2
2059__event_anchor_000,2059,2012-09-24 01:12:00,,,,2
2061__event_anchor_000,2061,2012-09-24 15:36:00,,,,2
2063__event_anchor_000,2063,2012-09-24 18:12:00,,,,2
2064__event_anchor_000,2064,2012-09-24 20:36:00,,,,2
2065__event_anchor_000,2065,2012-09-25 04:24:00,,,,2
2066__event_anchor_000,2066,2012-09-25 05:48:00,,,,2
2067__event_anchor_000,2067,2012-09-25 13:48:00,,,,2
2069__event_anchor_000,2069,2012-09-25 20:48:00,,,,2
2073__event_anchor_000,2073,2012-09-26 06:24:00,,,,2
2081__event_anchor_000,2081,2012-09-28 11:36:00,,,,2
2083__event_anchor_000,2083,2012-09-28 17:48:00,,,,2
2085__event_anchor_000,2085,2012-09-28 23:36:00,,,,2
2086__event_anchor_000,2086,2012-09-29 02:00:00,,,,2
2088__event_anchor_000,2088,2012-09-29 16:12:00,,,,2
2089__event_anchor_000,2089,2012-09-29 21:48:00,,,,2
2091__event_anchor_000,2091,2012-09-30 11:48:00,,,,2
2094__event_anchor_000,2094,2012-10-01 04:36:00,,,,2
2097__event_anchor_000,2097,2012-10-01 19:00:00,,,,2
2098__event_anchor_000,2098,2012-10-01 19:12:00,,,,2
2099__event_anchor_000,2099,2012-10-01 20:48:00,,,,2
2100__event_anchor_000,2100,2012-10-02 09:24:00,,,,2
2102__event_anchor_000,2102,2012-10-04 05:12:00,,,,2
2103__event_anchor_000,2103,2012-10-04 15:12:00,,,,2
2105__event_anchor_000,2105,2012-10-05 11:24:00,,,,2
2106__event_anchor_000,2106,2012-10-05 12:00:00,,,,2
2107__event_anchor_000,2107,2012-10-06 16:24:00,,,,2
2108__event_anchor_000,2108,2012-10-06 22:48:00,,,,2
2109__event_anchor_000,2109,2012-10-09 02:00:00,,,,2
2110__event_anchor_000,2110,2012-10-09 06:12:00,,,,2
2112__event_anchor_000,2112,2012-10-10 07:24:00,,,,2
2113__event_anchor_000,2113,2012-10-10 16:12:00,,,,2
2114__event_anchor_000,2114,2012-10-16 20:24:00,,,,2
2115__event_anchor_000,2115,2012-10-12 09:00:00,,,,2
2116__event_anchor_000,2116,2012-10-12 23:24:00,,,,2
2117__event_anchor_000,2117,2012-10-16 20:24:00,,,,2
2118__event_anchor_000,2118,2012-10-16 20:24:00,,,,2
2121__event_anchor_000,2121,2012-10-16 20:24:00,,,,2
2122__event_anchor_000,2122,2012-10-16 20:24:00,,,,2
2123__event_anchor_000,2123,2012-10-16 20:24:00,,,,2
2127__event_anchor_000,2127,2012-10-17 09:24:00,,,,2
2130__event_anchor_000,2130,2012-10-17 20:00:00,,,,2
2131__event_anchor_000,2131,2012-10-17 20:00:00,,,,2
2133__event_anchor_000,2133,2012-10-19 10:24:00,,,,2
2135__event_anchor_000,2135,2012-10-20 09:00:00,,,,2
2137__event_anchor_000,2137,2012-10-20 17:36:00,2012-10-20 18:05:00,4861.0,M9.0,2
2137__event_anchor_001,2137,2012-10-20 22:00:00,2012-10-21 19:46:00,4869.0,M1.3,2
2137__event_anchor_002,2137,2012-10-21 23:36:00,2012-10-22 18:38:00,4877.0,M5.0,2
2137__event_anchor_003,2137,2012-10-22 22:36:00,2012-10-23 03:13:00,4879.0,X1.8,2
2137__event_anchor_004,2137,2012-10-23 07:12:00,,,,2
2139__event_anchor_000,2139,2012-10-21 07:00:00,,,,2
2140__event_anchor_000,2140,2012-10-21 14:36:00,,,,2
2141__event_anchor_000,2141,2012-10-21 15:24:00,,,,2
2143__event_anchor_000,2143,2012-10-23 03:12:00,,,,2
2144__event_anchor_000,2144,2012-10-23 06:12:00,,,,2
2145__event_anchor_000,2145,2012-10-23 09:12:00,,,,2
2147__event_anchor_000,2147,2012-10-23 23:24:00,,,,2
2148__event_anchor_000,2148,2012-10-24 02:00:00,,,,2
2149__event_anchor_000,2149,2012-10-24 14:48:00,,,,2
2151__event_anchor_000,2151,2012-10-25 11:48:00,,,,2
2152__event_anchor_000,2152,2012-10-26 00:12:00,,,,2
2153__event_anchor_000,2153,2012-10-26 01:48:00,,,,2
2154__event_anchor_000,2154,2012-10-26 04:36:00,,,,2
2155__event_anchor_000,2155,2012-10-26 05:48:00,,,,2
2156__event_anchor_000,2156,2012-10-26 07:36:00,,,,2
2158__event_anchor_000,2158,2012-10-26 13:12:00,,,,2
2161__event_anchor_000,2161,2012-10-27 10:12:00,,,,2
2162__event_anchor_000,2162,2012-10-28 01:24:00,,,,2
2163__event_anchor_000,2163,2012-10-28 05:24:00,,,,2
2165__event_anchor_000,2165,2012-10-28 12:36:00,,,,2
2166__event_anchor_000,2166,2012-10-28 15:36:00,,,,2
2168__event_anchor_000,2168,2012-10-29 15:00:00,,,,2
2169__event_anchor_000,2169,2012-10-31 00:36:00,,,,2
2170__event_anchor_000,2170,2012-11-01 04:48:00,,,,2
2171__event_anchor_000,2171,2012-11-02 00:12:00,,,,2
2173__event_anchor_000,2173,2012-11-02 02:12:00,,,,2
2175__event_anchor_000,2175,2012-11-03 12:24:00,,,,2
2176__event_anchor_000,2176,2012-11-04 09:00:00,,,,2
2177__event_anchor_000,2177,2012-11-04 14:00:00,,,,2
2178__event_anchor_000,2178,2012-11-04 23:00:00,,,,2
2179__event_anchor_000,2179,2012-11-05 13:24:00,,,,2
2181__event_anchor_000,2181,2012-11-06 02:48:00,,,,2
2183__event_anchor_000,2183,2012-11-06 17:00:00,,,,2
2186__event_anchor_000,2186,2012-11-07 09:00:00,2012-11-08 02:08:00,4938.0,M1.7,2
2186__event_anchor_001,2186,2012-11-08 06:00:00,,,,2
2191__event_anchor_000,2191,2012-11-10 01:36:00,2012-11-12 23:13:00,4964.0,M2.0,2
2191__event_anchor_001,2191,2012-11-13 03:12:00,2012-11-13 05:42:00,4969.0,M2.5,2
2191__event_anchor_002,2191,2012-11-13 09:36:00,2012-11-13 20:50:00,4976.0,M2.8,2
2191__event_anchor_003,2191,2012-11-14 00:48:00,2012-11-14 03:59:00,4979.0,M1.1,2
2191__event_anchor_004,2191,2012-11-14 07:48:00,,,,2
2192__event_anchor_000,2192,2012-11-10 14:36:00,,,,2
2193__event_anchor_000,2193,2012-11-10 21:00:00,2012-11-11 02:11:00,4954.0,M1.0,2
2193__event_anchor_001,2193,2012-11-11 06:00:00,,,,2
2197__event_anchor_000,2197,2012-11-11 22:12:00,,,,2
2200__event_anchor_000,2200,2012-11-12 13:12:00,,,,2
2202__event_anchor_000,2202,2012-11-12 23:36:00,,,,2
2203__event_anchor_000,2203,2012-11-13 04:12:00,,,,2
2205__event_anchor_000,2205,2012-11-13 11:48:00,,,,2
2207__event_anchor_000,2207,2012-11-13 14:48:00,,,,2
2211__event_anchor_000,2211,2012-11-14 13:00:00,,,,2
2212__event_anchor_000,2212,2012-11-14 13:00:00,,,,2
2220__event_anchor_000,2220,2012-11-16 02:00:00,2012-11-20 12:36:00,5016.0,M1.7,2
2220__event_anchor_001,2220,2012-11-20 16:24:00,2012-11-20 19:21:00,5020.0,M1.6,2
2220__event_anchor_002,2220,2012-11-20 23:12:00,2012-11-21 06:45:00,5022.0,M1.4,2
2220__event_anchor_003,2220,2012-11-21 10:36:00,2012-11-21 15:10:00,5025.0,M3.5,2
2220__event_anchor_004,2220,2012-11-21 19:00:00,2012-11-27 15:52:00,5072.0,M1.6,2
2220__event_anchor_005,2220,2012-11-27 19:48:00,,,,2
2224__event_anchor_000,2224,2012-11-18 07:36:00,,,,2
2225__event_anchor_000,2225,2012-11-18 08:36:00,,,,2
2226__event_anchor_000,2226,2012-11-18 20:48:00,,,,2
2227__event_anchor_000,2227,2012-11-19 01:00:00,2012-11-27 21:05:00,5076.0,M1.0,2
2227__event_anchor_001,2227,2012-11-28 01:00:00,2012-11-28 21:20:00,5088.0,M2.2,2
2227__event_anchor_002,2227,2012-11-29 01:12:00,,,,2
2228__event_anchor_000,2228,2012-11-19 13:36:00,,,,2
2229__event_anchor_000,2229,2012-11-19 17:00:00,,,,2
2230__event_anchor_000,2230,2012-11-20 23:00:00,,,,2
2231__event_anchor_000,2231,2012-11-21 09:12:00,,,,2
2232__event_anchor_000,2232,2012-11-22 03:00:00,,,,2
2233__event_anchor_000,2233,2012-11-22 10:36:00,,,,2
2234__event_anchor_000,2234,2012-11-22 12:36:00,,,,2
2235__event_anchor_000,2235,2012-11-22 18:00:00,,,,2
2236__event_anchor_000,2236,2012-11-22 21:00:00,,,,2
2238__event_anchor_000,2238,2012-11-24 03:12:00,,,,2
2239__event_anchor_000,2239,2012-11-24 03:12:00,,,,2
2240__event_anchor_000,2240,2012-11-24 08:12:00,,,,2
2241__event_anchor_000,2241,2012-11-25 00:24:00,,,,2
2242__event_anchor_000,2242,2012-11-25 04:00:00,,,,2
2245__event_anchor_000,2245,2012-11-27 01:12:00,,,,2
2246__event_anchor_000,2246,2012-11-27 05:48:00,,,,2
2249__event_anchor_000,2249,2012-11-27 16:00:00,,,,2
2254__event_anchor_000,2254,2012-11-29 07:12:00,,,,2
2255__event_anchor_000,2255,2012-11-29 14:36:00,,,,2
2256__event_anchor_000,2256,2012-11-29 18:00:00,,,,2
2257__event_anchor_000,2257,2012-12-01 03:12:00,,,,2
2259__event_anchor_000,2259,2012-12-03 04:12:00,,,,2
2260__event_anchor_000,2260,2012-12-03 22:48:00,,,,2
2261__event_anchor_000,2261,2012-12-04 14:12:00,,,,2
2262__event_anchor_000,2262,2012-12-04 15:24:00,,,,2
2264__event_anchor_000,2264,2012-12-04 16:00:00,,,,2
2265__event_anchor_000,2265,2012-12-06 02:48:00,,,,2
2267__event_anchor_000,2267,2012-12-06 07:48:00,,,,2
2268__event_anchor_000,2268,2012-12-06 11:48:00,,,,2
2270__event_anchor_000,2270,2012-12-06 21:00:00,,,,2
2272__event_anchor_000,2272,2012-12-07 01:24:00,,,,2
2273__event_anchor_000,2273,2012-12-08 00:24:00,,,,2
2274__event_anchor_000,2274,2012-12-08 03:00:00,,,,2
2276__event_anchor_000,2276,2012-12-08 08:00:00,,,,2
2280__event_anchor_000,2280,2012-12-08 17:00:00,,,,2
2283__event_anchor_000,2283,2012-12-09 14:36:00,,,,2
2285__event_anchor_000,2285,2012-12-09 22:48:00,,,,2
2286__event_anchor_000,2286,2012-12-10 00:36:00,,,,2
2287__event_anchor_000,2287,2012-12-10 11:24:00,,,,2
2288__event_anchor_000,2288,2012-12-10 22:00:00,,,,2
2289__event_anchor_000,2289,2012-12-11 19:48:00,,,,2
2291__event_anchor_000,2291,2012-12-11 23:12:00,,,,2
2292__event_anchor_000,2292,2012-12-12 03:24:00,,,,2
2293__event_anchor_000,2293,2012-12-12 06:12:00,,,,2
2294__event_anchor_000,2294,2012-12-12 07:24:00,,,,2
2295__event_anchor_000,2295,2012-12-12 08:48:00,,,,2
2299__event_anchor_000,2299,2012-12-12 18:00:00,,,,2
2301__event_anchor_000,2301,2012-12-13 07:00:00,,,,2
2302__event_anchor_000,2302,2012-12-13 12:12:00,,,,2
2303__event_anchor_000,2303,2012-12-13 23:00:00,,,,2
2306__event_anchor_000,2306,2012-12-14 10:36:00,,,,2
2308__event_anchor_000,2308,2012-12-15 11:00:00,,,,2
2313__event_anchor_000,2313,2012-12-17 22:12:00,,,,2
2314__event_anchor_000,2314,2012-12-18 05:36:00,,,,2
2315__event_anchor_000,2315,2012-12-18 10:12:00,,,,2
2316__event_anchor_000,2316,2012-12-19 02:00:00,,,,2
2318__event_anchor_000,2318,2012-12-20 06:00:00,,,,2
2321__event_anchor_000,2321,2012-12-23 19:36:00,,,,2
2322__event_anchor_000,2322,2012-12-24 04:24:00,,,,2
2323__event_anchor_000,2323,2012-12-24 10:24:00,,,,2
2324__event_anchor_000,2324,2012-12-25 04:12:00,,,,2
2325__event_anchor_000,2325,2012-12-25 12:00:00,,,,2
2329__event_anchor_000,2329,2012-12-26 12:48:00,,,,2
2331__event_anchor_000,2331,2012-12-26 23:24:00,,,,2
2334__event_anchor_000,2334,2012-12-28 12:36:00,,,,2
2335__event_anchor_000,2335,2012-12-28 21:00:00,,,,2
2336__event_anchor_000,2336,2012-12-29 02:00:00,,,,2
2337__event_anchor_000,2337,2012-12-29 16:00:00,,,,2
2338__event_anchor_000,2338,2012-12-29 22:24:00,,,,2
2340__event_anchor_000,2340,2012-12-30 10:24:00,,,,2
2341__event_anchor_000,2341,2012-12-31 01:00:00,,,,2
2342__event_anchor_000,2342,2012-12-31 04:12:00,,,,2
2344__event_anchor_000,2344,2013-01-01 10:00:00,,,,2
2348__event_anchor_000,2348,2013-01-02 13:36:00,,,,2
2349__event_anchor_000,2349,2013-01-02 17:24:00,,,,2
2351__event_anchor_000,2351,2013-01-02 19:00:00,,,,2
2352__event_anchor_000,2352,2013-01-02 21:12:00,,,,2
2353__event_anchor_000,2353,2013-01-02 23:24:00,,,,2
2355__event_anchor_000,2355,2013-01-03 19:00:00,,,,2
2356__event_anchor_000,2356,2013-01-03 19:12:00,,,,2
2358__event_anchor_000,2358,2013-01-04 00:00:00,,,,2
2360__event_anchor_000,2360,2013-01-04 06:12:00,,,,2
2361__event_anchor_000,2361,2013-01-04 06:48:00,,,,2
2362__event_anchor_000,2362,2013-01-05 06:36:00,2013-01-05 09:26:00,5315.0,M1.7,2
2362__event_anchor_001,2362,2013-01-05 13:24:00,2013-01-13 00:45:00,5379.0,M1.0,2
2362__event_anchor_002,2362,2013-01-13 04:36:00,2013-01-13 08:35:00,5382.0,M1.7,2
2362__event_anchor_003,2362,2013-01-13 12:24:00,,,,2
2366__event_anchor_000,2366,2013-01-05 11:36:00,,,,2
2368__event_anchor_000,2368,2013-01-05 18:12:00,,,,2
2370__event_anchor_000,2370,2013-01-07 02:00:00,,,,2
2371__event_anchor_000,2371,2013-01-07 06:12:00,,,,2
2372__event_anchor_000,2372,2013-01-07 22:36:00,2013-01-11 08:43:00,5363.0,M1.2,2
2372__event_anchor_001,2372,2013-01-11 12:36:00,2013-01-11 14:51:00,5365.0,M1.0,2
2372__event_anchor_002,2372,2013-01-11 18:48:00,,,,2
2375__event_anchor_000,2375,2013-01-08 07:00:00,,,,2
2377__event_anchor_000,2377,2013-01-08 13:24:00,,,,2
2378__event_anchor_000,2378,2013-01-08 16:00:00,,,,2
2380__event_anchor_000,2380,2013-01-10 03:12:00,,,,2
2381__event_anchor_000,2381,2013-01-10 12:48:00,,,,2
2384__event_anchor_000,2384,2013-01-11 19:00:00,,,,2
2387__event_anchor_000,2387,2013-01-12 11:00:00,,,,2
2396__event_anchor_000,2396,2013-01-13 20:48:00,,,,2
2398__event_anchor_000,2398,2013-01-14 04:12:00,,,,2
2399__event_anchor_000,2399,2013-01-15 01:24:00,,,,2
2400__event_anchor_000,2400,2013-01-15 11:00:00,,,,2
2401__event_anchor_000,2401,2013-01-15 22:24:00,,,,2
2407__event_anchor_000,2407,2013-01-17 16:36:00,,,,2
2408__event_anchor_000,2408,2013-01-19 15:24:00,,,,2
2409__event_anchor_000,2409,2013-01-19 15:24:00,,,,2
2411__event_anchor_000,2411,2013-01-21 12:48:00,,,,2
2412__event_anchor_000,2412,2013-01-22 02:00:00,,,,2
2413__event_anchor_000,2413,2013-01-22 17:48:00,,,,2
2414__event_anchor_000,2414,2013-01-22 19:24:00,,,,2
2415__event_anchor_000,2415,2013-01-23 01:00:00,,,,2
2419__event_anchor_000,2419,2013-01-24 17:12:00,,,,2
2420__event_anchor_000,2420,2013-01-24 23:36:00,,,,2
2421__event_anchor_000,2421,2013-01-25 03:36:00,,,,2
2423__event_anchor_000,2423,2013-01-25 09:36:00,,,,2
2424__event_anchor_000,2424,2013-01-25 09:48:00,,,,2
2425__event_anchor_000,2425,2013-01-27 03:12:00,,,,2
2426__event_anchor_000,2426,2013-01-27 03:12:00,,,,2
2427__event_anchor_000,2427,2013-01-27 03:12:00,,,,2
2428__event_anchor_000,2428,2013-01-27 07:00:00,,,,2
2429__event_anchor_000,2429,2013-01-27 07:36:00,,,,2
2430__event_anchor_000,2430,2013-01-27 13:24:00,,,,2
2431__event_anchor_000,2431,2013-01-27 17:36:00,,,,2
2432__event_anchor_000,2432,2013-01-28 01:48:00,,,,2
2433__event_anchor_000,2433,2013-01-28 09:36:00,,,,2
2436__event_anchor_000,2436,2013-01-30 05:12:00,,,,2
2437__event_anchor_000,2437,2013-01-30 12:48:00,,,,2
2438__event_anchor_000,2438,2013-01-31 14:48:00,,,,2
2439__event_anchor_000,2439,2013-01-31 18:48:00,,,,2
2440__event_anchor_000,2440,2013-01-31 19:00:00,,,,2
2441__event_anchor_000,2441,2013-02-01 03:48:00,,,,2
2442__event_anchor_000,2442,2013-02-01 03:48:00,,,,2
2443__event_anchor_000,2443,2013-02-01 03:48:00,,,,2
2444__event_anchor_000,2444,2013-02-01 03:48:00,,,,2
2446__event_anchor_000,2446,2013-02-02 09:12:00,,,,2
2448__event_anchor_000,2448,2013-02-02 23:00:00,,,,2
2450__event_anchor_000,2450,2013-02-03 12:12:00,,,,2
2452__event_anchor_000,2452,2013-02-03 19:24:00,,,,2
2453__event_anchor_000,2453,2013-02-04 00:24:00,,,,2
2458__event_anchor_000,2458,2013-02-04 23:00:00,,,,2
2459__event_anchor_000,2459,2013-02-05 09:36:00,,,,2
2460__event_anchor_000,2460,2013-02-06 00:48:00,,,,2
2462__event_anchor_000,2462,2013-02-06 18:12:00,,,,2
2463__event_anchor_000,2463,2013-02-06 18:24:00,,,,2
2464__event_anchor_000,2464,2013-02-06 20:48:00,,,,2
2465__event_anchor_000,2465,2013-02-07 03:24:00,,,,2
2466__event_anchor_000,2466,2013-02-07 17:48:00,,,,2
2467__event_anchor_000,2467,2013-02-07 23:24:00,,,,2
2468__event_anchor_000,2468,2013-02-08 01:36:00,,,,2
2469__event_anchor_000,2469,2013-02-09 06:36:00,,,,2
2470__event_anchor_000,2470,2013-02-09 13:12:00,,,,2
2471__event_anchor_000,2471,2013-02-10 00:00:00,,,,2
2472__event_anchor_000,2472,2013-02-10 11:48:00,,,,2
2473__event_anchor_000,2473,2013-02-10 13:24:00,,,,2
2474__event_anchor_000,2474,2013-02-10 15:24:00,,,,2
2475__event_anchor_000,2475,2013-02-10 16:00:00,,,,2
2479__event_anchor_000,2479,2013-02-11 14:24:00,,,,2
2480__event_anchor_000,2480,2013-02-11 15:00:00,,,,2
2481__event_anchor_000,2481,2013-02-11 23:00:00,,,,2
2482__event_anchor_000,2482,2013-02-11 23:12:00,,,,2
2488__event_anchor_000,2488,2013-02-13 14:36:00,,,,2
2489__event_anchor_000,2489,2013-02-14 05:00:00,,,,2
2491__event_anchor_000,2491,2013-02-15 09:00:00,2013-02-17 15:45:00,5510.0,M1.9,2
2491__event_anchor_001,2491,2013-02-17 19:36:00,,,,2
2492__event_anchor_000,2492,2013-02-16 04:00:00,,,,2
2493__event_anchor_000,2493,2013-02-16 04:00:00,,,,2
2496__event_anchor_000,2496,2013-02-17 03:48:00,,,,2
2497__event_anchor_000,2497,2013-02-17 17:00:00,,,,2
2498__event_anchor_000,2498,2013-02-18 17:48:00,,,,2
2500__event_anchor_000,2500,2013-02-23 14:00:00,,,,2
2501__event_anchor_000,2501,2013-02-23 23:48:00,,,,2
2502__event_anchor_000,2502,2013-02-24 09:24:00,,,,2
2503__event_anchor_000,2503,2013-02-24 16:48:00,,,,2
2504__event_anchor_000,2504,2013-02-24 20:12:00,,,,2
2506__event_anchor_000,2506,2013-02-25 12:00:00,,,,2
2511__event_anchor_000,2511,2013-02-27 09:36:00,,,,2
2516__event_anchor_000,2516,2013-03-01 03:48:00,,,,2
2518__event_anchor_000,2518,2013-03-01 03:48:00,,,,2
2519__event_anchor_000,2519,2013-03-01 10:24:00,2013-03-05 07:47:00,5569.0,M1.2,2
2519__event_anchor_001,2519,2013-03-05 11:36:00,,,,2
2520__event_anchor_000,2520,2013-03-01 23:24:00,,,,2
2522__event_anchor_000,2522,2013-03-02 14:00:00,,,,2
2525__event_anchor_000,2525,2013-03-04 01:00:00,,,,2
2529__event_anchor_000,2529,2013-03-04 17:24:00,,,,2
2530__event_anchor_000,2530,2013-03-04 20:24:00,,,,2
2532__event_anchor_000,2532,2013-03-04 22:00:00,,,,2
2533__event_anchor_000,2533,2013-03-06 02:48:00,,,,2
2537__event_anchor_000,2537,2013-03-06 14:48:00,,,,2
2541__event_anchor_000,2541,2013-03-07 05:24:00,,,,2
2543__event_anchor_000,2543,2013-03-08 06:12:00,,,,2
2546__event_anchor_000,2546,2013-03-09 03:48:00,2013-03-15 05:46:00,5600.0,M1.1,2
2546__event_anchor_001,2546,2013-03-15 09:36:00,2013-03-21 21:42:00,5651.0,M1.6,2
2546__event_anchor_002,2546,2013-03-22 01:36:00,,,,2
2547__event_anchor_000,2547,2013-03-08 12:36:00,,,,2
2548__event_anchor_000,2548,2013-03-08 17:00:00,,,,2
2553__event_anchor_000,2553,2013-03-09 12:12:00,,,,2
2554__event_anchor_000,2554,2013-03-09 14:12:00,,,,2
2555__event_anchor_000,2555,2013-03-09 23:12:00,,,,2
2556__event_anchor_000,2556,2013-03-09 23:36:00,,,,2
2557__event_anchor_000,2557,2013-03-11 01:48:00,,,,2
2560__event_anchor_000,2560,2013-03-10 13:24:00,,,,2
2564__event_anchor_000,2564,2013-03-11 09:48:00,,,,2
2565__event_anchor_000,2565,2013-03-12 05:00:00,,,,2
2567__event_anchor_000,2567,2013-03-12 08:24:00,,,,2
2568__event_anchor_000,2568,2013-03-12 12:36:00,,,,2
2569__event_anchor_000,2569,2013-03-12 16:36:00,,,,2
2570__event_anchor_000,2570,2013-03-14 08:24:00,,,,2
2571__event_anchor_000,2571,2013-03-15 12:48:00,,,,2
2573__event_anchor_000,2573,2013-03-16 03:48:00,,,,2
2575__event_anchor_000,2575,2013-03-16 17:12:00,,,,2
2576__event_anchor_000,2576,2013-03-17 13:12:00,,,,2
2577__event_anchor_000,2577,2013-03-17 14:12:00,,,,2
2580__event_anchor_000,2580,2013-03-19 01:00:00,,,,2
2581__event_anchor_000,2581,2013-03-20 03:48:00,,,,2
2582__event_anchor_000,2582,2013-03-20 12:00:00,,,,2
2583__event_anchor_000,2583,2013-03-20 14:36:00,,,,2
2585__event_anchor_000,2585,2013-03-22 01:36:00,,,,2
2587__event_anchor_000,2587,2013-03-23 02:24:00,,,,2
2591__event_anchor_000,2591,2013-03-23 18:48:00,,,,2
2593__event_anchor_000,2593,2013-03-24 04:00:00,,,,2
2594__event_anchor_000,2594,2013-03-25 22:48:00,,,,2
2595__event_anchor_000,2595,2013-03-26 04:36:00,,,,2
2596__event_anchor_000,2596,2013-03-26 17:36:00,,,,2
2597__event_anchor_000,2597,2013-03-27 23:48:00,,,,2
2598__event_anchor_000,2598,2013-03-27 15:24:00,,,,2
2599__event_anchor_000,2599,2013-03-27 16:00:00,,,,2
2602__event_anchor_000,2602,2013-03-28 01:00:00,,,,2
2605__event_anchor_000,2605,2013-03-29 06:24:00,,,,2
2607__event_anchor_000,2607,2013-03-30 04:00:00,,,,2
2610__event_anchor_000,2610,2013-03-30 04:00:00,,,,2
2615__event_anchor_000,2615,2013-03-31 04:00:00,,,,2
2619__event_anchor_000,2619,2013-04-01 03:48:00,,,,2
2622__event_anchor_000,2622,2013-04-01 11:12:00,,,,2
2623__event_anchor_000,2623,2013-04-01 18:24:00,,,,2
2625__event_anchor_000,2625,2013-04-03 08:00:00,,,,2
2626__event_anchor_000,2626,2013-04-02 09:00:00,,,,2
2629__event_anchor_000,2629,2013-04-04 02:12:00,,,,2
2630__event_anchor_000,2630,2013-04-03 16:48:00,,,,2
2631__event_anchor_000,2631,2013-04-03 17:24:00,,,,2
2632__event_anchor_000,2632,2013-04-03 21:48:00,,,,2
2634__event_anchor_000,2634,2013-04-05 15:12:00,,,,2
2635__event_anchor_000,2635,2013-04-05 18:12:00,2013-04-11 06:55:00,5739.0,M6.5,2
2635__event_anchor_001,2635,2013-04-11 10:48:00,,,,2
2636__event_anchor_000,2636,2013-04-05 19:00:00,2013-04-12 19:52:00,5750.0,M3.3,2
2636__event_anchor_001,2636,2013-04-12 23:48:00,,,,2
2639__event_anchor_000,2639,2013-04-05 15:24:00,,,,2
2640__event_anchor_000,2640,2013-04-05 17:24:00,,,,2
2641__event_anchor_000,2641,2013-04-05 19:36:00,,,,2
2642__event_anchor_000,2642,2013-04-05 20:00:00,,,,2
2645__event_anchor_000,2645,2013-04-07 19:48:00,,,,2
2651__event_anchor_000,2651,2013-04-09 04:24:00,,,,2
2652__event_anchor_000,2652,2013-04-09 09:24:00,,,,2
2654__event_anchor_000,2654,2013-04-10 09:48:00,,,,2
2655__event_anchor_000,2655,2013-04-10 13:36:00,,,,2
2656__event_anchor_000,2656,2013-04-11 13:24:00,,,,2
2657__event_anchor_000,2657,2013-04-11 21:36:00,,,,2
2658__event_anchor_000,2658,2013-04-12 00:12:00,,,,2
2659__event_anchor_000,2659,2013-04-12 00:24:00,,,,2
2661__event_anchor_000,2661,2013-04-12 18:36:00,,,,2
2663__event_anchor_000,2663,2013-04-13 08:00:00,,,,2
2665__event_anchor_000,2665,2013-04-14 17:00:00,,,,2
2666__event_anchor_000,2666,2013-04-16 12:36:00,,,,2
2667__event_anchor_000,2667,2013-04-16 17:12:00,,,,2
2669__event_anchor_000,2669,2013-04-18 16:00:00,,,,2
2670__event_anchor_000,2670,2013-04-18 16:36:00,,,,2
2672__event_anchor_000,2672,2013-04-19 05:12:00,,,,2
2673__event_anchor_000,2673,2013-04-19 08:12:00,2013-04-22 10:22:00,5813.0,M1.0,2
2673__event_anchor_001,2673,2013-04-22 14:12:00,,,,2
2674__event_anchor_000,2674,2013-04-19 11:48:00,,,,2
2676__event_anchor_000,2676,2013-04-19 21:12:00,,,,2
2677__event_anchor_000,2677,2013-04-20 06:00:00,,,,2
2678__event_anchor_000,2678,2013-04-20 10:24:00,,,,2
2683__event_anchor_000,2683,2013-04-21 16:48:00,,,,2
2685__event_anchor_000,2685,2013-04-22 15:24:00,,,,2
2687__event_anchor_000,2687,2013-04-23 06:36:00,,,,2
2691__event_anchor_000,2691,2013-04-24 06:48:00,,,,2
2692__event_anchor_000,2692,2013-04-24 23:00:00,,,,2
2693__event_anchor_000,2693,2013-04-24 23:00:00,2013-05-02 04:58:00,5914.0,M1.1,2
2693__event_anchor_001,2693,2013-05-02 08:48:00,2013-05-03 16:39:00,5924.0,M1.3,2
2693__event_anchor_002,2693,2013-05-03 20:36:00,,,,2
2696__event_anchor_000,2696,2013-04-26 19:24:00,,,,2
2699__event_anchor_000,2699,2013-04-27 19:12:00,,,,2
2700__event_anchor_000,2700,2013-04-28 06:00:00,,,,2
2703__event_anchor_000,2703,2013-04-28 23:36:00,,,,2
2704__event_anchor_000,2704,2013-04-29 08:00:00,,,,2
2705__event_anchor_000,2705,2013-04-29 08:00:00,,,,2
2708__event_anchor_000,2708,2013-04-30 04:00:00,,,,2
2710__event_anchor_000,2710,2013-04-30 22:48:00,,,,2
2711__event_anchor_000,2711,2013-05-01 22:24:00,,,,2
2713__event_anchor_000,2713,2013-05-02 13:12:00,,,,2
2714__event_anchor_000,2714,2013-05-02 15:00:00,,,,2
2716__event_anchor_000,2716,2013-05-03 03:24:00,2013-05-03 17:24:00,5925.0,M5.7,2
2716__event_anchor_001,2716,2013-05-03 21:12:00,2013-05-05 17:42:00,5955.0,M1.4,2
2716__event_anchor_002,2716,2013-05-05 21:36:00,,,,2
2718__event_anchor_000,2718,2013-05-03 13:12:00,,,,2
2719__event_anchor_000,2719,2013-05-03 13:48:00,,,,2
2721__event_anchor_000,2721,2013-05-03 20:00:00,,,,2
2724__event_anchor_000,2724,2013-05-04 11:36:00,,,,2
2725__event_anchor_000,2725,2013-05-04 14:36:00,,,,2
2727__event_anchor_000,2727,2013-05-05 10:36:00,,,,2
2728__event_anchor_000,2728,2013-05-05 11:36:00,,,,2
2732__event_anchor_000,2732,2013-05-06 18:00:00,,,,2
2733__event_anchor_000,2733,2013-05-07 21:48:00,,,,2
2735__event_anchor_000,2735,2013-05-08 22:12:00,,,,2
2737__event_anchor_000,2737,2013-05-10 05:12:00,,,,2
2738__event_anchor_000,2738,2013-05-10 07:24:00,,,,2
2739__event_anchor_000,2739,2013-05-10 10:24:00,2013-05-10 12:37:00,5991.0,M1.3,2
2739__event_anchor_001,2739,2013-05-10 16:36:00,2013-05-22 13:08:00,6079.0,M5.0,2
2739__event_anchor_002,2739,2013-05-22 17:00:00,,,,2
2740__event_anchor_000,2740,2013-05-10 17:48:00,,,,2
2741__event_anchor_000,2741,2013-05-10 21:36:00,,,,2
2748__event_anchor_000,2748,2013-05-13 09:24:00,2013-05-13 11:57:00,6024.0,M1.3,2
2748__event_anchor_001,2748,2013-05-13 15:48:00,2013-05-14 00:00:00,6030.0,X3.2,2
2748__event_anchor_002,2748,2013-05-14 03:48:00,2013-05-15 01:25:00,6034.0,X1.2,2
2748__event_anchor_003,2748,2013-05-15 05:24:00,2013-05-16 21:36:00,6043.0,M1.3,2
2748__event_anchor_004,2748,2013-05-17 01:24:00,2013-05-17 08:43:00,6045.0,M3.2,2
2748__event_anchor_005,2748,2013-05-17 12:36:00,,,,2
2749__event_anchor_000,2749,2013-05-13 22:00:00,,,,2
2750__event_anchor_000,2750,2013-05-15 04:48:00,,,,2
2751__event_anchor_000,2751,2013-05-15 11:48:00,,,,2
2754__event_anchor_000,2754,2013-05-15 20:36:00,,,,2
2756__event_anchor_000,2756,2013-05-16 21:00:00,,,,2
2757__event_anchor_000,2757,2013-05-18 03:12:00,,,,2
2758__event_anchor_000,2758,2013-05-18 14:00:00,,,,2
2759__event_anchor_000,2759,2013-05-19 05:12:00,,,,2
2760__event_anchor_000,2760,2013-05-19 12:00:00,2013-05-20 05:16:00,6062.0,M1.7,2
2760__event_anchor_001,2760,2013-05-20 09:12:00,,,,2
2765__event_anchor_000,2765,2013-05-20 14:48:00,,,,2
2773__event_anchor_000,2773,2013-05-22 17:12:00,,,,2
2774__event_anchor_000,2774,2013-05-23 01:00:00,,,,2
2776__event_anchor_000,2776,2013-05-23 22:24:00,,,,2
2777__event_anchor_000,2777,2013-05-24 00:48:00,,,,2
2778__event_anchor_000,2778,2013-05-24 11:24:00,,,,2
2779__event_anchor_000,2779,2013-05-24 20:48:00,,,,2
2780__event_anchor_000,2780,2013-05-24 22:36:00,,,,2
2783__event_anchor_000,2783,2013-05-25 05:12:00,,,,2
2787__event_anchor_000,2787,2013-05-25 15:24:00,,,,2
2788__event_anchor_000,2788,2013-05-25 23:00:00,,,,2
2790__event_anchor_000,2790,2013-05-26 05:48:00,2013-06-05 08:14:00,6145.0,M1.3,2
2790__event_anchor_001,2790,2013-06-05 12:12:00,2013-06-07 22:11:00,6155.0,M5.9,2
2790__event_anchor_002,2790,2013-06-08 02:00:00,,,,2
2793__event_anchor_000,2793,2013-05-26 16:24:00,,,,2
2794__event_anchor_000,2794,2013-05-27 00:36:00,,,,2
2795__event_anchor_000,2795,2013-05-27 03:48:00,,,,2
2799__event_anchor_000,2799,2013-05-27 23:24:00,,,,2
2801__event_anchor_000,2801,2013-05-28 11:36:00,,,,2
2804__event_anchor_000,2804,2013-05-28 14:24:00,,,,2
2805__event_anchor_000,2805,2013-05-28 20:00:00,,,,2
2808__event_anchor_000,2808,2013-05-29 00:48:00,,,,2
2809__event_anchor_000,2809,2013-05-29 02:12:00,2013-05-31 19:52:00,6131.0,M1.0,2
2809__event_anchor_001,2809,2013-05-31 23:48:00,,,,2
2811__event_anchor_000,2811,2013-05-29 15:12:00,,,,2
2812__event_anchor_000,2812,2013-05-29 16:48:00,,,,2
2813__event_anchor_000,2813,2013-05-29 21:48:00,,,,2
2814__event_anchor_000,2814,2013-05-29 22:48:00,,,,2
2816__event_anchor_000,2816,2013-05-30 12:48:00,,,,2
2819__event_anchor_000,2819,2013-06-01 04:36:00,,,,2
2821__event_anchor_000,2821,2013-06-01 13:36:00,,,,2
2822__event_anchor_000,2822,2013-06-02 04:00:00,,,,2
2824__event_anchor_000,2824,2013-06-03 06:36:00,,,,2
2825__event_anchor_000,2825,2013-06-04 02:00:00,,,,2
2826__event_anchor_000,2826,2013-06-04 03:00:00,,,,2
2827__event_anchor_000,2827,2013-06-04 04:12:00,,,,2
2828__event_anchor_000,2828,2013-06-04 10:00:00,,,,2
2829__event_anchor_000,2829,2013-06-04 17:36:00,,,,2
2831__event_anchor_000,2831,2013-06-05 07:00:00,,,,2
2832__event_anchor_000,2832,2013-06-05 08:36:00,,,,2
2837__event_anchor_000,2837,2013-06-06 12:36:00,,,,2
2838__event_anchor_000,2838,2013-06-07 02:00:00,,,,2
2839__event_anchor_000,2839,2013-06-08 05:24:00,,,,2
2844__event_anchor_000,2844,2013-06-09 21:24:00,,,,2
2846__event_anchor_000,2846,2013-06-10 14:36:00,,,,2
2847__event_anchor_000,2847,2013-06-11 01:00:00,,,,2
2849__event_anchor_000,2849,2013-06-11 14:36:00,,,,2
2851__event_anchor_000,2851,2013-06-12 02:48:00,,,,2
2852__event_anchor_000,2852,2013-06-12 21:12:00,,,,2
2858__event_anchor_000,2858,2013-06-14 08:12:00,,,,2
2861__event_anchor_000,2861,2013-06-14 17:00:00,,,,2
2862__event_anchor_000,2862,2013-06-14 19:48:00,,,,2
2869__event_anchor_000,2869,2013-06-17 16:24:00,,,,2
2871__event_anchor_000,2871,2013-06-17 20:36:00,,,,2
2873__event_anchor_000,2873,2013-06-18 10:00:00,,,,2
2875__event_anchor_000,2875,2013-06-18 15:24:00,,,,2
2876__event_anchor_000,2876,2013-06-19 00:36:00,,,,2
2878__event_anchor_000,2878,2013-06-19 20:00:00,2013-06-21 02:30:00,6229.0,M2.9,2
2878__event_anchor_001,2878,2013-06-21 06:24:00,,,,2
2880__event_anchor_000,2880,2013-06-20 10:36:00,,,,2
2881__event_anchor_000,2881,2013-06-20 13:48:00,,,,2
2884__event_anchor_000,2884,2013-06-21 02:00:00,,,,2
2885__event_anchor_000,2885,2013-06-21 19:48:00,,,,2
2887__event_anchor_000,2887,2013-06-22 09:00:00,2013-06-23 20:48:00,6245.0,M2.9,2
2887__event_anchor_001,2887,2013-06-24 00:36:00,,,,2
2888__event_anchor_000,2888,2013-06-22 09:12:00,,,,2
2891__event_anchor_000,2891,2013-06-23 07:24:00,,,,2
2892__event_anchor_000,2892,2013-06-23 15:48:00,,,,2
2898__event_anchor_000,2898,2013-06-24 22:00:00,,,,2
2899__event_anchor_000,2899,2013-06-25 01:24:00,,,,2
2900__event_anchor_000,2900,2013-06-25 10:24:00,,,,2
2901__event_anchor_000,2901,2013-06-25 22:48:00,,,,2
2902__event_anchor_000,2902,2013-06-26 04:12:00,,,,2
2903__event_anchor_000,2903,2013-06-26 10:00:00,,,,2
2904__event_anchor_000,2904,2013-06-26 14:48:00,,,,2
2905__event_anchor_000,2905,2013-06-27 06:36:00,,,,2
2906__event_anchor_000,2906,2013-06-27 08:00:00,,,,2
2907__event_anchor_000,2907,2013-06-27 10:36:00,,,,2
2910__event_anchor_000,2910,2013-06-27 22:36:00,,,,2
2911__event_anchor_000,2911,2013-06-27 23:48:00,,,,2
2912__event_anchor_000,2912,2013-06-28 00:00:00,,,,2
2913__event_anchor_000,2913,2013-06-28 12:36:00,,,,2
2914__event_anchor_000,2914,2013-06-28 20:48:00,,,,2
2915__event_anchor_000,2915,2013-06-29 06:12:00,,,,2
2916__event_anchor_000,2916,2013-06-30 06:12:00,,,,2
2917__event_anchor_000,2917,2013-06-30 14:12:00,,,,2
2918__event_anchor_000,2918,2013-07-01 02:00:00,,,,2
2920__event_anchor_000,2920,2013-07-01 09:48:00,2013-07-03 07:00:00,6302.0,M1.5,2
2920__event_anchor_001,2920,2013-07-03 10:48:00,,,,2
2922__event_anchor_000,2922,2013-07-01 14:24:00,,,,2
2923__event_anchor_000,2923,2013-07-02 03:48:00,,,,2
2925__event_anchor_000,2925,2013-07-02 08:36:00,,,,2
2929__event_anchor_000,2929,2013-07-03 16:00:00,,,,2
2930__event_anchor_000,2930,2013-07-03 21:12:00,,,,2
2931__event_anchor_000,2931,2013-07-03 22:36:00,,,,2
2933__event_anchor_000,2933,2013-07-04 06:24:00,,,,2
2935__event_anchor_000,2935,2013-07-04 14:48:00,,,,2
2937__event_anchor_000,2937,2013-07-04 22:48:00,,,,2
2941__event_anchor_000,2941,2013-07-05 22:36:00,,,,2
2942__event_anchor_000,2942,2013-07-06 17:24:00,,,,2
2944__event_anchor_000,2944,2013-07-06 21:36:00,,,,2
2945__event_anchor_000,2945,2013-07-06 22:36:00,,,,2
2948__event_anchor_000,2948,2013-07-08 18:12:00,,,,2
2949__event_anchor_000,2949,2013-07-09 13:00:00,,,,2
2951__event_anchor_000,2951,2013-07-10 10:00:00,,,,2
2952__event_anchor_000,2952,2013-07-10 13:24:00,,,,2
2953__event_anchor_000,2953,2013-07-10 19:12:00,,,,2
2954__event_anchor_000,2954,2013-07-11 02:00:00,,,,2
2955__event_anchor_000,2955,2013-07-11 09:36:00,,,,2
2956__event_anchor_000,2956,2013-07-11 22:12:00,,,,2
2958__event_anchor_000,2958,2013-07-12 13:24:00,,,,2
2960__event_anchor_000,2960,2013-07-12 18:00:00,,,,2
2961__event_anchor_000,2961,2013-07-12 23:12:00,,,,2
2964__event_anchor_000,2964,2013-07-13 06:24:00,,,,2
2966__event_anchor_000,2966,2013-07-13 18:24:00,,,,2
2968__event_anchor_000,2968,2013-07-13 22:48:00,,,,2
2972__event_anchor_000,2972,2013-07-15 13:48:00,,,,2
2974__event_anchor_000,2974,2013-07-15 17:24:00,,,,2
2976__event_anchor_000,2976,2013-07-15 20:24:00,,,,2
2978__event_anchor_000,2978,2013-07-16 06:36:00,,,,2
2980__event_anchor_000,2980,2013-07-17 10:36:00,,,,2
2981__event_anchor_000,2981,2013-07-17 17:00:00,,,,2
2982__event_anchor_000,2982,2013-07-17 17:00:00,,,,2
2983__event_anchor_000,2983,2013-07-17 23:48:00,,,,2
2984__event_anchor_000,2984,2013-07-18 02:24:00,,,,2
2993__event_anchor_000,2993,2013-07-20 09:24:00,,,,2
2995__event_anchor_000,2995,2013-07-20 20:24:00,,,,2
2996__event_anchor_000,2996,2013-07-21 02:48:00,,,,2
2997__event_anchor_000,2997,2013-07-22 00:00:00,,,,2
2998__event_anchor_000,2998,2013-07-22 08:12:00,,,,2
2999__event_anchor_000,2999,2013-07-22 20:24:00,,,,2
3000__event_anchor_000,3000,2013-07-23 02:24:00,,,,2
3001__event_anchor_000,3001,2013-07-23 04:36:00,,,,2
3002__event_anchor_000,3002,2013-07-23 09:00:00,,,,2
3003__event_anchor_000,3003,2013-07-23 09:48:00,,,,2
3004__event_anchor_000,3004,2013-07-23 14:00:00,,,,2
3005__event_anchor_000,3005,2013-07-23 15:48:00,,,,2
3010__event_anchor_000,3010,2013-07-25 03:48:00,,,,2
3011__event_anchor_000,3011,2013-07-25 12:36:00,,,,2
3012__event_anchor_000,3012,2013-07-26 06:48:00,,,,2
3014__event_anchor_000,3014,2013-07-26 15:12:00,,,,2
3015__event_anchor_000,3015,2013-07-27 11:12:00,,,,2
3017__event_anchor_000,3017,2013-07-27 19:48:00,,,,2
3018__event_anchor_000,3018,2013-07-28 04:36:00,,,,2
3019__event_anchor_000,3019,2013-07-28 14:12:00,,,,2
3021__event_anchor_000,3021,2013-07-29 00:36:00,,,,2
3022__event_anchor_000,3022,2013-07-29 07:12:00,,,,2
3025__event_anchor_000,3025,2013-07-29 14:48:00,,,,2
3027__event_anchor_000,3027,2013-07-29 17:12:00,,,,2
3028__event_anchor_000,3028,2013-07-30 12:48:00,,,,2
3029__event_anchor_000,3029,2013-07-30 21:36:00,,,,2
3030__event_anchor_000,3030,2013-07-31 02:00:00,,,,2
3031__event_anchor_000,3031,2013-07-31 05:12:00,,,,2
3032__event_anchor_000,3032,2013-07-31 09:12:00,,,,2
3034__event_anchor_000,3034,2013-08-01 08:48:00,,,,2
3037__event_anchor_000,3037,2013-08-02 01:36:00,,,,2
3038__event_anchor_000,3038,2013-08-02 02:36:00,,,,2
3040__event_anchor_000,3040,2013-08-03 01:48:00,,,,2
3041__event_anchor_000,3041,2013-08-03 09:00:00,,,,2
3042__event_anchor_000,3042,2013-08-03 22:24:00,,,,2
3045__event_anchor_000,3045,2013-08-04 17:24:00,,,,2
3046__event_anchor_000,3046,2013-08-04 21:48:00,,,,2
3047__event_anchor_000,3047,2013-08-05 21:36:00,,,,2
3048__event_anchor_000,3048,2013-08-06 14:48:00,2013-08-12 10:21:00,6487.0,M1.5,2
3048__event_anchor_001,3048,2013-08-12 14:12:00,,,,2
3049__event_anchor_000,3049,2013-08-06 18:00:00,,,,2
3052__event_anchor_000,3052,2013-08-07 23:00:00,,,,2
3053__event_anchor_000,3053,2013-08-08 06:12:00,,,,2
3054__event_anchor_000,3054,2013-08-09 01:12:00,,,,2
3055__event_anchor_000,3055,2013-08-09 05:24:00,,,,2
3056__event_anchor_000,3056,2013-08-09 10:24:00,2013-08-17 18:16:00,6518.0,M3.3,2
3056__event_anchor_001,3056,2013-08-17 22:12:00,,,,2
3057__event_anchor_000,3057,2013-08-09 15:12:00,,,,2
3059__event_anchor_000,3059,2013-08-09 21:48:00,,,,2
3061__event_anchor_000,3061,2013-08-10 16:36:00,,,,2
3062__event_anchor_000,3062,2013-08-11 08:12:00,,,,2
3063__event_anchor_000,3063,2013-08-11 13:48:00,,,,2
3064__event_anchor_000,3064,2013-08-11 22:00:00,,,,2
3065__event_anchor_000,3065,2013-08-12 00:36:00,,,,2
3066__event_anchor_000,3066,2013-08-12 02:00:00,,,,2
3068__event_anchor_000,3068,2013-08-12 04:48:00,,,,2
3071__event_anchor_000,3071,2013-08-12 15:12:00,,,,2
3072__event_anchor_000,3072,2013-08-12 17:12:00,,,,2
3073__event_anchor_000,3073,2013-08-12 20:12:00,,,,2
3074__event_anchor_000,3074,2013-08-12 22:00:00,,,,2
3077__event_anchor_000,3077,2013-08-13 15:12:00,,,,2
3079__event_anchor_000,3079,2013-08-14 10:12:00,,,,2
3082__event_anchor_000,3082,2013-08-15 00:24:00,,,,2
3085__event_anchor_000,3085,2013-08-15 17:12:00,,,,2
3091__event_anchor_000,3091,2013-08-17 04:48:00,,,,2
3095__event_anchor_000,3095,2013-08-17 09:24:00,,,,2
3097__event_anchor_000,3097,2013-08-17 10:00:00,,,,2
3098__event_anchor_000,3098,2013-08-17 23:48:00,,,,2
3102__event_anchor_000,3102,2013-08-18 09:48:00,,,,2
3103__event_anchor_000,3103,2013-08-18 14:12:00,,,,2
3104__event_anchor_000,3104,2013-08-18 14:24:00,,,,2
3105__event_anchor_000,3105,2013-08-18 20:48:00,,,,2
3107__event_anchor_000,3107,2013-08-19 06:24:00,,,,2
3108__event_anchor_000,3108,2013-08-19 08:24:00,,,,2
3109__event_anchor_000,3109,2013-08-19 17:36:00,,,,2
3111__event_anchor_000,3111,2013-08-20 13:24:00,,,,2
3112__event_anchor_000,3112,2013-08-20 15:12:00,,,,2
3113__event_anchor_000,3113,2013-08-20 20:36:00,,,,2
3114__event_anchor_000,3114,2013-08-21 09:00:00,,,,2
3115__event_anchor_000,3115,2013-08-21 09:48:00,,,,2
3116__event_anchor_000,3116,2013-08-22 12:12:00,,,,2
3118__event_anchor_000,3118,2013-08-23 14:24:00,,,,2
3119__event_anchor_000,3119,2013-08-23 22:48:00,,,,2
3120__event_anchor_000,3120,2013-08-23 23:12:00,,,,2
3122__event_anchor_000,3122,2013-08-24 14:48:00,,,,2
3123__event_anchor_000,3123,2013-08-24 21:24:00,,,,2
3124__event_anchor_000,3124,2013-08-25 01:36:00,,,,2
3126__event_anchor_000,3126,2013-08-26 00:48:00,,,,2
3128__event_anchor_000,3128,2013-08-26 15:12:00,,,,2
3129__event_anchor_000,3129,2013-08-26 15:48:00,,,,2
3130__event_anchor_000,3130,2013-08-26 16:24:00,,,,2
3131__event_anchor_000,3131,2013-08-26 20:48:00,,,,2
3134__event_anchor_000,3134,2013-08-27 05:12:00,,,,2
3135__event_anchor_000,3135,2013-08-27 06:36:00,,,,2
3140__event_anchor_000,3140,2013-08-28 06:48:00,,,,2
3149__event_anchor_000,3149,2013-08-31 02:00:00,,,,2
3151__event_anchor_000,3151,2013-09-02 05:24:00,,,,2
3152__event_anchor_000,3152,2013-09-02 08:24:00,,,,2
3153__event_anchor_000,3153,2013-09-04 01:24:00,,,,2
3154__event_anchor_000,3154,2013-09-04 22:12:00,,,,2
3158__event_anchor_000,3158,2013-09-05 20:48:00,,,,2
3160__event_anchor_000,3160,2013-09-06 17:36:00,,,,2
3163__event_anchor_000,3163,2013-09-07 05:00:00,,,,2
3164__event_anchor_000,3164,2013-09-07 06:48:00,,,,2
3165__event_anchor_000,3165,2013-09-07 12:00:00,,,,2
3167__event_anchor_000,3167,2013-09-08 02:24:00,,,,2
3168__event_anchor_000,3168,2013-09-09 04:24:00,,,,2
3169__event_anchor_000,3169,2013-09-09 12:12:00,,,,2
3171__event_anchor_000,3171,2013-09-10 12:00:00,,,,2
3173__event_anchor_000,3173,2013-09-10 16:24:00,,,,2
3174__event_anchor_000,3174,2013-09-10 17:00:00,,,,2
3175__event_anchor_000,3175,2013-09-10 20:00:00,,,,2
3176__event_anchor_000,3176,2013-09-10 23:24:00,,,,2
3177__event_anchor_000,3177,2013-09-11 02:00:00,,,,2
3179__event_anchor_000,3179,2013-09-11 08:00:00,,,,2
3180__event_anchor_000,3180,2013-09-11 12:00:00,,,,2
3181__event_anchor_000,3181,2013-09-11 12:48:00,,,,2
3182__event_anchor_000,3182,2013-09-11 12:48:00,,,,2
3183__event_anchor_000,3183,2013-09-11 13:48:00,,,,2
3186__event_anchor_000,3186,2013-09-15 14:12:00,,,,2
3187__event_anchor_000,3187,2013-09-15 19:48:00,,,,2
3188__event_anchor_000,3188,2013-09-16 12:48:00,,,,2
3189__event_anchor_000,3189,2013-09-16 15:24:00,,,,2
3190__event_anchor_000,3190,2013-09-16 22:36:00,,,,2
3192__event_anchor_000,3192,2013-09-17 04:24:00,,,,2
3193__event_anchor_000,3193,2013-09-17 07:36:00,,,,2
3194__event_anchor_000,3194,2013-09-17 09:24:00,,,,2
3195__event_anchor_000,3195,2013-09-17 11:36:00,,,,2
3196__event_anchor_000,3196,2013-09-17 14:00:00,,,,2
3197__event_anchor_000,3197,2013-09-17 19:00:00,,,,2
3199__event_anchor_000,3199,2013-09-18 13:48:00,,,,2
3200__event_anchor_000,3200,2013-09-18 18:24:00,,,,2
3201__event_anchor_000,3201,2013-09-18 21:24:00,,,,2
3203__event_anchor_000,3203,2013-09-19 08:12:00,,,,2
3205__event_anchor_000,3205,2013-09-19 15:24:00,,,,2
3206__event_anchor_000,3206,2013-09-19 17:36:00,,,,2
3207__event_anchor_000,3207,2013-09-20 08:12:00,,,,2
3209__event_anchor_000,3209,2013-09-20 22:24:00,,,,2
3212__event_anchor_000,3212,2013-09-21 08:12:00,,,,2
3213__event_anchor_000,3213,2013-09-21 22:36:00,,,,2
3214__event_anchor_000,3214,2013-09-21 22:48:00,,,,2
3217__event_anchor_000,3217,2013-09-22 06:24:00,,,,2
3220__event_anchor_000,3220,2013-09-23 13:36:00,,,,2
3226__event_anchor_000,3226,2013-09-24 15:48:00,,,,2
3229__event_anchor_000,3229,2013-09-25 14:00:00,,,,2
3230__event_anchor_000,3230,2013-09-25 22:36:00,,,,2
3232__event_anchor_000,3232,2013-09-26 04:36:00,,,,2
3236__event_anchor_000,3236,2013-09-27 00:36:00,,,,2
3239__event_anchor_000,3239,2013-09-27 19:12:00,,,,2
3240__event_anchor_000,3240,2013-09-27 21:12:00,,,,2
3241__event_anchor_000,3241,2013-09-29 08:12:00,,,,2
3243__event_anchor_000,3243,2013-09-29 14:48:00,,,,2
3244__event_anchor_000,3244,2013-09-29 22:00:00,,,,2
3246__event_anchor_000,3246,2013-10-01 10:36:00,,,,2
3247__event_anchor_000,3247,2013-10-01 21:12:00,,,,2
3248__event_anchor_000,3248,2013-10-01 21:48:00,,,,2
3250__event_anchor_000,3250,2013-10-02 18:12:00,,,,2
3251__event_anchor_000,3251,2013-10-03 05:48:00,,,,2
3252__event_anchor_000,3252,2013-10-03 08:24:00,,,,2
3253__event_anchor_000,3253,2013-10-03 21:12:00,,,,2
3254__event_anchor_000,3254,2013-10-04 14:48:00,,,,2
3256__event_anchor_000,3256,2013-10-05 15:12:00,,,,2
3257__event_anchor_000,3257,2013-10-05 15:36:00,,,,2
3258__event_anchor_000,3258,2013-10-06 08:48:00,2013-10-17 15:09:00,6753.0,M1.2,2
3258__event_anchor_001,3258,2013-10-17 19:00:00,,,,2
3259__event_anchor_000,3259,2013-10-06 13:36:00,,,,2
3260__event_anchor_000,3260,2013-10-06 13:48:00,,,,2
3263__event_anchor_000,3263,2013-10-07 12:12:00,2013-10-09 01:23:00,6674.0,M2.8,2
3263__event_anchor_001,3263,2013-10-09 05:12:00,2013-10-13 00:12:00,6712.0,M1.7,2
3263__event_anchor_002,3263,2013-10-13 04:00:00,2013-10-15 08:26:00,6730.0,M1.8,2
3263__event_anchor_003,3263,2013-10-15 12:24:00,2013-10-15 23:31:00,6737.0,M1.3,2
3263__event_anchor_004,3263,2013-10-16 03:24:00,,,,2
3265__event_anchor_000,3265,2013-10-08 05:24:00,,,,2
3266__event_anchor_000,3266,2013-10-08 11:00:00,,,,2
3267__event_anchor_000,3267,2013-10-09 07:48:00,,,,2
3268__event_anchor_000,3268,2013-10-09 13:24:00,,,,2
3271__event_anchor_000,3271,2013-10-11 06:00:00,,,,2
3272__event_anchor_000,3272,2013-10-11 08:24:00,,,,2
3273__event_anchor_000,3273,2013-10-12 10:48:00,,,,2
3275__event_anchor_000,3275,2013-10-12 23:36:00,,,,2
3277__event_anchor_000,3277,2013-10-13 09:12:00,,,,2
3282__event_anchor_000,3282,2013-10-14 08:24:00,,,,2
3284__event_anchor_000,3284,2013-10-14 17:48:00,,,,2
3286__event_anchor_000,3286,2013-10-14 22:12:00,,,,2
3287__event_anchor_000,3287,2013-10-15 02:24:00,,,,2
3288__event_anchor_000,3288,2013-10-15 04:36:00,,,,2
3291__event_anchor_000,3291,2013-10-16 19:36:00,2013-10-22 00:14:00,6788.0,M1.0,2
3291__event_anchor_001,3291,2013-10-22 04:12:00,2013-10-22 14:49:00,6798.0,M1.0,2
3291__event_anchor_002,3291,2013-10-22 18:48:00,2013-10-22 21:15:00,6800.0,M4.2,2
3291__event_anchor_003,3291,2013-10-23 01:12:00,2013-10-23 20:41:00,6808.0,M2.7,2
3291__event_anchor_004,3291,2013-10-24 00:36:00,2013-10-24 09:59:00,6820.0,M2.5,2
3291__event_anchor_005,3291,2013-10-24 13:48:00,2013-10-27 12:36:00,6867.0,M3.5,2
3291__event_anchor_006,3291,2013-10-27 16:24:00,2013-10-28 01:41:00,6872.0,X1.0,2
3291__event_anchor_007,3291,2013-10-28 05:36:00,2013-10-28 14:00:00,6876.0,M2.8,2
3291__event_anchor_008,3291,2013-10-28 17:48:00,2013-10-28 20:48:00,6879.0,M1.5,2
3291__event_anchor_009,3291,2013-10-29 00:36:00,2013-10-29 21:42:00,6890.0,X2.3,2
3292__event_anchor_000,3292,2013-10-16 22:48:00,,,,3
3293__event_anchor_000,3293,2013-10-17 07:36:00,,,,3
3295__event_anchor_000,3295,2013-10-18 07:48:00,2013-10-24 00:21:00,6813.0,M9.3,3
3295__event_anchor_001,3295,2013-10-24 04:12:00,2013-10-28 11:32:00,6875.0,M1.4,3
3295__event_anchor_002,3295,2013-10-28 15:24:00,2013-10-31 13:36:00,6896.0,M1.9,3
3295__event_anchor_003,3295,2013-10-31 17:24:00,,,,3
3297__event_anchor_000,3297,2013-10-19 08:24:00,,,,3
3298__event_anchor_000,3298,2013-10-19 19:12:00,,,,3
3302__event_anchor_000,3302,2013-10-21 06:12:00,,,,3
3304__event_anchor_000,3304,2013-10-21 15:36:00,,,,3
3306__event_anchor_000,3306,2013-10-22 12:12:00,,,,3
3309__event_anchor_000,3309,2013-10-22 19:24:00,,,,3
3311__event_anchor_000,3311,2013-10-24 04:36:00,2013-10-25 02:48:00,6829.0,M2.9,3
3311__event_anchor_001,3311,2013-10-25 06:36:00,2013-10-25 07:53:00,6832.0,X1.7,3
3311__event_anchor_002,3311,2013-10-25 11:48:00,2013-10-25 14:51:00,6837.0,X2.1,3
3311__event_anchor_003,3311,2013-10-25 18:48:00,2013-10-25 19:05:00,6839.0,M2.3,3
3311__event_anchor_004,3311,2013-10-25 23:00:00,2013-10-26 05:59:00,6849.0,M2.3,3
3311__event_anchor_005,3311,2013-10-26 09:48:00,2013-10-26 10:48:00,6853.0,M1.8,3
3311__event_anchor_006,3311,2013-10-26 14:36:00,2013-10-26 19:49:00,6861.0,M1.0,3
3311__event_anchor_007,3311,2013-10-26 23:48:00,2013-10-28 14:46:00,6877.0,M2.7,3
3311__event_anchor_008,3311,2013-10-28 18:36:00,,,,3
3312__event_anchor_000,3312,2013-10-24 10:00:00,,,,3
3313__event_anchor_000,3313,2013-10-24 10:36:00,,,,3
3314__event_anchor_000,3314,2013-10-24 15:00:00,,,,3
3315__event_anchor_000,3315,2013-10-25 11:24:00,,,,3
3316__event_anchor_000,3316,2013-10-25 16:36:00,,,,3
3320__event_anchor_000,3320,2013-10-26 05:00:00,,,,3
3321__event_anchor_000,3321,2013-10-26 10:48:00,2013-10-26 19:24:00,6860.0,M3.1,3
3321__event_anchor_001,3321,2013-10-26 23:12:00,2013-11-01 19:46:00,6906.0,M6.3,3
3321__event_anchor_002,3321,2013-11-01 23:36:00,2013-11-02 22:13:00,6915.0,M1.6,3
3321__event_anchor_003,3321,2013-11-03 02:12:00,2013-11-03 05:16:00,6918.0,M5.0,3
3321__event_anchor_004,3321,2013-11-03 09:12:00,,,,3
3323__event_anchor_000,3323,2013-10-27 19:36:00,,,,3
3324__event_anchor_000,3324,2013-10-27 20:24:00,,,,3
3326__event_anchor_000,3326,2013-10-28 08:12:00,,,,3
3328__event_anchor_000,3328,2013-10-28 22:36:00,,,,3
3330__event_anchor_000,3330,2013-10-29 22:36:00,,,,3
3331__event_anchor_000,3331,2013-10-29 23:00:00,,,,3
3332__event_anchor_000,3332,2013-10-30 13:24:00,,,,3
3333__event_anchor_000,3333,2013-10-31 04:24:00,,,,3
3334__event_anchor_000,3334,2013-10-31 15:48:00,,,,3
3335__event_anchor_000,3335,2013-10-31 16:24:00,,,,3
3336__event_anchor_000,3336,2013-11-01 03:36:00,,,,3
3337__event_anchor_000,3337,2013-11-01 04:12:00,,,,3
3338__event_anchor_000,3338,2013-11-01 04:36:00,,,,3
3339__event_anchor_000,3339,2013-11-02 01:00:00,,,,3
3341__event_anchor_000,3341,2013-11-02 03:00:00,2013-11-05 08:12:00,6931.0,M2.5,3
3341__event_anchor_001,3341,2013-11-05 12:00:00,2013-11-05 18:08:00,6938.0,M1.0,3
3341__event_anchor_002,3341,2013-11-05 22:00:00,2013-11-05 22:07:00,6941.0,X3.3,3
3341__event_anchor_003,3341,2013-11-06 02:00:00,2013-11-06 13:39:00,6950.0,M3.8,3
3341__event_anchor_004,3341,2013-11-06 17:36:00,2013-11-07 03:34:00,6958.0,M2.3,3
3341__event_anchor_005,3341,2013-11-07 07:24:00,2013-11-07 14:15:00,6962.0,M2.4,3
3341__event_anchor_006,3341,2013-11-07 18:12:00,2013-11-08 04:20:00,6970.0,X1.1,3
3341__event_anchor_007,3341,2013-11-08 08:12:00,2013-11-10 05:08:00,6991.0,X1.1,3
3341__event_anchor_008,3341,2013-11-10 09:00:00,,,,3
3343__event_anchor_000,3343,2013-11-02 11:24:00,,,,3
3344__event_anchor_000,3344,2013-11-02 13:24:00,2013-11-08 09:22:00,6972.0,M2.3,3
3344__event_anchor_001,3344,2013-11-08 13:12:00,,,,3
3346__event_anchor_000,3346,2013-11-02 15:12:00,,,,3
3347__event_anchor_000,3347,2013-11-03 13:24:00,,,,3
3348__event_anchor_000,3348,2013-11-03 15:24:00,,,,3
3350__event_anchor_000,3350,2013-11-04 05:36:00,,,,3
3353__event_anchor_000,3353,2013-11-06 04:36:00,,,,3
3354__event_anchor_000,3354,2013-11-06 04:48:00,,,,3
3355__event_anchor_000,3355,2013-11-06 13:36:00,,,,3
3356__event_anchor_000,3356,2013-11-06 18:00:00,,,,3
3358__event_anchor_000,3358,2013-11-06 22:00:00,,,,3
3362__event_anchor_000,3362,2013-11-07 12:36:00,,,,3
3363__event_anchor_000,3363,2013-11-07 13:12:00,,,,3
3364__event_anchor_000,3364,2013-11-07 17:12:00,2013-11-16 04:47:00,7058.0,M1.2,3
3364__event_anchor_001,3364,2013-11-16 08:36:00,2013-11-17 05:06:00,7072.0,M1.0,3
3364__event_anchor_002,3364,2013-11-17 09:00:00,2013-11-19 10:14:00,7096.0,X1.0,3
3364__event_anchor_003,3364,2013-11-19 14:12:00,,,,3
3365__event_anchor_000,3365,2013-11-09 04:24:00,,,,3
3366__event_anchor_000,3366,2013-11-09 18:00:00,2013-11-11 11:01:00,7001.0,M2.4,3
3366__event_anchor_001,3366,2013-11-11 15:00:00,2013-11-13 14:57:00,7025.0,M1.4,3
3366__event_anchor_002,3366,2013-11-13 18:48:00,,,,3
3367__event_anchor_000,3367,2013-11-09 23:12:00,,,,3
3368__event_anchor_000,3368,2013-11-10 03:36:00,,,,3
3370__event_anchor_000,3370,2013-11-10 10:48:00,,,,3
3371__event_anchor_000,3371,2013-11-10 16:00:00,,,,3
3376__event_anchor_000,3376,2013-11-12 05:48:00,2013-11-15 02:20:00,7047.0,M1.0,3
3376__event_anchor_001,3376,2013-11-15 06:12:00,2013-11-23 02:20:00,7117.0,M1.1,3
3376__event_anchor_002,3376,2013-11-23 06:12:00,2013-11-23 12:49:00,7124.0,M1.0,3
3376__event_anchor_003,3376,2013-11-23 16:48:00,,,,3
3379__event_anchor_000,3379,2013-11-12 15:48:00,,,,3
3385__event_anchor_000,3385,2013-11-14 10:24:00,,,,3
3386__event_anchor_000,3386,2013-11-14 11:12:00,,,,3
3390__event_anchor_000,3390,2013-11-15 16:48:00,,,,3
3391__event_anchor_000,3391,2013-11-15 17:24:00,,,,3
3394__event_anchor_000,3394,2013-11-16 14:36:00,,,,3
3395__event_anchor_000,3395,2013-11-16 16:00:00,,,,3
3396__event_anchor_000,3396,2013-11-16 22:12:00,,,,3
3397__event_anchor_000,3397,2013-11-17 01:48:00,,,,3
3400__event_anchor_000,3400,2013-11-17 08:00:00,,,,3
3401__event_anchor_000,3401,2013-11-17 11:48:00,,,,3
3405__event_anchor_000,3405,2013-11-19 07:00:00,,,,3
3407__event_anchor_000,3407,2013-11-19 11:24:00,,,,3
3408__event_anchor_000,3408,2013-11-19 12:12:00,,,,3
3411__event_anchor_000,3411,2013-11-20 10:00:00,,,,3
3412__event_anchor_000,3412,2013-11-20 12:48:00,,,,3
3414__event_anchor_000,3414,2013-11-21 07:36:00,,,,3
3415__event_anchor_000,3415,2013-11-21 21:48:00,,,,3
3416__event_anchor_000,3416,2013-11-21 22:00:00,,,,3
3417__event_anchor_000,3417,2013-11-22 01:24:00,,,,3
3419__event_anchor_000,3419,2013-11-22 11:24:00,,,,3
3420__event_anchor_000,3420,2013-11-22 19:12:00,,,,3
3422__event_anchor_000,3422,2013-11-22 20:24:00,,,,3
3423__event_anchor_000,3423,2013-11-23 00:24:00,,,,3
3427__event_anchor_000,3427,2013-11-24 15:24:00,,,,3
3432__event_anchor_000,3432,2013-11-26 03:24:00,,,,3
3436__event_anchor_000,3436,2013-11-26 20:24:00,,,,3
3437__event_anchor_000,3437,2013-11-26 22:12:00,2013-12-07 07:17:00,7189.0,M1.2,3
3437__event_anchor_001,3437,2013-12-07 11:12:00,,,,3
3439__event_anchor_000,3439,2013-11-27 06:00:00,,,,3
3441__event_anchor_000,3441,2013-11-27 15:36:00,,,,3
3443__event_anchor_000,3443,2013-11-29 01:12:00,,,,3
3444__event_anchor_000,3444,2013-11-29 14:00:00,,,,3
3446__event_anchor_000,3446,2013-11-30 04:24:00,,,,3
3447__event_anchor_000,3447,2013-11-30 08:12:00,,,,3
3448__event_anchor_000,3448,2013-11-30 10:12:00,,,,3
3449__event_anchor_000,3449,2013-11-30 12:12:00,,,,3
3451__event_anchor_000,3451,2013-11-30 18:00:00,,,,3
3452__event_anchor_000,3452,2013-11-30 19:12:00,,,,3
3453__event_anchor_000,3453,2013-12-01 00:00:00,,,,3
3454__event_anchor_000,3454,2013-12-01 02:00:00,,,,3
3455__event_anchor_000,3455,2013-12-01 12:00:00,,,,3
3456__event_anchor_000,3456,2013-12-01 17:12:00,,,,3
3457__event_anchor_000,3457,2013-12-01 20:24:00,,,,3
3459__event_anchor_000,3459,2013-12-02 09:24:00,,,,3
3460__event_anchor_000,3460,2013-12-02 21:00:00,,,,3
3461__event_anchor_000,3461,2013-12-03 00:36:00,,,,3
3464__event_anchor_000,3464,2013-12-04 02:48:00,,,,3
3465__event_anchor_000,3465,2013-12-04 11:00:00,,,,3
3466__event_anchor_000,3466,2013-12-04 13:12:00,,,,3
3473__event_anchor_000,3473,2013-12-06 17:12:00,,,,3
3474__event_anchor_000,3474,2013-12-07 08:48:00,,,,3
3475__event_anchor_000,3475,2013-12-08 02:24:00,,,,3
3480__event_anchor_000,3480,2013-12-08 13:24:00,,,,3
3481__event_anchor_000,3481,2013-12-08 15:00:00,,,,3
3482__event_anchor_000,3482,2013-12-08 17:12:00,,,,3
3483__event_anchor_000,3483,2013-12-09 00:24:00,,,,3
3490__event_anchor_000,3490,2013-12-10 04:12:00,,,,3
3492__event_anchor_000,3492,2013-12-10 06:48:00,,,,3
3494__event_anchor_000,3494,2013-12-11 05:36:00,,,,3
3497__event_anchor_000,3497,2013-12-11 22:12:00,2013-12-22 08:05:00,7269.0,M1.9,3
3497__event_anchor_001,3497,2013-12-22 12:00:00,2013-12-22 15:06:00,7275.0,M3.3,3
3497__event_anchor_002,3497,2013-12-22 19:00:00,2013-12-22 21:23:00,7279.0,M1.6,3
3497__event_anchor_003,3497,2013-12-23 01:12:00,2013-12-23 08:59:00,7290.0,M1.6,3
3497__event_anchor_004,3497,2013-12-23 12:48:00,,,,3
3503__event_anchor_000,3503,2013-12-14 05:24:00,,,,3
3505__event_anchor_000,3505,2013-12-14 12:48:00,,,,3
3508__event_anchor_000,3508,2013-12-15 02:24:00,,,,3
3510__event_anchor_000,3510,2013-12-15 22:00:00,,,,3
3511__event_anchor_000,3511,2013-12-16 05:12:00,,,,3
3512__event_anchor_000,3512,2013-12-16 12:36:00,,,,3
3513__event_anchor_000,3513,2013-12-16 15:12:00,,,,3
3514__event_anchor_000,3514,2013-12-16 18:12:00,,,,3
3515__event_anchor_000,3515,2013-12-17 01:12:00,,,,3
3516__event_anchor_000,3516,2013-12-17 03:00:00,,,,3
3519__event_anchor_000,3519,2013-12-17 18:48:00,,,,3
3520__event_anchor_000,3520,2013-12-18 05:24:00,2013-12-19 23:06:00,7242.0,M3.5,3
3520__event_anchor_001,3520,2013-12-20 03:00:00,2013-12-20 11:35:00,7246.0,M1.6,3
3520__event_anchor_002,3520,2013-12-20 15:24:00,2013-12-22 14:24:00,7274.0,M1.6,3
3520__event_anchor_003,3520,2013-12-22 18:12:00,,,,3
3522__event_anchor_000,3522,2013-12-18 21:48:00,,,,3
3528__event_anchor_000,3528,2013-12-21 03:36:00,,,,3
3529__event_anchor_000,3529,2013-12-21 09:36:00,,,,3
3530__event_anchor_000,3530,2013-12-21 15:12:00,,,,3
3532__event_anchor_000,3532,2013-12-21 22:00:00,,,,3
3535__event_anchor_000,3535,2013-12-22 22:36:00,2013-12-29 07:49:00,7330.0,M3.1,3
3535__event_anchor_001,3535,2013-12-29 11:48:00,2013-12-31 21:45:00,7352.0,M6.4,3
3535__event_anchor_002,3535,2014-01-01 01:36:00,2014-01-01 18:40:00,7356.0,M9.9,3
3535__event_anchor_003,3535,2014-01-01 22:36:00,2014-01-04 22:12:00,7383.0,M1.9,3
3535__event_anchor_004,3535,2014-01-05 02:00:00,,,,3
3536__event_anchor_000,3536,2013-12-23 21:00:00,,,,3
3537__event_anchor_000,3537,2013-12-23 22:00:00,,,,3
3538__event_anchor_000,3538,2013-12-24 04:24:00,,,,3
3540__event_anchor_000,3540,2013-12-24 10:12:00,,,,3
3541__event_anchor_000,3541,2013-12-24 11:36:00,,,,3
3542__event_anchor_000,3542,2013-12-25 05:00:00,,,,3
3549__event_anchor_000,3549,2013-12-27 20:48:00,,,,3
3550__event_anchor_000,3550,2013-12-28 07:12:00,,,,3
3551__event_anchor_000,3551,2013-12-28 11:00:00,,,,3
3553__event_anchor_000,3553,2013-12-28 18:24:00,,,,3
3554__event_anchor_000,3554,2013-12-28 19:36:00,,,,3
3556__event_anchor_000,3556,2013-12-29 10:48:00,,,,3
3557__event_anchor_000,3557,2013-12-29 20:24:00,,,,3
3558__event_anchor_000,3558,2013-12-29 23:48:00,,,,3
3560__event_anchor_000,3560,2013-12-30 14:12:00,,,,3
3561__event_anchor_000,3561,2013-12-30 18:00:00,,,,3
3562__event_anchor_000,3562,2013-12-30 22:12:00,,,,3
3563__event_anchor_000,3563,2013-12-31 00:48:00,2014-01-02 02:24:00,7357.0,M1.7,3
3563__event_anchor_001,3563,2014-01-02 06:12:00,2014-01-02 22:12:00,7363.0,M1.2,3
3563__event_anchor_002,3563,2014-01-03 02:00:00,2014-01-03 12:41:00,7372.0,M1.0,3
3563__event_anchor_003,3563,2014-01-03 16:36:00,2014-01-03 21:09:00,7375.0,M1.1,3
3563__event_anchor_004,3563,2014-01-04 01:00:00,2014-01-04 10:16:00,7379.0,M1.3,3
3563__event_anchor_005,3563,2014-01-04 14:12:00,2014-01-04 18:47:00,7381.0,M4.0,3
3563__event_anchor_006,3563,2014-01-04 22:36:00,2014-01-07 10:07:00,7396.0,M7.2,3
3563__event_anchor_007,3563,2014-01-07 14:00:00,2014-01-07 18:04:00,7398.0,X1.2,3
3563__event_anchor_008,3563,2014-01-07 22:00:00,2014-01-13 21:48:00,7429.0,M1.3,3
3563__event_anchor_009,3563,2014-01-14 01:36:00,,,,3
3569__event_anchor_000,3569,2014-01-02 09:48:00,,,,3
3572__event_anchor_000,3572,2014-01-03 02:12:00,,,,3
3574__event_anchor_000,3574,2014-01-03 10:24:00,,,,3
3575__event_anchor_000,3575,2014-01-03 20:48:00,,,,3
3576__event_anchor_000,3576,2014-01-03 21:00:00,,,,3
3578__event_anchor_000,3578,2014-01-04 05:24:00,,,,3
3580__event_anchor_000,3580,2014-01-04 08:48:00,2014-01-07 03:49:00,7391.0,M1.0,3
3580__event_anchor_001,3580,2014-01-07 07:48:00,,,,3
3584__event_anchor_000,3584,2014-01-05 02:12:00,,,,3
3586__event_anchor_000,3586,2014-01-05 15:36:00,,,,3
3587__event_anchor_000,3587,2014-01-05 17:12:00,2014-01-08 03:39:00,7402.0,M3.6,3
3587__event_anchor_001,3587,2014-01-08 07:36:00,,,,3
3589__event_anchor_000,3589,2014-01-06 07:12:00,,,,3
3590__event_anchor_000,3590,2014-01-06 13:00:00,,,,3
3591__event_anchor_000,3591,2014-01-06 14:48:00,,,,3
3595__event_anchor_000,3595,2014-01-07 07:12:00,,,,3
3597__event_anchor_000,3597,2014-01-07 12:24:00,,,,3
3600__event_anchor_000,3600,2014-01-07 15:12:00,,,,3
3601__event_anchor_000,3601,2014-01-07 17:12:00,,,,3
3604__event_anchor_000,3604,2014-01-08 07:00:00,,,,3
3608__event_anchor_000,3608,2014-01-08 23:24:00,,,,3
3610__event_anchor_000,3610,2014-01-09 10:36:00,,,,3
3611__event_anchor_000,3611,2014-01-09 12:12:00,,,,3
3612__event_anchor_000,3612,2014-01-09 13:12:00,,,,3
3613__event_anchor_000,3613,2014-01-09 15:36:00,,,,3
3619__event_anchor_000,3619,2014-01-10 19:48:00,,,,3
3620__event_anchor_000,3620,2014-01-10 21:00:00,,,,3
3624__event_anchor_000,3624,2014-01-11 23:24:00,,,,3
3626__event_anchor_000,3626,2014-01-12 08:36:00,,,,3
3628__event_anchor_000,3628,2014-01-12 23:00:00,,,,3
3629__event_anchor_000,3629,2014-01-13 06:00:00,,,,3
3630__event_anchor_000,3630,2014-01-14 04:00:00,,,,3
3631__event_anchor_000,3631,2014-01-14 11:00:00,,,,3
3632__event_anchor_000,3632,2014-01-14 19:12:00,,,,3
3635__event_anchor_000,3635,2014-01-15 04:36:00,,,,3
3638__event_anchor_000,3638,2014-01-15 12:24:00,,,,3
3647__event_anchor_000,3647,2014-01-17 12:48:00,,,,3
3648__event_anchor_000,3648,2014-01-17 15:00:00,,,,3
3654__event_anchor_000,3654,2014-01-18 06:00:00,,,,3
3657__event_anchor_000,3657,2014-01-19 03:48:00,,,,3
3658__event_anchor_000,3658,2014-01-19 11:00:00,,,,3
3664__event_anchor_000,3664,2014-01-20 08:36:00,,,,3
3666__event_anchor_000,3666,2014-01-20 12:36:00,,,,3
3668__event_anchor_000,3668,2014-01-21 03:24:00,,,,3
3670__event_anchor_000,3670,2014-01-21 09:12:00,,,,3
3671__event_anchor_000,3671,2014-01-21 12:24:00,,,,3
3672__event_anchor_000,3672,2014-01-21 16:36:00,,,,3
3677__event_anchor_000,3677,2014-01-23 02:48:00,,,,3
3680__event_anchor_000,3680,2014-01-24 06:36:00,,,,3
3681__event_anchor_000,3681,2014-01-24 07:24:00,,,,3
3682__event_anchor_000,3682,2014-01-25 20:12:00,,,,3
3683__event_anchor_000,3683,2014-01-26 13:24:00,,,,3
3685__event_anchor_000,3685,2014-01-26 23:00:00,,,,3
3686__event_anchor_000,3686,2014-01-27 02:48:00,2014-01-27 22:05:00,7490.0,M4.9,3
3686__event_anchor_001,3686,2014-01-28 02:00:00,2014-01-28 04:02:00,7493.0,M1.5,3
3686__event_anchor_002,3686,2014-01-28 08:00:00,2014-01-28 11:34:00,7496.0,M1.4,3
3686__event_anchor_003,3686,2014-01-28 15:24:00,2014-01-28 19:00:00,7500.0,M4.9,3
3686__event_anchor_004,3686,2014-01-28 22:48:00,2014-01-30 06:33:00,7515.0,M2.1,3
3686__event_anchor_005,3686,2014-01-30 10:24:00,2014-01-30 15:48:00,7520.0,M6.6,3
3686__event_anchor_006,3686,2014-01-30 19:36:00,2014-02-01 01:19:00,7528.0,M1.0,3
3686__event_anchor_007,3686,2014-02-01 05:12:00,2014-02-01 07:14:00,7530.0,M3.0,3
3686__event_anchor_008,3686,2014-02-01 11:12:00,2014-02-02 07:17:00,7540.0,M2.2,3
3686__event_anchor_009,3686,2014-02-02 11:12:00,2014-02-02 14:01:00,7543.0,M1.3,3
3686__event_anchor_010,3686,2014-02-02 18:00:00,2014-02-02 18:05:00,7547.0,M3.1,3
3686__event_anchor_011,3686,2014-02-02 22:00:00,2014-02-04 03:57:00,7564.0,M5.2,3
3686__event_anchor_012,3686,2014-02-04 07:48:00,2014-02-04 09:38:00,7567.0,M1.4,3
3686__event_anchor_013,3686,2014-02-04 13:36:00,2014-02-04 15:25:00,7571.0,M1.5,3
3686__event_anchor_014,3686,2014-02-04 19:24:00,2014-02-05 16:11:00,7585.0,M1.3,3
3686__event_anchor_015,3686,2014-02-05 20:00:00,2014-02-06 22:56:00,7597.0,M1.5,3
3686__event_anchor_016,3686,2014-02-07 02:48:00,2014-02-07 04:47:00,7599.0,M2.0,3
3686__event_anchor_017,3686,2014-02-07 08:36:00,,,,3
3687__event_anchor_000,3687,2014-01-27 10:00:00,,,,3
3688__event_anchor_000,3688,2014-01-27 11:48:00,2014-01-31 15:32:00,7526.0,M1.1,3
3688__event_anchor_001,3688,2014-01-31 19:24:00,2014-02-02 06:24:00,7539.0,M2.6,3
3688__event_anchor_002,3688,2014-02-02 10:12:00,2014-02-02 16:24:00,7546.0,M1.0,3
3688__event_anchor_003,3688,2014-02-02 20:12:00,2014-02-04 01:16:00,7563.0,M3.8,3
3688__event_anchor_004,3688,2014-02-04 05:12:00,2014-02-07 10:25:00,7603.0,M1.9,3
3688__event_anchor_005,3688,2014-02-07 14:24:00,,,,3
3694__event_anchor_000,3694,2014-01-29 09:00:00,,,,3
3695__event_anchor_000,3695,2014-01-30 01:00:00,,,,3
3697__event_anchor_000,3697,2014-01-30 03:00:00,,,,3
3700__event_anchor_000,3700,2014-01-30 22:12:00,,,,3
3701__event_anchor_000,3701,2014-01-30 22:36:00,,,,3
3703__event_anchor_000,3703,2014-02-01 11:24:00,,,,3
3704__event_anchor_000,3704,2014-02-01 13:24:00,,,,3
3705__event_anchor_000,3705,2014-02-01 20:00:00,,,,3
3706__event_anchor_000,3706,2014-02-02 02:00:00,,,,3
3710__event_anchor_000,3710,2014-02-02 14:24:00,,,,3
3711__event_anchor_000,3711,2014-02-02 21:36:00,,,,3
3716__event_anchor_000,3716,2014-02-03 18:00:00,,,,3
3719__event_anchor_000,3719,2014-02-04 16:00:00,,,,3
3721__event_anchor_000,3721,2014-02-05 03:12:00,2014-02-11 03:22:00,7623.0,M1.7,3
3721__event_anchor_001,3721,2014-02-11 07:12:00,2014-02-11 16:34:00,7625.0,M1.8,3
3721__event_anchor_002,3721,2014-02-11 20:24:00,2014-02-12 03:52:00,7627.0,M3.7,3
3721__event_anchor_003,3721,2014-02-12 07:48:00,2014-02-12 15:41:00,7630.0,M2.1,3
3721__event_anchor_004,3721,2014-02-12 19:36:00,2014-02-13 01:32:00,7636.0,M1.8,3
3721__event_anchor_005,3721,2014-02-13 05:24:00,2014-02-13 05:49:00,7641.0,M1.7,3
3721__event_anchor_006,3721,2014-02-13 09:48:00,2014-02-13 15:45:00,7646.0,M1.4,3
3721__event_anchor_007,3721,2014-02-13 19:36:00,2014-02-14 02:40:00,7650.0,M2.3,3
3721__event_anchor_008,3721,2014-02-14 06:36:00,2014-02-14 12:29:00,7658.0,M1.6,3
3721__event_anchor_009,3721,2014-02-14 16:24:00,2014-02-14 16:33:00,7660.0,M1.0,3
3721__event_anchor_010,3721,2014-02-14 20:24:00,,,,3
3723__event_anchor_000,3723,2014-02-05 11:48:00,,,,3
3724__event_anchor_000,3724,2014-02-05 20:24:00,,,,3
3726__event_anchor_000,3726,2014-02-06 02:36:00,,,,3
3727__event_anchor_000,3727,2014-02-06 03:48:00,,,,3
3728__event_anchor_000,3728,2014-02-07 15:00:00,,,,3
3729__event_anchor_000,3729,2014-02-07 20:36:00,,,,3
3730__event_anchor_000,3730,2014-02-08 01:24:00,2014-02-20 07:26:00,7700.0,M3.0,3
3730__event_anchor_001,3730,2014-02-20 11:24:00,,,,3
3733__event_anchor_000,3733,2014-02-08 18:48:00,,,,3
3734__event_anchor_000,3734,2014-02-08 18:48:00,,,,3
3735__event_anchor_000,3735,2014-02-08 20:36:00,,,,3
3736__event_anchor_000,3736,2014-02-09 02:36:00,,,,3
3739__event_anchor_000,3739,2014-02-09 08:48:00,,,,3
3740__event_anchor_000,3740,2014-02-10 04:24:00,2014-02-16 09:20:00,7675.0,M1.1,3
3740__event_anchor_001,3740,2014-02-16 13:12:00,,,,3
3741__event_anchor_000,3741,2014-02-10 10:00:00,,,,3
3742__event_anchor_000,3742,2014-02-10 18:48:00,,,,3
3743__event_anchor_000,3743,2014-02-10 20:00:00,,,,3
3744__event_anchor_000,3744,2014-02-11 21:12:00,,,,3
3746__event_anchor_000,3746,2014-02-12 15:24:00,,,,3
3748__event_anchor_000,3748,2014-02-13 00:48:00,,,,3
3749__event_anchor_000,3749,2014-02-13 18:00:00,,,,3
3750__event_anchor_000,3750,2014-02-13 20:00:00,,,,3
3753__event_anchor_000,3753,2014-02-14 18:24:00,,,,3
3754__event_anchor_000,3754,2014-02-14 23:12:00,,,,3
3756__event_anchor_000,3756,2014-02-15 02:24:00,,,,3
3759__event_anchor_000,3759,2014-02-15 14:48:00,,,,3
3763__event_anchor_000,3763,2014-02-16 10:24:00,,,,3
3764__event_anchor_000,3764,2014-02-16 12:12:00,,,,3
3765__event_anchor_000,3765,2014-02-16 15:12:00,,,,3
3766__event_anchor_000,3766,2014-02-16 18:00:00,2014-02-26 14:52:00,7733.0,M1.1,3
3766__event_anchor_001,3766,2014-02-26 18:48:00,2014-03-01 13:18:00,7755.0,M1.1,3
3766__event_anchor_002,3766,2014-03-01 17:12:00,,,,3
3772__event_anchor_000,3772,2014-02-17 17:48:00,,,,3
3773__event_anchor_000,3773,2014-02-17 19:12:00,,,,3
3775__event_anchor_000,3775,2014-02-18 00:12:00,,,,3
3779__event_anchor_000,3779,2014-02-19 03:12:00,2014-03-02 23:11:00,7764.0,M1.1,3
3779__event_anchor_001,3779,2014-03-03 03:00:00,,,,3
3783__event_anchor_000,3783,2014-02-21 07:12:00,,,,3
3784__event_anchor_000,3784,2014-02-21 08:24:00,2014-03-03 15:54:00,7773.0,M1.2,3
3784__event_anchor_001,3784,2014-03-03 19:48:00,,,,3
3785__event_anchor_000,3785,2014-02-22 02:48:00,,,,3
3789__event_anchor_000,3789,2014-02-23 00:24:00,,,,3
3790__event_anchor_000,3790,2014-02-23 01:24:00,,,,3
3793__event_anchor_000,3793,2014-02-23 17:48:00,2014-02-24 11:03:00,7721.0,M1.2,3
3793__event_anchor_001,3793,2014-02-24 15:00:00,2014-02-25 00:39:00,7725.0,X4.9,3
3793__event_anchor_002,3793,2014-02-25 04:36:00,,,,3
3795__event_anchor_000,3795,2014-02-24 08:48:00,,,,3
3797__event_anchor_000,3797,2014-02-24 22:48:00,,,,3
3804__event_anchor_000,3804,2014-02-25 10:48:00,2014-02-28 00:44:00,7746.0,M1.1,3
3804__event_anchor_001,3804,2014-02-28 04:36:00,2014-03-05 02:06:00,7788.0,M1.0,3
3804__event_anchor_002,3804,2014-03-05 06:00:00,2014-03-11 11:58:00,7834.0,M1.7,3
3805__event_anchor_000,3805,2014-02-25 13:36:00,,,,3
3806__event_anchor_000,3806,2014-02-25 21:12:00,,,,3
3807__event_anchor_000,3807,2014-02-25 23:12:00,,,,3
3812__event_anchor_000,3812,2014-03-01 01:36:00,,,,3
3813__event_anchor_000,3813,2014-03-01 04:12:00,2014-03-10 22:45:00,7830.0,M1.4,3
3813__event_anchor_001,3813,2014-03-11 02:36:00,2014-03-11 03:44:00,7831.0,M3.5,3
3813__event_anchor_002,3813,2014-03-11 07:36:00,2014-03-12 10:55:00,7840.0,M2.5,3
3813__event_anchor_003,3813,2014-03-12 14:48:00,2014-03-12 22:28:00,7842.0,M9.3,3
3813__event_anchor_004,3813,2014-03-13 02:24:00,,,,3
3814__event_anchor_000,3814,2014-03-01 13:00:00,,,,3
3817__event_anchor_000,3817,2014-03-02 13:00:00,,,,3
3819__event_anchor_000,3819,2014-03-02 17:48:00,,,,3
3821__event_anchor_000,3821,2014-03-03 03:00:00,,,,3
3823__event_anchor_000,3823,2014-03-04 13:00:00,,,,3
3824__event_anchor_000,3824,2014-03-04 14:00:00,,,,3
3826__event_anchor_000,3826,2014-03-05 07:24:00,,,,3
3827__event_anchor_000,3827,2014-03-05 13:00:00,,,,3
3835__event_anchor_000,3835,2014-03-07 07:00:00,,,,3
3836__event_anchor_000,3836,2014-03-07 09:12:00,2014-03-08 23:26:00,7802.0,M1.4,3
3836__event_anchor_001,3836,2014-03-09 03:24:00,2014-03-09 13:52:00,7811.0,M1.0,3
3836__event_anchor_002,3836,2014-03-09 17:48:00,2014-03-09 20:13:00,7815.0,M1.0,3
3836__event_anchor_003,3836,2014-03-10 00:12:00,2014-03-10 00:19:00,7819.0,M1.1,3
3836__event_anchor_004,3836,2014-03-10 04:12:00,2014-03-10 15:21:00,7827.0,M1.7,3
3836__event_anchor_005,3836,2014-03-10 19:12:00,,,,3
3837__event_anchor_000,3837,2014-03-07 13:00:00,,,,3
3838__event_anchor_000,3838,2014-03-07 23:24:00,,,,3
3839__event_anchor_000,3839,2014-03-08 07:36:00,,,,3
3841__event_anchor_000,3841,2014-03-08 15:24:00,,,,3
3842__event_anchor_000,3842,2014-03-09 06:24:00,,,,3
3843__event_anchor_000,3843,2014-03-09 08:12:00,,,,3
3845__event_anchor_000,3845,2014-03-09 19:24:00,,,,3
3847__event_anchor_000,3847,2014-03-11 08:24:00,,,,3
3848__event_anchor_000,3848,2014-03-11 23:48:00,,,,3
3849__event_anchor_000,3849,2014-03-12 19:12:00,,,,3
3851__event_anchor_000,3851,2014-03-13 17:12:00,,,,3
3853__event_anchor_000,3853,2014-03-14 01:00:00,,,,3
3855__event_anchor_000,3855,2014-03-14 13:00:00,,,,3
3856__event_anchor_000,3856,2014-03-15 01:12:00,2014-03-20 03:42:00,7887.0,M1.7,3
3856__event_anchor_001,3856,2014-03-20 07:36:00,,,,3
3858__event_anchor_000,3858,2014-03-15 02:12:00,,,,3
3860__event_anchor_000,3860,2014-03-15 07:00:00,,,,3
3862__event_anchor_000,3862,2014-03-15 17:12:00,,,,3
3865__event_anchor_000,3865,2014-03-16 14:24:00,,,,3
3866__event_anchor_000,3866,2014-03-16 19:36:00,,,,3
3870__event_anchor_000,3870,2014-03-17 08:24:00,,,,3
3874__event_anchor_000,3874,2014-03-17 23:12:00,,,,3
3875__event_anchor_000,3875,2014-03-17 23:12:00,,,,3
3877__event_anchor_000,3877,2014-03-18 12:24:00,2014-03-22 06:58:00,7897.0,M1.1,3
3877__event_anchor_001,3877,2014-03-22 10:48:00,,,,3
3878__event_anchor_000,3878,2014-03-18 12:24:00,,,,3
3879__event_anchor_000,3879,2014-03-19 01:36:00,2014-03-31 07:20:00,7973.0,M1.4,3
3879__event_anchor_001,3879,2014-03-31 11:12:00,,,,3
3880__event_anchor_000,3880,2014-03-19 03:48:00,,,,3
3882__event_anchor_000,3882,2014-03-19 09:00:00,,,,3
3886__event_anchor_000,3886,2014-03-19 20:36:00,,,,3
3894__event_anchor_000,3894,2014-03-21 09:48:00,2014-03-28 19:04:00,7940.0,M2.0,3
3894__event_anchor_001,3894,2014-03-28 23:00:00,2014-03-28 23:44:00,7943.0,M2.6,3
3894__event_anchor_002,3894,2014-03-29 03:36:00,2014-03-29 17:35:00,7956.0,X1.0,3
3894__event_anchor_003,3894,2014-03-29 21:24:00,2014-03-30 11:48:00,7965.0,M2.1,3
3894__event_anchor_004,3894,2014-03-30 15:36:00,,,,3
3895__event_anchor_000,3895,2014-03-21 15:36:00,,,,3
3896__event_anchor_000,3896,2014-03-22 00:48:00,,,,3
3897__event_anchor_000,3897,2014-03-22 11:24:00,,,,3
3898__event_anchor_000,3898,2014-03-22 13:24:00,,,,3
3899__event_anchor_000,3899,2014-03-23 02:36:00,,,,3
3900__event_anchor_000,3900,2014-03-23 09:00:00,,,,3
3901__event_anchor_000,3901,2014-03-23 12:36:00,,,,3
3907__event_anchor_000,3907,2014-03-25 00:00:00,,,,3
3912__event_anchor_000,3912,2014-03-25 15:36:00,,,,3
3914__event_anchor_000,3914,2014-03-25 17:12:00,,,,3
3915__event_anchor_000,3915,2014-03-26 02:48:00,,,,3
3918__event_anchor_000,3918,2014-03-26 12:12:00,,,,3
3920__event_anchor_000,3920,2014-03-26 17:48:00,,,,3
3921__event_anchor_000,3921,2014-03-26 20:00:00,,,,3
3923__event_anchor_000,3923,2014-03-27 05:00:00,,,,3
3926__event_anchor_000,3926,2014-03-27 16:12:00,,,,3
3927__event_anchor_000,3927,2014-03-27 17:00:00,,,,3
3928__event_anchor_000,3928,2014-03-27 19:24:00,,,,3
3929__event_anchor_000,3929,2014-03-28 00:12:00,,,,3
3930__event_anchor_000,3930,2014-03-28 00:48:00,,,,3
3932__event_anchor_000,3932,2014-03-28 09:24:00,,,,3
3933__event_anchor_000,3933,2014-03-28 10:24:00,,,,3
3937__event_anchor_000,3937,2014-03-29 01:12:00,,,,3
3941__event_anchor_000,3941,2014-03-30 04:12:00,2014-04-02 13:18:00,7994.0,M6.5,3
3941__event_anchor_001,3941,2014-04-02 17:12:00,,,,3
3942__event_anchor_000,3942,2014-03-30 08:24:00,,,,3
3946__event_anchor_000,3946,2014-03-30 18:12:00,,,,3
3953__event_anchor_000,3953,2014-03-31 13:24:00,,,,3
3956__event_anchor_000,3956,2014-04-01 08:12:00,,,,3
3957__event_anchor_000,3957,2014-04-01 10:24:00,,,,3
3959__event_anchor_000,3959,2014-04-01 20:36:00,,,,3
3961__event_anchor_000,3961,2014-04-02 19:24:00,,,,3
3964__event_anchor_000,3964,2014-04-03 05:24:00,,,,3
3965__event_anchor_000,3965,2014-04-03 08:24:00,,,,3
3967__event_anchor_000,3967,2014-04-03 10:24:00,,,,3
3970__event_anchor_000,3970,2014-04-03 17:24:00,,,,3
3971__event_anchor_000,3971,2014-04-04 12:00:00,,,,3
3973__event_anchor_000,3973,2014-04-04 23:12:00,,,,3
3974__event_anchor_000,3974,2014-04-04 23:24:00,,,,3
3978__event_anchor_000,3978,2014-04-05 12:00:00,,,,3
3980__event_anchor_000,3980,2014-04-06 07:24:00,,,,3
3981__event_anchor_000,3981,2014-04-06 23:24:00,,,,3
3982__event_anchor_000,3982,2014-04-07 01:24:00,,,,3
3984__event_anchor_000,3984,2014-04-07 08:24:00,,,,3
3985__event_anchor_000,3985,2014-04-07 11:12:00,,,,3
3986__event_anchor_000,3986,2014-04-07 12:24:00,,,,3
3987__event_anchor_000,3987,2014-04-07 22:00:00,,,,3
3990__event_anchor_000,3990,2014-04-08 19:00:00,,,,3
3991__event_anchor_000,3991,2014-04-08 19:24:00,,,,3
3994__event_anchor_000,3994,2014-04-09 05:00:00,,,,3
3996__event_anchor_000,3996,2014-04-10 01:48:00,,,,3
3999__event_anchor_000,3999,2014-04-10 22:36:00,2014-04-18 12:31:00,8111.0,M7.3,3
3999__event_anchor_001,3999,2014-04-18 16:24:00,,,,3
4000__event_anchor_000,4000,2014-04-11 02:48:00,2014-04-16 19:54:00,8100.0,M1.0,3
4000__event_anchor_001,4000,2014-04-16 23:48:00,2014-04-25 00:17:00,8165.0,X1.3,3
4000__event_anchor_002,4000,2014-04-25 04:12:00,,,,3
4002__event_anchor_000,4002,2014-04-11 18:00:00,,,,3
4011__event_anchor_000,4011,2014-04-13 10:12:00,,,,3
4014__event_anchor_000,4014,2014-04-13 20:24:00,,,,3
4017__event_anchor_000,4017,2014-04-14 01:36:00,,,,3
4020__event_anchor_000,4020,2014-04-14 20:12:00,,,,3
4022__event_anchor_000,4022,2014-04-15 18:36:00,,,,3
4023__event_anchor_000,4023,2014-04-15 19:12:00,,,,3
4025__event_anchor_000,4025,2014-04-15 21:24:00,,,,3
4032__event_anchor_000,4032,2014-04-16 13:48:00,,,,3
4033__event_anchor_000,4033,2014-04-16 19:24:00,,,,3
4034__event_anchor_000,4034,2014-04-16 19:36:00,,,,3
4036__event_anchor_000,4036,2014-04-17 08:00:00,,,,3
4038__event_anchor_000,4038,2014-04-17 14:48:00,,,,3
4040__event_anchor_000,4040,2014-04-18 06:36:00,,,,3
4041__event_anchor_000,4041,2014-04-19 01:24:00,,,,3
4042__event_anchor_000,4042,2014-04-19 01:24:00,,,,3
4043__event_anchor_000,4043,2014-04-19 06:36:00,,,,3
4047__event_anchor_000,4047,2014-04-20 00:48:00,,,,3
4050__event_anchor_000,4050,2014-04-20 13:48:00,,,,3
4051__event_anchor_000,4051,2014-04-20 19:24:00,,,,3
4052__event_anchor_000,4052,2014-04-21 05:24:00,,,,3
4053__event_anchor_000,4053,2014-04-22 09:24:00,,,,3
4057__event_anchor_000,4057,2014-04-23 04:00:00,,,,3
4058__event_anchor_000,4058,2014-04-23 08:36:00,,,,3
4060__event_anchor_000,4060,2014-04-23 16:12:00,,,,3
4061__event_anchor_000,4061,2014-04-24 02:12:00,,,,3
4064__event_anchor_000,4064,2014-04-24 19:36:00,,,,3
4065__event_anchor_000,4065,2014-04-24 20:24:00,,,,3
4066__event_anchor_000,4066,2014-04-24 22:12:00,,,,3
4067__event_anchor_000,4067,2014-04-25 11:48:00,,,,3
4068__event_anchor_000,4068,2014-04-25 16:48:00,,,,3
4069__event_anchor_000,4069,2014-04-25 18:48:00,,,,3
4070__event_anchor_000,4070,2014-04-25 21:00:00,,,,3
4071__event_anchor_000,4071,2014-04-26 04:48:00,2014-05-06 08:41:00,8226.0,M1.8,3
4071__event_anchor_001,4071,2014-05-06 12:36:00,2014-05-06 22:01:00,8229.0,M1.0,3
4071__event_anchor_002,4071,2014-05-07 02:00:00,,,,3
4073__event_anchor_000,4073,2014-04-26 23:24:00,,,,3
4074__event_anchor_000,4074,2014-04-27 06:12:00,,,,3
4075__event_anchor_000,4075,2014-04-27 06:24:00,,,,3
4076__event_anchor_000,4076,2014-04-27 09:48:00,,,,3
4077__event_anchor_000,4077,2014-04-27 14:24:00,,,,3
4080__event_anchor_000,4080,2014-04-27 21:00:00,,,,3
4082__event_anchor_000,4082,2014-04-28 07:36:00,,,,3
4083__event_anchor_000,4083,2014-04-28 09:00:00,,,,3
4084__event_anchor_000,4084,2014-04-28 17:12:00,,,,3
4086__event_anchor_000,4086,2014-05-01 07:24:00,,,,3
4087__event_anchor_000,4087,2014-05-01 14:12:00,,,,3
4088__event_anchor_000,4088,2014-05-02 01:00:00,,,,3
4090__event_anchor_000,4090,2014-05-02 10:36:00,,,,3
4092__event_anchor_000,4092,2014-05-03 09:12:00,,,,3
4093__event_anchor_000,4093,2014-05-03 11:00:00,,,,3
4094__event_anchor_000,4094,2014-05-03 16:24:00,,,,3
4095__event_anchor_000,4095,2014-05-04 10:24:00,,,,3
4097__event_anchor_000,4097,2014-05-04 17:12:00,2014-05-07 16:07:00,8233.0,M1.2,3
4097__event_anchor_001,4097,2014-05-07 20:00:00,2014-05-08 09:59:00,8236.0,M5.2,3
4097__event_anchor_002,4097,2014-05-08 13:48:00,,,,3
4101__event_anchor_000,4101,2014-05-05 13:24:00,,,,3
4102__event_anchor_000,4102,2014-05-05 15:24:00,,,,3
4105__event_anchor_000,4105,2014-05-05 16:24:00,,,,3
4108__event_anchor_000,4108,2014-05-06 16:48:00,,,,3
4109__event_anchor_000,4109,2014-05-07 03:48:00,,,,3
4111__event_anchor_000,4111,2014-05-07 17:36:00,,,,3
4114__event_anchor_000,4114,2014-05-08 11:48:00,,,,3
4116__event_anchor_000,4116,2014-05-08 15:36:00,,,,3
4118__event_anchor_000,4118,2014-05-09 10:48:00,,,,3
4123__event_anchor_000,4123,2014-05-10 19:00:00,,,,3
4124__event_anchor_000,4124,2014-05-10 21:24:00,,,,3
4127__event_anchor_000,4127,2014-05-11 06:36:00,,,,3
4128__event_anchor_000,4128,2014-05-11 21:12:00,,,,3
4129__event_anchor_000,4129,2014-05-12 05:24:00,,,,3
4131__event_anchor_000,4131,2014-05-13 10:00:00,,,,3
4132__event_anchor_000,4132,2014-05-13 16:48:00,,,,3
4133__event_anchor_000,4133,2014-05-13 18:00:00,,,,3
4134__event_anchor_000,4134,2014-05-13 21:12:00,,,,3
4135__event_anchor_000,4135,2014-05-14 02:36:00,,,,3
4136__event_anchor_000,4136,2014-05-14 04:12:00,,,,3
4138__event_anchor_000,4138,2014-05-14 17:24:00,2014-05-24 18:26:00,8320.0,M1.3,3
4138__event_anchor_001,4138,2014-05-24 22:24:00,,,,3
4143__event_anchor_000,4143,2014-05-16 13:24:00,,,,3
4147__event_anchor_000,4147,2014-05-17 00:48:00,,,,3
4148__event_anchor_000,4148,2014-05-17 01:00:00,,,,3
4150__event_anchor_000,4150,2014-05-18 04:24:00,,,,3
4151__event_anchor_000,4151,2014-05-18 10:24:00,,,,3
4152__event_anchor_000,4152,2014-05-18 19:36:00,,,,3
4153__event_anchor_000,4153,2014-05-18 23:00:00,,,,3
4154__event_anchor_000,4154,2014-05-18 23:24:00,,,,3
4155__event_anchor_000,4155,2014-05-19 01:36:00,,,,3
4156__event_anchor_000,4156,2014-05-19 16:36:00,,,,3
4159__event_anchor_000,4159,2014-05-20 15:24:00,,,,3
4160__event_anchor_000,4160,2014-05-21 04:00:00,,,,3
4161__event_anchor_000,4161,2014-05-22 16:48:00,,,,3
4163__event_anchor_000,4163,2014-05-22 21:00:00,,,,3
4164__event_anchor_000,4164,2014-05-23 05:12:00,,,,3
4166__event_anchor_000,4166,2014-05-23 14:00:00,,,,3
4167__event_anchor_000,4167,2014-05-23 23:12:00,,,,3
4169__event_anchor_000,4169,2014-05-25 22:12:00,,,,3
4173__event_anchor_000,4173,2014-05-26 09:24:00,,,,3
4174__event_anchor_000,4174,2014-05-26 15:24:00,,,,3
4177__event_anchor_000,4177,2014-05-27 16:12:00,,,,3
4178__event_anchor_000,4178,2014-05-28 08:48:00,,,,3
4179__event_anchor_000,4179,2014-05-28 18:36:00,,,,3
4180__event_anchor_000,4180,2014-05-28 20:36:00,,,,3
4181__event_anchor_000,4181,2014-05-29 06:36:00,,,,3
4182__event_anchor_000,4182,2014-05-29 07:12:00,,,,3
4183__event_anchor_000,4183,2014-05-29 10:48:00,,,,3
4184__event_anchor_000,4184,2014-05-29 11:36:00,,,,3
4185__event_anchor_000,4185,2014-05-29 14:12:00,,,,3
4186__event_anchor_000,4186,2014-05-30 04:12:00,2014-06-03 03:58:00,8353.0,M1.3,3
4186__event_anchor_001,4186,2014-06-03 07:48:00,,,,3
4187__event_anchor_000,4187,2014-05-30 12:12:00,,,,3
4188__event_anchor_000,4188,2014-05-30 22:36:00,,,,3
4189__event_anchor_000,4189,2014-05-31 04:00:00,,,,3
4190__event_anchor_000,4190,2014-05-31 15:24:00,,,,3
4192__event_anchor_000,4192,2014-05-31 19:48:00,,,,3
4194__event_anchor_000,4194,2014-06-01 13:00:00,,,,3
4195__event_anchor_000,4195,2014-06-01 00:36:00,,,,3
4196__event_anchor_000,4196,2014-06-02 01:24:00,,,,3
4197__event_anchor_000,4197,2014-06-02 03:12:00,2014-06-06 19:26:00,8370.0,M1.4,3
4197__event_anchor_001,4197,2014-06-06 23:24:00,2014-06-11 05:30:00,8399.0,M1.8,3
4197__event_anchor_002,4197,2014-06-11 09:24:00,2014-06-12 09:23:00,8415.0,M1.8,3
4197__event_anchor_003,4197,2014-06-12 13:12:00,2014-06-12 21:34:00,8424.0,M3.1,3
4197__event_anchor_004,4197,2014-06-13 01:24:00,2014-06-15 11:10:00,8445.0,M1.1,3
4197__event_anchor_005,4197,2014-06-15 15:00:00,,,,3
